video_id,query,title,comment_id,comment_text,published_at
WlHQEDmKOfg,depression,Still in depression. #short  #shorts  #shortvideo  #depression  #fyp,UgyMSvJU_cvd-oIcB6x4AaABAg,https://www.p57010.xyz/m/register?affiliateCode=mktpromo,2026-03-06T01:49:42Z
yi8LlZJhrmc,depression,New Trending Short Video #purulia_status #alone #brokenheart #darkthoughts #depression #breakup,Ugy8cHZF9yNqShjtjT54AaABAg,😮😮,2026-03-06T01:48:28Z
TcmyE1GT63E,depression,The 1669 Cure for Depression? 🍯🏴‍☠️,Ugz3FhBf_kTbP5RmR1d4AaABAg,"Not sad anymore cuz your drunk, hippies",2026-03-06T01:44:18Z
TcmyE1GT63E,depression,The 1669 Cure for Depression? 🍯🏴‍☠️,Ugyqu_9fURq5fMa9mmp4AaABAg,pour that into 3 to 4 parts whiskey  1 part if your not much of a drinker,2026-03-06T01:37:15Z
TcmyE1GT63E,depression,The 1669 Cure for Depression? 🍯🏴‍☠️,UgwJ5hfbFm82H1hCECJ4AaABAg,Sounds like a good drink but that isn't about to cure anything I got lol,2026-03-06T00:50:16Z
uM5I3_zl9bM,depression,Dark Night of the Soul vs Depression ~ Spirit Man Comes in to Chat! Psychic Mediumship Soul Plans✨,UgwTCf3BuRYtXQusdW54AaABAg,Thank you❣️. I need to move forward or I will be in the same space next month ❤,2026-03-06T01:40:53Z
uM5I3_zl9bM,depression,Dark Night of the Soul vs Depression ~ Spirit Man Comes in to Chat! Psychic Mediumship Soul Plans✨,UgyOYh-Blyu03Tjy1mN4AaABAg,"Thank you Nicky, I love  everything you share with us. Your honesty and humour is why I joined the tribe. Keep keeping it real, take your time and heal xxx",2026-03-06T01:36:50Z
uM5I3_zl9bM,depression,Dark Night of the Soul vs Depression ~ Spirit Man Comes in to Chat! Psychic Mediumship Soul Plans✨,Ugwau-y48RqWZNcbZWR4AaABAg,"I hear you...indeed the 3d can be pretty overwhelming at times!
And you have been through such heartbreaking times. My heart goes out to all and anybody navigating difficult times....my mantra lately is all is well and all will be well in all manner of things 🙏 ❤🎉
Go well good people 
Tara x",2026-03-06T01:35:20Z
uM5I3_zl9bM,depression,Dark Night of the Soul vs Depression ~ Spirit Man Comes in to Chat! Psychic Mediumship Soul Plans✨,UgyAF9-c6MWN0zAnKPl4AaABAg,Take comfort that you're at peace in the cup of God's hands. Love you.❤,2026-03-06T01:29:14Z
uM5I3_zl9bM,depression,Dark Night of the Soul vs Depression ~ Spirit Man Comes in to Chat! Psychic Mediumship Soul Plans✨,Ugw99uCH1pKBRrJpHj14AaABAg,Nick from The House of Prayer for All People sends you LOVE and BLESSINGS,2026-03-06T01:28:32Z
uM5I3_zl9bM,depression,Dark Night of the Soul vs Depression ~ Spirit Man Comes in to Chat! Psychic Mediumship Soul Plans✨,UgyYmK8jReTB5Qh935J4AaABAg,"Wow, saw the spirit person really clearly! ❤",2026-03-06T01:24:57Z
uM5I3_zl9bM,depression,Dark Night of the Soul vs Depression ~ Spirit Man Comes in to Chat! Psychic Mediumship Soul Plans✨,UgzaWHPp4vqxjUCQAmR4AaABAg,Evenin Nicky. These are the times to makes changes. It feels like the energies are giving us all the opportunitiy and the excuse to move. We are in the planning stages and it feels so exciting and strangely solid in our decision to move.  The nice part is that i can take you wherever i go!  Take good care of yourself. Amd allow your friends to help you along this new journey. It will be truly wonderful. Many Blessings!,2026-03-06T01:14:11Z
uM5I3_zl9bM,depression,Dark Night of the Soul vs Depression ~ Spirit Man Comes in to Chat! Psychic Mediumship Soul Plans✨,UgzhvRy2wYWqiPWR6Np4AaABAg,"Nicky, thank you for sharing the way you do. I find it comforting - it's like sitting down with a friend (who understands) 🥰",2026-03-06T01:09:11Z
uM5I3_zl9bM,depression,Dark Night of the Soul vs Depression ~ Spirit Man Comes in to Chat! Psychic Mediumship Soul Plans✨,UgxUCWAYIxglgnrLCOl4AaABAg,"Thank you Nicky for “just push the button”. Lovin our PJ Slumber party happening globally. Wishing you health, strength to keep on taking each day as it comes. Love your messages of encouragement…guessing we’re all just bada$$ chicky poos ticking the life path check list. Snakes and ladders. Bless you Nicky. 😘💜J&her B❄️🌊🐾",2026-03-06T01:04:44Z
uM5I3_zl9bM,depression,Dark Night of the Soul vs Depression ~ Spirit Man Comes in to Chat! Psychic Mediumship Soul Plans✨,UgxqSYj47OKFO8hzVc14AaABAg,"Thank you Nicky for all you do to help us through these highly testing times and I send you a big hug 💗💗💗,",2026-03-06T00:56:31Z
uM5I3_zl9bM,depression,Dark Night of the Soul vs Depression ~ Spirit Man Comes in to Chat! Psychic Mediumship Soul Plans✨,Ugx0nOJ7bEVuRKC8j3p4AaABAg,"Yes, you are rambling, all the best people do darling!😂 I just love, love, love that you are so natural and grounded. The pictures you shared of you and Darren - I felt really overwhelmed and sad for you,  but then - Darren said about you farting! Honestly, it was such an easy moment between you. Anyone watching couldn’t help but see the amazing connection you guys had/have still❤ Happy Birthday Darren 🎉",2026-03-06T00:50:34Z
uM5I3_zl9bM,depression,Dark Night of the Soul vs Depression ~ Spirit Man Comes in to Chat! Psychic Mediumship Soul Plans✨,UgyH2tiYRMlzI1IujpF4AaABAg,Thank you❤❤❤,2026-03-06T00:47:16Z
uM5I3_zl9bM,depression,Dark Night of the Soul vs Depression ~ Spirit Man Comes in to Chat! Psychic Mediumship Soul Plans✨,UgynjnAMAJJBjP_e_tB4AaABAg,Thank you ❤ So helpful.,2026-03-06T00:43:57Z
uM5I3_zl9bM,depression,Dark Night of the Soul vs Depression ~ Spirit Man Comes in to Chat! Psychic Mediumship Soul Plans✨,Ugx2lNXKfdYv9qAF2jh4AaABAg,You are not rambling and I love listening to your videos.  Well done with everything Nicky.  I'm so happy for you and wish you all the very best with your move ❤,2026-03-06T00:26:30Z
uM5I3_zl9bM,depression,Dark Night of the Soul vs Depression ~ Spirit Man Comes in to Chat! Psychic Mediumship Soul Plans✨,UgzKBPa7II7ZYHO6Und4AaABAg,"Monkey 🐒 Mind, - lol, - I haven't heard of that before   ☺️",2026-03-06T00:25:58Z
uM5I3_zl9bM,depression,Dark Night of the Soul vs Depression ~ Spirit Man Comes in to Chat! Psychic Mediumship Soul Plans✨,UgzTL71dASi4qVEBBTp4AaABAg,Love you Nicky!! Thanks so much!!! ❤️,2026-03-06T00:21:01Z
uM5I3_zl9bM,depression,Dark Night of the Soul vs Depression ~ Spirit Man Comes in to Chat! Psychic Mediumship Soul Plans✨,UgzMmnpDkeNcBE8fQLh4AaABAg,Thanks Nicky.  This was just what I needed to hear for so many reasons ❤❤❤,2026-03-06T00:20:01Z
uM5I3_zl9bM,depression,Dark Night of the Soul vs Depression ~ Spirit Man Comes in to Chat! Psychic Mediumship Soul Plans✨,UgwQRFIC3VIaVeJF0zN4AaABAg,"I love interpreting Dreams. Iv been a Dreamer all my life, & they are Sooo spot on about how u describe.... even had premonitions if u have same dream more than once... You'll be totally Fine Nicky 🙂 👍",2026-03-05T23:50:02Z
uM5I3_zl9bM,depression,Dark Night of the Soul vs Depression ~ Spirit Man Comes in to Chat! Psychic Mediumship Soul Plans✨,UgzyTrMZXD4IyYXfD5N4AaABAg,"Nicki as you’re explaining your Native American lifetime I also have had one as young Indian girl too, the medium I saw told me I miss riding my horse and going down to the creek. And I heard she’s family (meaning you) and I then got a full body chill  that’s why I am so drawn to your messages just had to tell you🌄 🪶🩵",2026-03-05T23:43:17Z
uM5I3_zl9bM,depression,Dark Night of the Soul vs Depression ~ Spirit Man Comes in to Chat! Psychic Mediumship Soul Plans✨,UgwcRCt3EbBb5kEadc14AaABAg,"We think of our crossed over ones as far away. Nope. I've got a few of these small tap lamps around my living room. Normally I  tap them on the yellow warm light. When I last saw my mom in June last year (she lived at the coast I live inland), it was such an emotionally bonding time between me and my mom. On one occasion I told my mom you know how when a baby is born doctor has to snip the umbilical cord, it would be a bit awkward otherwise. I said well there's another cord, one you can't see, but God created it and runs straight from my soul to yours and nothing can break it. When I got home I hung up a painting from my grandfather's home I've always loved. I remembered I had one of my dad's favourite jerseys (he crossed over when I was 6. He crossed over on Father's Day which to me is a sign he was ready to leave this world). I washed that jersey, bought a great big teddy bear, who now wears my dad's jersey and is sat in a comfy chair looking at that painting that was part of his childhood too. I had two of these touch lamps on a shelf behind him, they're a sort of mushroom shape. Ever since they I put the teddy with his jersey on, these touch lamps would turn on randomly at about 2am. One morning just as I was about to leave for work, I tapped them off and asked out loud dad is it you playing with these lamps at 2am!? Ping the one on the right turned on. I moved them. One is in the kitchen unplugged, the other on a small round table. It randomly changes from the yellow light to the white light setting. The other evening it went off so I said out aloud OK, you turned it off, can you turn it back on. Ping it turned on. I've another two in the corner next to my small sofa. I woke up around midnight as if I'd had a solid 8 hours sleep, one of the ones in the corner turned to the white light setting from the yellow. Just now the one mushroom one went off, I said out loud, OK can you turn it back on please. I carried on watching your video and randomly turned, it was on again. The two in the corner, the one randomly went to white light. After the mushroom shape one turned back on I asked aloud, OK, now I asked aloud OK, now I don't know if it's you Poppy (her nickname and she crossed over on 2 January this year) or dad or both of you. Ping it turned immediately to the white light... A few nights after my mom crossed over, I turned my dvd off. I know it was off cause one of my doggies chewed the remote up so you physically have to  push a button to turn it off. I turned the TV off and as I turned to switch off another ordinary lamp the dvd player turned itself back on...",2026-03-05T23:42:48Z
uM5I3_zl9bM,depression,Dark Night of the Soul vs Depression ~ Spirit Man Comes in to Chat! Psychic Mediumship Soul Plans✨,Ugyuy-plDscFop3b7d94AaABAg,"Hi Nicky... I just discovered you and love you! I became an immediate subscriber!❤
     I'm curious if you've  been asked yet to help in the 84 year old NANCY GUTHRIE kidnapping case? It's been headline news In the USA.  She was taken from her home in the middle of the night a month ago.  Her daughter is a very influential person. It is such a mystery.",2026-03-05T23:26:10Z
uM5I3_zl9bM,depression,Dark Night of the Soul vs Depression ~ Spirit Man Comes in to Chat! Psychic Mediumship Soul Plans✨,UgwIt5OvJWC458DGxwR4AaABAg,I've been so anxious and worried about my new job its horrible I feel completely out of sorts stomach is in knots,2026-03-05T23:05:16Z
uM5I3_zl9bM,depression,Dark Night of the Soul vs Depression ~ Spirit Man Comes in to Chat! Psychic Mediumship Soul Plans✨,UgzsbiO8mxQrOeXyR3l4AaABAg,"Bless you Nicky I needed to hear this, thank you so very much for your time & energy. I pick number 3 with your reading. Love & Light 🙏🏽",2026-03-05T22:30:25Z
uM5I3_zl9bM,depression,Dark Night of the Soul vs Depression ~ Spirit Man Comes in to Chat! Psychic Mediumship Soul Plans✨,Ugx7S6I852jGbUKsQnd4AaABAg,"I was meant to see this today , only last night i dreamt of a black dog it kept trying to  cover my mouth every-time i pushed it away it would try and get near my mouth ? Ive had a horrible feeling all day even thought the dog wasn’t vicious  more playful,  i was a bit afraid to google it i just did it made so much sense with what I’m going through!  I don’t normally remember my dreams but this one has stuck with me today, all the best with your move Nicky  may it bring you happiness and peace ❤️",2026-03-05T22:30:17Z
uM5I3_zl9bM,depression,Dark Night of the Soul vs Depression ~ Spirit Man Comes in to Chat! Psychic Mediumship Soul Plans✨,UgxpATEBU1Cpy0iyk-l4AaABAg,Im homless. Truckless.and living in a tent ... wat the heck universe😂❤,2026-03-05T22:25:08Z
uM5I3_zl9bM,depression,Dark Night of the Soul vs Depression ~ Spirit Man Comes in to Chat! Psychic Mediumship Soul Plans✨,UgyMCt8Lm6AkA2t3xiZ4AaABAg,Thanks Nicky for all your advice. I have been feeling quite down for the last couple of days which isn't normal for me but your words have cheered me up and I am now feeling a lot better. Sending you lots of love ❤xx,2026-03-05T22:24:36Z
uM5I3_zl9bM,depression,Dark Night of the Soul vs Depression ~ Spirit Man Comes in to Chat! Psychic Mediumship Soul Plans✨,Ugy6phDC_Gb1-GVp7TR4AaABAg,"I am sure I seen  the shadow Nicky and  was  he moved too was very distinct  I also hear the noises , love to you and Thank you so much for being real and sharing with us , prayers for the move  I am excited for you  dear in your new  chapter .💖💖💖💖 I belive in Sadi Arabia there was a bombing ,A friend  asked me to say prayers for her friend who lives there she is worried  because she has not heard from her she usually  gets back in 24 hrs and there has been no communication for days . oh yes and happy Birthday Darren in Heaven much loved.",2026-03-05T22:15:42Z
uM5I3_zl9bM,depression,Dark Night of the Soul vs Depression ~ Spirit Man Comes in to Chat! Psychic Mediumship Soul Plans✨,Ugw-8CdKMIE1uudplfJ4AaABAg,"This is sooo well timed! I'm an Aquarius, loved the video and #3 was right on! About a week ago, I took an emotional turn for the worse, crying everyday, just feeling like the weakest link. I was having terrible left lower back, hip and leg pain. I was irritated and annoyed, having bursts of anger. Today is the first day I've been able to get back on the horse... The birds are singing I just noticed:)",2026-03-05T22:13:29Z
uM5I3_zl9bM,depression,Dark Night of the Soul vs Depression ~ Spirit Man Comes in to Chat! Psychic Mediumship Soul Plans✨,UgzrU2H6pGB4poErPWB4AaABAg,"Nicky did you have a lamp on that was changing colour during  this video ? 
All I could see flashing around you was the most beautiful green and purple !!! 💜💚",2026-03-05T22:11:00Z
uM5I3_zl9bM,depression,Dark Night of the Soul vs Depression ~ Spirit Man Comes in to Chat! Psychic Mediumship Soul Plans✨,UgwddNXXhf6d889-pyF4AaABAg,"I loved this video!
It spoke to me and was a confirmation to what I have been doing. 
The magical is my jam. It’s such a beautiful place to be in. 
I live and move and have my being in the Infinite creator.
Nicky you are such a gift to us all.",2026-03-05T22:08:38Z
uM5I3_zl9bM,depression,Dark Night of the Soul vs Depression ~ Spirit Man Comes in to Chat! Psychic Mediumship Soul Plans✨,Ugw7wM3xSmVFHkQefRR4AaABAg,"Dearest Nicky,

You always pop up when it is crucial even though you are going through hard times. 
You really are one of the few real persons out there. 

As many of us, had to close a chapter: my store, tied to my abusive ex-partner and more… the packing was horrendous and with chronic tension headaches that came back. And now, obviously pulling the world card all the time. A cycle ended.
Crying my heart out with crystals near me and massaging myself. 
Listening to your podcast the dark night of the soul for the 100000000th time.

All that to say: thank you. What you say is real. Even in the depths - especially in the depth, we gotta keep reaching within, at-one-ment… atonement.

Thank you for taking the time - it was right on time and you were part of my gratitude list tonight. As many.

Sending you all the love in the world. Angels are damn real. Just gotta open up.

🥺🫂💗 p.s. I see so many 0808 88 and always now thinking of Darren. 💙🪽",2026-03-05T22:08:07Z
uM5I3_zl9bM,depression,Dark Night of the Soul vs Depression ~ Spirit Man Comes in to Chat! Psychic Mediumship Soul Plans✨,UgwYSEslIoV9QpTWW-54AaABAg,💜,2026-03-05T22:04:14Z
uM5I3_zl9bM,depression,Dark Night of the Soul vs Depression ~ Spirit Man Comes in to Chat! Psychic Mediumship Soul Plans✨,UgwlxQ-lWpazwigeMLB4AaABAg,Thank you so much for coming on to tonight! I needed this. ❤❤❤❤🎉🎉🎉🎉,2026-03-05T22:03:07Z
uM5I3_zl9bM,depression,Dark Night of the Soul vs Depression ~ Spirit Man Comes in to Chat! Psychic Mediumship Soul Plans✨,UgzP7QvNWuj_g7VALHp4AaABAg,Thank you 😊 ❤xxx,2026-03-05T21:58:38Z
uM5I3_zl9bM,depression,Dark Night of the Soul vs Depression ~ Spirit Man Comes in to Chat! Psychic Mediumship Soul Plans✨,UgwoB71MquRYPAVWvr94AaABAg,"Thank you so much Nicky for sharing so much with us - so much love to you ♥️🦋♥️🦋This really helps in so many ways - strength, love, compassion, guidance, laughter, and just keeping it real. Many blessings to you love Lesley",2026-03-05T21:52:57Z
uM5I3_zl9bM,depression,Dark Night of the Soul vs Depression ~ Spirit Man Comes in to Chat! Psychic Mediumship Soul Plans✨,UgzDIZ6iY5mRU5l-qMt4AaABAg,When my 2nd brother passed 6 months after I found my oldest brother. Mom and I were on a call with my cousins and got invited immediately to sell everything and relocate with them. My cousins came and helped take care of everything. We left 2 months later. 2 weeks after that there was a huge fire surrounding the area  that shut everything down. It was divine intervention for sure. I have an aqua Lava lamp minus the lava and has sequins instead.  In the dark it looks like being underwater in the pool so surreal.,2026-03-05T21:49:10Z
uM5I3_zl9bM,depression,Dark Night of the Soul vs Depression ~ Spirit Man Comes in to Chat! Psychic Mediumship Soul Plans✨,UgzaytIZuh_Z8X5g1mV4AaABAg,God bless you my dear  beautiful soul... Nicky ⚘️💕,2026-03-05T21:45:16Z
uM5I3_zl9bM,depression,Dark Night of the Soul vs Depression ~ Spirit Man Comes in to Chat! Psychic Mediumship Soul Plans✨,UgyFWIEbfCYb3njwZ9R4AaABAg,"Thankyou nicky diffently needed to hear this right now. Stay strong nicky we are all sending you strength, healing prayers and love and light ❤🙏🙌✨️🪽😘",2026-03-05T21:42:00Z
uM5I3_zl9bM,depression,Dark Night of the Soul vs Depression ~ Spirit Man Comes in to Chat! Psychic Mediumship Soul Plans✨,UgyyYJ4PpeJfk_HI73h4AaABAg,Thank you Nicky xx,2026-03-05T21:37:46Z
uM5I3_zl9bM,depression,Dark Night of the Soul vs Depression ~ Spirit Man Comes in to Chat! Psychic Mediumship Soul Plans✨,UgzhsM8AV15USmPxAPx4AaABAg,"Love your general chat videos Nicky.  I even sit there replying like we're having a chinwag over a coffee and biscuits. 😅😂😂 
You do look drained from it all, and i get that, bloody paperwork does my nut too. And what's worse is they want to talk to you direct so nobody can do it for uou either. 🤔😤 if you write a letter they stick it on a pile and no bugger deals with it until you phone up and complain.  
Anyway ranting over 😂😂😂 
Honestly if you need any help give me a shout I'm great with a paint brush and a drill. So any last minute repair jobs I'm you gal. Happy to travel for a mate. 
You take care beautiful,  and see you soon.  🦋💙🗡💝💖💗🩷",2026-03-05T21:37:15Z
uM5I3_zl9bM,depression,Dark Night of the Soul vs Depression ~ Spirit Man Comes in to Chat! Psychic Mediumship Soul Plans✨,UgwT9c0CqC9J4LEco254AaABAg,Thank you so much for sharing 🌸🦋,2026-03-05T21:28:17Z
uM5I3_zl9bM,depression,Dark Night of the Soul vs Depression ~ Spirit Man Comes in to Chat! Psychic Mediumship Soul Plans✨,UgzD602qPEzdkkB3Vap4AaABAg,❤❤❤❤❤❤,2026-03-05T21:25:49Z
uM5I3_zl9bM,depression,Dark Night of the Soul vs Depression ~ Spirit Man Comes in to Chat! Psychic Mediumship Soul Plans✨,Ugy83ZL0Mt4oEml4Kwp4AaABAg,"Thank you for this video. I thought your bee cushion was the fish Nemo from Finding Nemo. Like, literally...it was Nemo with you xxxx.",2026-03-05T21:24:53Z
uM5I3_zl9bM,depression,Dark Night of the Soul vs Depression ~ Spirit Man Comes in to Chat! Psychic Mediumship Soul Plans✨,UgylZSq-LJpAMJzoylx4AaABAg,"I could listen to you all day, Nicky. I'm just incredibly grateful for you and all that you do for us all. Thank you 😊 🙏🏻✨️🩷",2026-03-05T21:14:56Z
uM5I3_zl9bM,depression,Dark Night of the Soul vs Depression ~ Spirit Man Comes in to Chat! Psychic Mediumship Soul Plans✨,Ugzh8RRjjQDR-iKpvil4AaABAg,"I SAW IT MOVING IN AND OUT , NEAR THE DOOR THEN MOVED BACK",2026-03-05T21:12:53Z
uM5I3_zl9bM,depression,Dark Night of the Soul vs Depression ~ Spirit Man Comes in to Chat! Psychic Mediumship Soul Plans✨,UgwL2uojUHJwOnHWpet4AaABAg,aww bless you nicky that was a lovely good chat and seeing you all chilled and relaxed with your fur baby is so lovely 😊 I will look forward to listening to you next time. Good night and god bless you always ❤❤,2026-03-05T21:08:51Z
uM5I3_zl9bM,depression,Dark Night of the Soul vs Depression ~ Spirit Man Comes in to Chat! Psychic Mediumship Soul Plans✨,UgynAHOVXjesEyUOiox4AaABAg,Very comforting  now just to put it all into action ❤❤❤❤,2026-03-05T20:59:24Z
uM5I3_zl9bM,depression,Dark Night of the Soul vs Depression ~ Spirit Man Comes in to Chat! Psychic Mediumship Soul Plans✨,UgyCLxABk3_IgACXg1l4AaABAg,"Hope this young man who came through to you Nicky, gets through to the family he needs to contact. God bless his soul, to take himself over, poor wee pet, I felt that way myself sometimes. I just needed to hear your message, with all that is happening presently in my life. Thank you for taking the time and precious energy to share with us all.!!!!😊",2026-03-05T20:58:32Z
uM5I3_zl9bM,depression,Dark Night of the Soul vs Depression ~ Spirit Man Comes in to Chat! Psychic Mediumship Soul Plans✨,Ugw2O3sXS7yHHbe-0lF4AaABAg,"Hi nicky thank you sweetheart, I've tried 4 times to go home but they are telling me it's not your time yet Mark, so I've decided to stick it out 🤔🙏💜🌹",2026-03-05T20:57:31Z
uM5I3_zl9bM,depression,Dark Night of the Soul vs Depression ~ Spirit Man Comes in to Chat! Psychic Mediumship Soul Plans✨,UgwRWZNTCSKTarXuLkl4AaABAg,The book . How to interpret your dreams by Michael Sheridan is really good ❤,2026-03-05T20:48:19Z
uM5I3_zl9bM,depression,Dark Night of the Soul vs Depression ~ Spirit Man Comes in to Chat! Psychic Mediumship Soul Plans✨,UgxXYSOzRzREv7kZMtd4AaABAg,Definitely saw white towards the right of the door going in and out sort of pulsating ❤,2026-03-05T20:42:31Z
uM5I3_zl9bM,depression,Dark Night of the Soul vs Depression ~ Spirit Man Comes in to Chat! Psychic Mediumship Soul Plans✨,UgwCT9a6rHvXTrUVtSp4AaABAg,"Thanks for a wonderful video. One question: HOW DO YOU SURRENDER?
I have been in a situation for the last 20-25 years that I have almost no control over, I feel I surrender every day, but there is no soulution, it just keep on hitting me harder and harder!
So, how do I surrender?",2026-03-05T20:39:08Z
uM5I3_zl9bM,depression,Dark Night of the Soul vs Depression ~ Spirit Man Comes in to Chat! Psychic Mediumship Soul Plans✨,Ugy3GnaJgD2Mz3Zl_At4AaABAg,"Hi sweetheart, when you turned the camera, I could see a little tiny light near the floor and another one flickering in and out. Please have a look and see if you can see it or not, or I could be nuts 😂😂😂.
Look after yourself and take it easy till the big move sending you love ❤️",2026-03-05T20:38:55Z
uM5I3_zl9bM,depression,Dark Night of the Soul vs Depression ~ Spirit Man Comes in to Chat! Psychic Mediumship Soul Plans✨,UgzXSkNNA9FfWvcGU4B4AaABAg,👍🤗🐕xx,2026-03-05T20:29:19Z
uM5I3_zl9bM,depression,Dark Night of the Soul vs Depression ~ Spirit Man Comes in to Chat! Psychic Mediumship Soul Plans✨,Ugz-ek9N-gbGUtGN96Z4AaABAg,I saw a white shadow in doorway and a green orb by the fireplace ❤,2026-03-05T20:19:46Z
uM5I3_zl9bM,depression,Dark Night of the Soul vs Depression ~ Spirit Man Comes in to Chat! Psychic Mediumship Soul Plans✨,UgwqxJr6NgW1HkXj_l94AaABAg,"Hi, I dont know if its me or, have any one else noticed that. the lights on Nicky and the walls are changing very pale colours. very faint  shades of purples, blues, jade green and very pale orange? Please confirm friends",2026-03-05T19:56:58Z
uM5I3_zl9bM,depression,Dark Night of the Soul vs Depression ~ Spirit Man Comes in to Chat! Psychic Mediumship Soul Plans✨,Ugx-VTQ1E_AuV6weUuB4AaABAg,"Whole nut peanuts in the back ground"" ha ha ha ha ha.. keep it real Nikki. Walking in the light the dark try and attack as you know Nikki. ARC ANGEL MICHEAL protects us. Happy Birthday Darren dancing with the Ancestors and Angels.",2026-03-05T19:54:35Z
uM5I3_zl9bM,depression,Dark Night of the Soul vs Depression ~ Spirit Man Comes in to Chat! Psychic Mediumship Soul Plans✨,UgxPYJqPizGtzyksMEN4AaABAg,"I've can't visualize, I don't remember the name for that, and I almost never remember my dreams. I've done breathwork, meditation, crystals, walking meditations, affirmations and so much more. I have M.E/Fibromyalgia. My marriage ended last year, my income is so low I can't get housing, even income based housing I wouldn't make enough to eat and have medical care. I've lost every relationship on my healing journey. I've got nothing left, I've even tried Quantum healing. I'm at the end. I'm almost 50 and this is just a repeat and I know those things work but they haven't for me. I've prayed, meditated. I've got nothing left and I'm receiving nothing even though I KNOW they are there😭. I've even tried A.I and I've done Shadow work and all the therapies. I've read your books and parts of our stories are so so similar. I'm thankful you've come out the other side. Sending you lots of love and light from the USA.",2026-03-05T19:53:34Z
uM5I3_zl9bM,depression,Dark Night of the Soul vs Depression ~ Spirit Man Comes in to Chat! Psychic Mediumship Soul Plans✨,Ugwi5N2aHmF82_MkoTd4AaABAg,"In a dream i had the other night, part that i can remember is something or someone i couldnt see was telling me to remember im 12 of 12.
I have no idea what it means and cant remember any other parts of the dream.",2026-03-05T19:44:40Z
uM5I3_zl9bM,depression,Dark Night of the Soul vs Depression ~ Spirit Man Comes in to Chat! Psychic Mediumship Soul Plans✨,Ugy8gRoqtv8Khykr9ad4AaABAg,❤🙏🙌🥰,2026-03-05T19:32:12Z
uM5I3_zl9bM,depression,Dark Night of the Soul vs Depression ~ Spirit Man Comes in to Chat! Psychic Mediumship Soul Plans✨,Ugz92I3MKcmjGeuQsux4AaABAg,"Nicky , thank you.  Now you have confirmed from the photos I sent you, this message has been passed onto his sister and my daughter, who both loved him dearly. Julie is his mum, who has just passed. Mikey is his best friend 🧡.  Waiting on the James confirmation.  We think its his uncle who he is laughing and spending time with , the comfortable belly. This message is so so important,  and for him to know I would be watching you and I could pass it on is amazing. I didn't know him, but I just knew it was him, Greg, when you started talking. Thank you so so much ❤❤❤ this message is so important right now for his sister , and maybe his brother. ❤❤❤",2026-03-05T14:00:03Z
uM5I3_zl9bM,depression,Dark Night of the Soul vs Depression ~ Spirit Man Comes in to Chat! Psychic Mediumship Soul Plans✨,Ugwvmok-I3w-gC6T71Z4AaABAg,"This hit home for me. I've been struggling for a while. Lost my way! 
But your presence, lovelyness,  and inspiration always lifts my spirits
 "" pardon the pun"" 😅
You told me off once at one of the MBS's  😅 and I still haven't followed your advice! 
I get stuck in my own crazy making brain! 
I will try harder from now on. 
I dont help myself, and fall into the rabbit hole time and again. 
The chronic fatigue gets the better of me, because I dont manage that properly either! And so the hamster wheel keeps circling! 
I shut myself away and then drive myself insane for doing so! Its time to get off the wheel! 
Thank you so much for sharing this Nicky ❤ their will be many who resonate with this , and will uplift and inspire them. 
We are all eternally grateful for your presence. 
But we do not expect you to keep going and uploading when you are going through this time of your life. 
Stop worrying about your lack of presence. 
We are here beside you, as you are for us. 
However long that takes ❤ popping in now and again is enough. 
I wonder if the man that passed by suicide wasn't random, due to the nature of this video?? 
Take care my lovely 
❤✨️😘❤",2026-03-05T13:25:10Z
uM5I3_zl9bM,depression,Dark Night of the Soul vs Depression ~ Spirit Man Comes in to Chat! Psychic Mediumship Soul Plans✨,UgydLIKxMasbn8RwUWB4AaABAg,I wont lie but I have been struggling over the past few years. Thankyou for your advice ❤❤❤❤,2026-03-05T12:44:03Z
uM5I3_zl9bM,depression,Dark Night of the Soul vs Depression ~ Spirit Man Comes in to Chat! Psychic Mediumship Soul Plans✨,UgwlmxMwAQphL1wCEN14AaABAg,"Thank you!!!  I moved house 2 weeks ago and honestly, it nearly unalived me! It destroyed me, and I am healthy.  I was questioning if my guides even existed - i didn't feel supported at all!! I Did most of it on my own.  Looking back i can see how my vibration affected the result and events of that weekend.  Thank you for your videos of late.  They have really helped me.  I wish you all the best for your move. 🤗",2026-03-05T11:53:00Z
uM5I3_zl9bM,depression,Dark Night of the Soul vs Depression ~ Spirit Man Comes in to Chat! Psychic Mediumship Soul Plans✨,UgxposAUZiZLpVLQp0Z4AaABAg,Sending Love ❤❤❤❤❤❤,2026-03-05T07:36:34Z
uM5I3_zl9bM,depression,Dark Night of the Soul vs Depression ~ Spirit Man Comes in to Chat! Psychic Mediumship Soul Plans✨,Ugy3Y3qIS1e6t99AjXV4AaABAg,"Hi Nicky! Thank you for doing this video; I had this exact question. As far as your visitor, I could see the white shadow but I also saw some sparkles or  tiny flashes of light.  Just a few to the bottom middle of the right in the door and also the middle left of the door.",2026-03-05T02:37:20Z
uM5I3_zl9bM,depression,Dark Night of the Soul vs Depression ~ Spirit Man Comes in to Chat! Psychic Mediumship Soul Plans✨,UgyToD2cypwpl5P-U0h4AaABAg,"Loved this Nicky❤ fabulous  advice and reminders we all need to sit up and listen. Last year was tough and I'm now seeing things so much clearer and the number 444 . Also itchy feet needing to relocate and that feels closer. 
I do the speaking out loud thing and it feels right and much stronger, not just thinking it actually saying it amplifies everything .  Not at the bus stop though😂 Love the Angels help and thank you for sharing  and keeping it real ❤  lots love  beautiful  soul ❤❤❤",2026-03-05T02:11:07Z
uM5I3_zl9bM,depression,Dark Night of the Soul vs Depression ~ Spirit Man Comes in to Chat! Psychic Mediumship Soul Plans✨,Ugxpu96v1oTezBUBqhB4AaABAg,💖 Always helpful. Thanks for being real🙂,2026-03-05T02:04:17Z
uM5I3_zl9bM,depression,Dark Night of the Soul vs Depression ~ Spirit Man Comes in to Chat! Psychic Mediumship Soul Plans✨,UgxPf4hmAFl2tSwMazB4AaABAg,My husband and I are moving to a new state and though I know it has been divinely orchestrated it's still stressful. Went to the bank today and came back. Opened the door and there was a beautiful white fluffy feather on the seat. I started crying. I needed that at that moment and gave thanks to my Guilds and Angels for being there. I love this life!,2026-03-05T01:49:32Z
uM5I3_zl9bM,depression,Dark Night of the Soul vs Depression ~ Spirit Man Comes in to Chat! Psychic Mediumship Soul Plans✨,Ugzca_FgkspJqx9sDeJ4AaABAg,Well my love. I know it’s hard going moving as I’ve done it too many times. What you need to remember is you maybe leaving your house where you shared a life with Darren BUT you are taking your furniture chairs where he sat where he slept use them as your comfort love. I’ve hurt my back making my bed 😬 so I decided this body is not fit for purpose and I want a bliddy refund 🤣🤣🤣love you ❤❤❤,2026-03-05T00:27:38Z
uM5I3_zl9bM,depression,Dark Night of the Soul vs Depression ~ Spirit Man Comes in to Chat! Psychic Mediumship Soul Plans✨,UgxjJ7z5n0vJJY6vDFZ4AaABAg,"Thank you beautiful Nicky 💝 for doing this for us all ❤❤❤ I am so grateful for your chat, it’s been invaluable to me. I’m learning to meditate with the help of your guided meditations to meet my guides and just got your Atlantis healing pool one YAY 😊 I’m learning to trust and surrender to relax my monkey brain 😂😂
I had a life changing experience in dream state several months ago which was very vivid and led me on my path to becoming more awake to our spiritual light beings. I believe they were my guides speaking to my soul as I knew their words but ended up not being able to understand what it was about, I was given a message though, ‘well- pace’. I followed up with having a tarot reading which helped immensely. 
I’ve also recently had a beautiful spirit bird, wedge tailed eagle come in a dream which overwhelmed me in a good way, looked it up on google 😊 and the meaning of protection, keen insight and intuition is what I’m picking up. 
Your last tarot reading resonated with me and I always seem to choose to exact number I need!! 
I can’t express how much your videos and what you do has guided and helped me, sending you much love, light and strength at this time, Wendy 💕💗🌼✨🦋🌻🙏🥰 sorry for the ramble lol! As you’ve mentioned, a book called Future is definitely coming up xx",2026-03-04T23:26:33Z
uM5I3_zl9bM,depression,Dark Night of the Soul vs Depression ~ Spirit Man Comes in to Chat! Psychic Mediumship Soul Plans✨,Ugyq1-VeZABAgf19FjJ4AaABAg,❤😘😘😘,2026-03-04T23:15:52Z
uM5I3_zl9bM,depression,Dark Night of the Soul vs Depression ~ Spirit Man Comes in to Chat! Psychic Mediumship Soul Plans✨,Ugw1Kud6UAg2Nn-5JxR4AaABAg,"Seeing changing shadows. & coloured orbs Of light greeny blue , & pink/ red ...
Going through similar changes again Nic'...bless you .
We will get there darling
With you in the ether Xxx",2026-03-04T21:58:18Z
uM5I3_zl9bM,depression,Dark Night of the Soul vs Depression ~ Spirit Man Comes in to Chat! Psychic Mediumship Soul Plans✨,UgzJACj1SOzIuIWt8tN4AaABAg,"Thankyou so much  for this today. I really needed your words today, bless you ❤Queensland Australia 🇦🇺",2026-03-04T21:56:48Z
uM5I3_zl9bM,depression,Dark Night of the Soul vs Depression ~ Spirit Man Comes in to Chat! Psychic Mediumship Soul Plans✨,UgwXDIqNK7gcAt3IMhF4AaABAg,"Nearing the end of your video there was different colours behind you green blue and pink flashes like changing lights if you have some on or was it Michael, Raphael, and areal if if her colour change is pink .",2026-03-04T21:44:16Z
uM5I3_zl9bM,depression,Dark Night of the Soul vs Depression ~ Spirit Man Comes in to Chat! Psychic Mediumship Soul Plans✨,Ugw2_f97K1uIJvUfY1V4AaABAg,unexpected but lovely thank you Nicky ❤❤❤,2026-03-04T21:17:51Z
uM5I3_zl9bM,depression,Dark Night of the Soul vs Depression ~ Spirit Man Comes in to Chat! Psychic Mediumship Soul Plans✨,UgxDj1YO3E3YcvjXP2p4AaABAg,"Ahh Nicky, bless you, thank you for sharing. You are such a strong soul, you've been thru soo much, but you still have time  for helping others. It is so hard when you are moving home, there is soo much to doand cope with. Yoy are doing soo well, take care, and sending  much love and strength to you at this new chapter in your life. Xxx, 🙏💕😊",2026-03-04T21:12:53Z
uM5I3_zl9bM,depression,Dark Night of the Soul vs Depression ~ Spirit Man Comes in to Chat! Psychic Mediumship Soul Plans✨,UgykUWrvFzP39tm64rF4AaABAg,You are not crap! I love your authenticity ❤ You have inspired me to be real in my day-to-day life! I no longer wear make up to work and I act silly if I feel like it. I love my co-workers because you have taught me to love myself. Thank you!!❤❤❤,2026-03-04T21:03:27Z
uM5I3_zl9bM,depression,Dark Night of the Soul vs Depression ~ Spirit Man Comes in to Chat! Psychic Mediumship Soul Plans✨,UgywdlwAlNkBXDfwfA94AaABAg,"I haven’t finished watching this yet but felt I wanted to comment around the young man having taken himself over on a birthday. My mother did this, on my adopted sister’s 15th birthday. My sister then went on to experience severe mental health issues for the rest of her life until she passed from a  congenital heart issue aged 47. I wonder about the timing of this and what soul contracts were at play. It’s been so hard to accept the tragedy of this (our father also died 4 years before this happened). I have wondered why I was set up to be the one to try and overcome this loss and witness other’s pain and finally come to realise that you can’t ’save’ anyone else. They have their own life plan that we can sometimes struggle to understand.",2026-03-04T20:54:05Z
uM5I3_zl9bM,depression,Dark Night of the Soul vs Depression ~ Spirit Man Comes in to Chat! Psychic Mediumship Soul Plans✨,Ugz0QM_qSurpWVinm494AaABAg,"Happy heavenly birthday Darren hope your having a ball , it’s my birthday today a young 69 still feel 20sin my head . Rest well Nicky sending strength and healing your way. Namaste",2026-03-04T20:44:19Z
uM5I3_zl9bM,depression,Dark Night of the Soul vs Depression ~ Spirit Man Comes in to Chat! Psychic Mediumship Soul Plans✨,UgyMFmynziEpHspSpO94AaABAg,"Hi Nicky I live in teignmouth,I moved into my flat in 1989 after living in hotels as a chef ..I’ve left this address twice and each time situations have dragged me back to the same address ,I watch over a blind landlord and a 96 year old lady next door I know that’s why I’m here..I have heat failure but I feel I must be there for them,thank you for being around for me,,🦋🧚💕👍",2026-03-04T20:41:36Z
uM5I3_zl9bM,depression,Dark Night of the Soul vs Depression ~ Spirit Man Comes in to Chat! Psychic Mediumship Soul Plans✨,UgxJAgL93lh8ey4WMX54AaABAg,"Thank you Nicky ❤ . You are amazing. 
I was wondering if the spirit man is my daughters best friends brother.  His name was Greg though, otherwise everything else fits. I have emailed Danni and attached a couple of photos. Her name is Nicky and her mum has just recently passed too . She has another brother, she is the youngest. All of them are autistic.  
Needed this today Nicky , it is seeing the signs , I keep seeing a bumble bee fly right infront of me! I looked up the meaning, amazing. 
Ladybirds in the oddest places! I am grateful everything day as its been so tough lately . I so appreciate you Nicky ❤️ 💛 💗  Happy heavenly birthday Darren ❤x",2026-03-04T20:32:33Z
uM5I3_zl9bM,depression,Dark Night of the Soul vs Depression ~ Spirit Man Comes in to Chat! Psychic Mediumship Soul Plans✨,Ugx0YHffsS7bezu77d14AaABAg,Happy Birthday dear Darren in heaven 🌈... It's my birthday too ❤️,2026-03-04T20:15:03Z
uM5I3_zl9bM,depression,Dark Night of the Soul vs Depression ~ Spirit Man Comes in to Chat! Psychic Mediumship Soul Plans✨,UgwIcK8l7fRbM1iLt6R4AaABAg,Oh thankyou nicky .wishing Darren a heavenly happy birfday too x,2026-03-04T19:27:57Z
uM5I3_zl9bM,depression,Dark Night of the Soul vs Depression ~ Spirit Man Comes in to Chat! Psychic Mediumship Soul Plans✨,Ugwoe1wcQk31LRfb3a94AaABAg,You wouldn’t believe this but this week I was doing a meditation this week I set the intention to know if I was on my soul path . I had a vision of two zebras piling a colourful carriage fast towards me I googled it also lol 😂 it said that it was good that I was on path and that things were starting to flow but it said I may have sycronicities of Zebras and then you talk about it in your meditation it’s crazy when you start going with the flow of universe and these things start happening. I’m definitely getting more sycronisitys and more visions and dreams love it so exiting. Thankyou for sharing sending you loads of love and I hope you get moved soon and everything settles down for you xxx,2026-03-04T19:27:23Z
uM5I3_zl9bM,depression,Dark Night of the Soul vs Depression ~ Spirit Man Comes in to Chat! Psychic Mediumship Soul Plans✨,UgxeiZCbGZ52rSMfdSR4AaABAg,You can do it Nicky. Focus. 😊,2026-03-04T19:12:14Z
uM5I3_zl9bM,depression,Dark Night of the Soul vs Depression ~ Spirit Man Comes in to Chat! Psychic Mediumship Soul Plans✨,UgxlE_xCBjAyFtgmpXR4AaABAg,"Bless you Nicky… happy blessed birthday to Darren… ❤. I am in an M.E., flare at the moment - and resting and meditating hugely…. These programmes on YT give me strength and hope.  Thank you Nicky thank you Universe I am grateful I accept my path x",2026-03-04T19:08:36Z
uM5I3_zl9bM,depression,Dark Night of the Soul vs Depression ~ Spirit Man Comes in to Chat! Psychic Mediumship Soul Plans✨,UgwukPxgMbcVvE1di5B4AaABAg,"Nicky , what do u I do w the intense feelings of home sickness I've experienced since I was very young. Sending u tons of love & light. Love your guts, Julie ❤",2026-03-04T19:07:25Z
9AtoMZ2CN0U,depression,You’re depression is not a burden #depression #mentalhealth #folk #country #fyp,UgyVaDGXM9qdruOwKid4AaABAg,This song is powerful! Thank you so much! Your music is always so good and such a blessing.,2026-03-05T21:17:29Z
9AtoMZ2CN0U,depression,You’re depression is not a burden #depression #mentalhealth #folk #country #fyp,UgzeVWqGCW3zbRMwett4AaABAg,Thank you but. I would be a burden. I think I'm just going to deal with this alone,2026-03-05T20:19:21Z
9AtoMZ2CN0U,depression,You’re depression is not a burden #depression #mentalhealth #folk #country #fyp,UgwJ3VgOTlPc1xKYLqB4AaABAg,"i love your music. it truly connects to me. i've been listening for a while and i can't ever seem to not feel loved when i hear on of your songs. is this song out or is this an unwritten one of yours? if it's not out yet, i would love for it to be because this is something i need to listen to every day. thank you so much for all that you do even when/if you think there is no impact. sending much love your way!",2026-03-05T20:14:56Z
9AtoMZ2CN0U,depression,You’re depression is not a burden #depression #mentalhealth #folk #country #fyp,Ugy5W3knUiB2Ekfe6nR4AaABAg,Thank you Mr Parker. ❤,2026-03-05T18:54:29Z
9AtoMZ2CN0U,depression,You’re depression is not a burden #depression #mentalhealth #folk #country #fyp,UgxOXgipcz21n6GYwrt4AaABAg,"What’s the name of this song Also did you write it if you did I really love it bc I feel like I have depression but I tried to tell my mom and she said “you can’t just wake up
Sad” so yeah I love this song",2026-03-05T18:29:05Z
MfVmsgYqOro,depression,Poor Husband&#39;s Casserole - Depression Cooking - The Hillbilly Kitchen #cooking  #food #recipe #love,Ugy3yh93HmEYy6MlhvN4AaABAg,A well drained can of french cut green beans would go great in there.,2026-03-06T01:37:36Z
MfVmsgYqOro,depression,Poor Husband&#39;s Casserole - Depression Cooking - The Hillbilly Kitchen #cooking  #food #recipe #love,UgzoWDncPqGzvfbq4QF4AaABAg,Love this video like all of yours ❤,2026-03-06T01:15:26Z
MfVmsgYqOro,depression,Poor Husband&#39;s Casserole - Depression Cooking - The Hillbilly Kitchen #cooking  #food #recipe #love,UgztJz19LEfkfIq3sMd4AaABAg,"Becky, you have beautiful hair.",2026-03-06T01:13:20Z
MfVmsgYqOro,depression,Poor Husband&#39;s Casserole - Depression Cooking - The Hillbilly Kitchen #cooking  #food #recipe #love,UgykvRRkPceC87CDTf14AaABAg,I love your channel its amazing how great your videos are ❤,2026-03-06T00:47:34Z
MfVmsgYqOro,depression,Poor Husband&#39;s Casserole - Depression Cooking - The Hillbilly Kitchen #cooking  #food #recipe #love,Ugw8SSf4TR3aTBZp1N14AaABAg,I bet you could add some frozen peas or peas and carrots in there! It would be awesome! ❤,2026-03-06T00:42:39Z
MfVmsgYqOro,depression,Poor Husband&#39;s Casserole - Depression Cooking - The Hillbilly Kitchen #cooking  #food #recipe #love,UgwNHie-YCURebfhmJx4AaABAg,Yummy,2026-03-06T00:25:22Z
MfVmsgYqOro,depression,Poor Husband&#39;s Casserole - Depression Cooking - The Hillbilly Kitchen #cooking  #food #recipe #love,Ugx7jRe-J9K9_1mqrHd4AaABAg,Wow! You deleted my comment!,2026-03-06T00:08:25Z
MfVmsgYqOro,depression,Poor Husband&#39;s Casserole - Depression Cooking - The Hillbilly Kitchen #cooking  #food #recipe #love,UgwtMmqDr2izCGjcKkx4AaABAg,"Becky,your noodbeef casserole looks yummy! Thank you for sharing the recipe.❤",2026-03-05T23:40:42Z
MfVmsgYqOro,depression,Poor Husband&#39;s Casserole - Depression Cooking - The Hillbilly Kitchen #cooking  #food #recipe #love,UgwWoMY7jp2DBfAd3Pl4AaABAg,"Love your videos, god bless you and your family!",2026-03-05T23:37:44Z
MfVmsgYqOro,depression,Poor Husband&#39;s Casserole - Depression Cooking - The Hillbilly Kitchen #cooking  #food #recipe #love,UgwJxQ4eI9bVWS-hhGd4AaABAg,This is what my family growing up called golash! Put when my son (47) was little he calls it butash! Either name it is soooo good!❤,2026-03-05T23:20:59Z
MfVmsgYqOro,depression,Poor Husband&#39;s Casserole - Depression Cooking - The Hillbilly Kitchen #cooking  #food #recipe #love,Ugzm0oyTGtlx34nX5gp4AaABAg,Wow!  That looks awesome!  Thanks!,2026-03-05T23:13:48Z
MfVmsgYqOro,depression,Poor Husband&#39;s Casserole - Depression Cooking - The Hillbilly Kitchen #cooking  #food #recipe #love,UgwN2geGBFy7vaWcE454AaABAg,"Hearty, stick-to-your-ribs comfort food....Love it!    And so many ways to alternate: the meat, veggies, pasta, gravy, etc.       Great vid...thanks!",2026-03-05T23:04:13Z
MfVmsgYqOro,depression,Poor Husband&#39;s Casserole - Depression Cooking - The Hillbilly Kitchen #cooking  #food #recipe #love,UgwyvYARTPTZDOj7m2F4AaABAg,I buy a pack of hamburger meat and I make 2 meals for 2 people at each meal,2026-03-05T22:59:41Z
MfVmsgYqOro,depression,Poor Husband&#39;s Casserole - Depression Cooking - The Hillbilly Kitchen #cooking  #food #recipe #love,UgwCHgWwKpKMeUBsMvp4AaABAg,Thanks for the turkey master tip to remove the fat! I also recently bought paper towels in bulk and they were $27 at Home Depot! In my area it is where I find the cheapest price for the biggest package of the ones that tear apart in half sheets! Great recipe,2026-03-05T22:58:36Z
MfVmsgYqOro,depression,Poor Husband&#39;s Casserole - Depression Cooking - The Hillbilly Kitchen #cooking  #food #recipe #love,UgzsGmCCHnxTmiB8PjJ4AaABAg,This looks so amazing!  Another need to make for me!  Thanks Becky!!!,2026-03-05T22:54:38Z
MfVmsgYqOro,depression,Poor Husband&#39;s Casserole - Depression Cooking - The Hillbilly Kitchen #cooking  #food #recipe #love,UgzuGGbPeQ_9n2Bdiht4AaABAg,I've started using swedish dishcloths to clean up wipes and to clean the counter. I throw them in the dishwasher to clean them. It has helped me to cut down on the use of paper towels quite a bit. I think I've had the same roll on my counter for a month. Love your show by the way.,2026-03-05T22:47:48Z
MfVmsgYqOro,depression,Poor Husband&#39;s Casserole - Depression Cooking - The Hillbilly Kitchen #cooking  #food #recipe #love,UgxIbb_WplMGECskVv54AaABAg,Thank you for a tasty budget recipe that I am trying tonight. I so much appreciate you sharing scripture and taking the time to do so. You are a blessing.,2026-03-05T22:25:57Z
MfVmsgYqOro,depression,Poor Husband&#39;s Casserole - Depression Cooking - The Hillbilly Kitchen #cooking  #food #recipe #love,UgxYMOEu0pdna4vE19R4AaABAg,Proverbs 16:3 is my favorite verse!,2026-03-05T22:23:16Z
MfVmsgYqOro,depression,Poor Husband&#39;s Casserole - Depression Cooking - The Hillbilly Kitchen #cooking  #food #recipe #love,UgxRgpiHQCt192zYPQl4AaABAg,Thank you Ma-am for a great video. I'm looking for recipes for using millet in my cooking have you tried cooking with it?,2026-03-05T21:52:53Z
MfVmsgYqOro,depression,Poor Husband&#39;s Casserole - Depression Cooking - The Hillbilly Kitchen #cooking  #food #recipe #love,UgxlHCSZhY7dcagwcwp4AaABAg,My granddaughter got me a Dutch oven just like yours for Christmas it is so heavy and heavier when it has food in it I have a hard time lifting it due to torn rotator cuffs in both shoulders and being in my 80's and living alone I have only used it once.,2026-03-05T21:34:03Z
MfVmsgYqOro,depression,Poor Husband&#39;s Casserole - Depression Cooking - The Hillbilly Kitchen #cooking  #food #recipe #love,Ugy5sV1zPkRqpBO0BSh4AaABAg,"This remind me of goulash,   thanks for the recipe.  Very cheap to make and filling.  God bless you.",2026-03-05T21:30:40Z
MfVmsgYqOro,depression,Poor Husband&#39;s Casserole - Depression Cooking - The Hillbilly Kitchen #cooking  #food #recipe #love,UgyL_-bXvyJI0qmbZRB4AaABAg,I drain my meat in a colander over a bowl and pour it in a can and let it cool and put it in the trash.,2026-03-05T21:24:41Z
MfVmsgYqOro,depression,Poor Husband&#39;s Casserole - Depression Cooking - The Hillbilly Kitchen #cooking  #food #recipe #love,UgxSpbv28NR2_8woQnx4AaABAg,"Thank you for teaching about food family and God. Blessings 
❤️🙏❤️",2026-03-05T21:14:03Z
MfVmsgYqOro,depression,Poor Husband&#39;s Casserole - Depression Cooking - The Hillbilly Kitchen #cooking  #food #recipe #love,UgzT0TAyRA-U54JIzBN4AaABAg,But you need a lot of protein to be healthy.,2026-03-05T20:47:29Z
MfVmsgYqOro,depression,Poor Husband&#39;s Casserole - Depression Cooking - The Hillbilly Kitchen #cooking  #food #recipe #love,UgyfKG1-kUEtFu4EUR54AaABAg,Hi.❤,2026-03-05T20:41:30Z
MfVmsgYqOro,depression,Poor Husband&#39;s Casserole - Depression Cooking - The Hillbilly Kitchen #cooking  #food #recipe #love,UgxXzR3h-NViOyrCMhV4AaABAg,Thank you Becky X ❤ god bless you and your family x ❤,2026-03-05T20:40:59Z
MfVmsgYqOro,depression,Poor Husband&#39;s Casserole - Depression Cooking - The Hillbilly Kitchen #cooking  #food #recipe #love,UgxbvBnSyrsfSmdHz7F4AaABAg,🕎Thank you Fr Pillari Thank you heavenly Almighty father for your kindness and love mother Mary pray for healings daughters future and protecstion Lord Jesus don of God have mercy on me a sinner🙏✝️🕊️,2026-03-05T20:22:28Z
MfVmsgYqOro,depression,Poor Husband&#39;s Casserole - Depression Cooking - The Hillbilly Kitchen #cooking  #food #recipe #love,UgwpMkOter8_H7NPk4h4AaABAg,Wow !  Looks delicious.,2026-03-05T20:19:22Z
MfVmsgYqOro,depression,Poor Husband&#39;s Casserole - Depression Cooking - The Hillbilly Kitchen #cooking  #food #recipe #love,UgyUTzOMvfVdB9G-zhJ4AaABAg,Enjoy your entrees...,2026-03-05T20:18:54Z
MfVmsgYqOro,depression,Poor Husband&#39;s Casserole - Depression Cooking - The Hillbilly Kitchen #cooking  #food #recipe #love,UgyH_jgMuzVeiGynwzV4AaABAg,Yummy thanks Becky❤🙌🙌🙏🏻🕊,2026-03-05T20:10:18Z
MfVmsgYqOro,depression,Poor Husband&#39;s Casserole - Depression Cooking - The Hillbilly Kitchen #cooking  #food #recipe #love,Ugy4HRe9a5vhqnR3Kvp4AaABAg,😋😋🌹🌈💕💐😍💗😘💖🌼🌻🌺🌷,2026-03-05T19:45:50Z
MfVmsgYqOro,depression,Poor Husband&#39;s Casserole - Depression Cooking - The Hillbilly Kitchen #cooking  #food #recipe #love,Ugyb-gACDqKJgoRgz7t4AaABAg,"Thank you Becky.  Another winning meal, although I rarely eat ground meat so I would substitute canned black or kidney beans.  Your channel is so relaxing to watch.",2026-03-05T19:44:35Z
MfVmsgYqOro,depression,Poor Husband&#39;s Casserole - Depression Cooking - The Hillbilly Kitchen #cooking  #food #recipe #love,Ugwt0Ekokhznj9plvUN4AaABAg,"I just wanted to thank you for all your delicious cost saving recipes.  The ""$3.00 a pound hamburger sale"" is a serious reminder as 5-6 years ago it was $2.98 and I remember $0.98 a pound in the late 90's.  God bless you and your family young lady and enjoy the journey!",2026-03-05T19:38:35Z
MfVmsgYqOro,depression,Poor Husband&#39;s Casserole - Depression Cooking - The Hillbilly Kitchen #cooking  #food #recipe #love,UgytUb2KdTwQ8uHeIUB4AaABAg,Looks good and a meal that doesn’t cost a lot. ❤,2026-03-05T19:32:53Z
MfVmsgYqOro,depression,Poor Husband&#39;s Casserole - Depression Cooking - The Hillbilly Kitchen #cooking  #food #recipe #love,UgzFvztcAkcOkUTZesZ4AaABAg,Yummy garlic bread.,2026-03-05T19:24:21Z
MfVmsgYqOro,depression,Poor Husband&#39;s Casserole - Depression Cooking - The Hillbilly Kitchen #cooking  #food #recipe #love,Ugx6y6CoZvqXzuQ4rTp4AaABAg,"I’ve used the turkey baster before, but I tend to make a boo-boo and not adjust for the squirt! 😂.  So I have my favorite big flattish spoon that works fine. Two ounces of meat? Nuts! Good idea, making meals that are quick.  😊",2026-03-05T19:22:40Z
MfVmsgYqOro,depression,Poor Husband&#39;s Casserole - Depression Cooking - The Hillbilly Kitchen #cooking  #food #recipe #love,UgwwVaTF2fhaKtGBRDF4AaABAg,Thank You Becky Have A Blessed Day Today ❤️,2026-03-05T19:20:39Z
MfVmsgYqOro,depression,Poor Husband&#39;s Casserole - Depression Cooking - The Hillbilly Kitchen #cooking  #food #recipe #love,Ugz94qzo4T42BRqR8At4AaABAg,Can’t wait to try it,2026-03-05T19:19:34Z
MfVmsgYqOro,depression,Poor Husband&#39;s Casserole - Depression Cooking - The Hillbilly Kitchen #cooking  #food #recipe #love,UgzByzFX5_K7psrnUUd4AaABAg,"here in maine things are astronomical!!!!!!!!!!!!!!!!!   i switched everything to pork... hamburg here is 10 /pd  NOPE!!!!!  oil is currently 3,50 a gal   I GO AS CHEAP AS I POSSIBLY CAN ..but some name brands you just cant subb out on taste.   thank you for all that you do becky   hope your new life/hubbs are treating you well  ;];;]",2026-03-05T19:19:22Z
MfVmsgYqOro,depression,Poor Husband&#39;s Casserole - Depression Cooking - The Hillbilly Kitchen #cooking  #food #recipe #love,Ugydq8cqqGpesxxqTpp4AaABAg,Sorry just lost my husband and can't sign up for you channel but I watch you.,2026-03-05T19:16:45Z
MfVmsgYqOro,depression,Poor Husband&#39;s Casserole - Depression Cooking - The Hillbilly Kitchen #cooking  #food #recipe #love,UgworJpISn5OKTdlXpB4AaABAg,And who trusts the FDA,2026-03-05T19:16:06Z
MfVmsgYqOro,depression,Poor Husband&#39;s Casserole - Depression Cooking - The Hillbilly Kitchen #cooking  #food #recipe #love,UgwfSG5IAbl6Ax2tx8p4AaABAg,Good idea,2026-03-05T19:15:17Z
MfVmsgYqOro,depression,Poor Husband&#39;s Casserole - Depression Cooking - The Hillbilly Kitchen #cooking  #food #recipe #love,Ugwpzmv-8OS_Jwephj94AaABAg,I made pizza for lunch.,2026-03-05T19:14:36Z
MfVmsgYqOro,depression,Poor Husband&#39;s Casserole - Depression Cooking - The Hillbilly Kitchen #cooking  #food #recipe #love,UgxLuhApuDdKRCQimEl4AaABAg,Good to see a fresh video.😊,2026-03-05T19:13:12Z
MfVmsgYqOro,depression,Poor Husband&#39;s Casserole - Depression Cooking - The Hillbilly Kitchen #cooking  #food #recipe #love,UgwcXAcOgXifUBu18Rt4AaABAg,"Wow the old theme song! Love it
I also love your low budget meals.I've made many of them.And they always taste good",2026-03-05T18:59:21Z
MfVmsgYqOro,depression,Poor Husband&#39;s Casserole - Depression Cooking - The Hillbilly Kitchen #cooking  #food #recipe #love,Ugwxy8E1GNAnihpIf3B4AaABAg,"Thank you, Becky. This looks absolutely delicious. God bless you and your new husband.",2026-03-05T18:56:57Z
MfVmsgYqOro,depression,Poor Husband&#39;s Casserole - Depression Cooking - The Hillbilly Kitchen #cooking  #food #recipe #love,UgyNWawKkcSOz4A-jTZ4AaABAg,"What a wonderful dish!  I live mainly on my own, with my daughter away at college, and like to keep my food budget down where I can.  I could make this and portion the leftovers into containers for my fridge.  Thankyou Becky xx",2026-03-05T18:53:21Z
MfVmsgYqOro,depression,Poor Husband&#39;s Casserole - Depression Cooking - The Hillbilly Kitchen #cooking  #food #recipe #love,Ugy-DIkn8RSE1R790RN4AaABAg,Sigh. I almost dread food shopping! I see prices rising .30-.50 every 2 weeks. 😢,2026-03-05T18:53:11Z
MfVmsgYqOro,depression,Poor Husband&#39;s Casserole - Depression Cooking - The Hillbilly Kitchen #cooking  #food #recipe #love,UgwGJvRlvNYBu0knU594AaABAg,"This reminds me of when I was a kid, and we had this at school. They called it Johnny Marzetti, and it looks exactly like it. Used to take it and put it on butter bread and fold it like a sandwich. A meal from my childhood that's still good 55 years later. Thank you and God bless.",2026-03-05T18:37:33Z
MfVmsgYqOro,depression,Poor Husband&#39;s Casserole - Depression Cooking - The Hillbilly Kitchen #cooking  #food #recipe #love,Ugx4Qbk54olr-cbkL6t4AaABAg,Awesome! So easy! Thank you. 😊,2026-03-05T18:36:42Z
MfVmsgYqOro,depression,Poor Husband&#39;s Casserole - Depression Cooking - The Hillbilly Kitchen #cooking  #food #recipe #love,UgzDKTARAMVUnUxwG854AaABAg,"I've got 5 kids so I try to stretch this as much as possible. Most times I also throw in a can of beans (black, kidney, something like that) and a can of corn too!",2026-03-05T18:32:37Z
MfVmsgYqOro,depression,Poor Husband&#39;s Casserole - Depression Cooking - The Hillbilly Kitchen #cooking  #food #recipe #love,Ugxiiwo4QHo3TsBqbpp4AaABAg,I use zucchini pasta in the freezer section,2026-03-05T18:31:48Z
MfVmsgYqOro,depression,Poor Husband&#39;s Casserole - Depression Cooking - The Hillbilly Kitchen #cooking  #food #recipe #love,UgwpTNJQmG9ARsx_7Ct4AaABAg,Thank you for all your great recipes. It really helps the wallet.,2026-03-05T18:31:06Z
MfVmsgYqOro,depression,Poor Husband&#39;s Casserole - Depression Cooking - The Hillbilly Kitchen #cooking  #food #recipe #love,UgyD73dCY-VTKhme7wV4AaABAg,Yum! I do this similar thing in the instant pot all the time! Brown the meat w spices and then all the liquids. Just make sure your liquid comes just to the surface of your pasta. And pressure cook for half the time instructed on the pasta package.,2026-03-05T18:27:53Z
MfVmsgYqOro,depression,Poor Husband&#39;s Casserole - Depression Cooking - The Hillbilly Kitchen #cooking  #food #recipe #love,UgzUHzg-6Z_gC2a6saF4AaABAg,"Thank you for all your low cost, great recipes. I am a 69 year old retired lady that is on her own. With a low income and having to watch my spending is always nice to have low cost ways of cooking. So many things are so expensive now a days. May God bless your life and your You Tube channel. You are truly a blessing.👍👍👍👍👍❤️❤️❤️❤️❤️👋",2026-03-05T18:27:22Z
MfVmsgYqOro,depression,Poor Husband&#39;s Casserole - Depression Cooking - The Hillbilly Kitchen #cooking  #food #recipe #love,UgxvbmI8cZLvUvpbzId4AaABAg,Looks yummy,2026-03-05T18:22:41Z
MfVmsgYqOro,depression,Poor Husband&#39;s Casserole - Depression Cooking - The Hillbilly Kitchen #cooking  #food #recipe #love,UgzepLAZT5UFsfzc7Ht4AaABAg,Thanks Becky,2026-03-05T18:17:00Z
MfVmsgYqOro,depression,Poor Husband&#39;s Casserole - Depression Cooking - The Hillbilly Kitchen #cooking  #food #recipe #love,UgxC5Xsm7YE5tUGr8kp4AaABAg,I really appreciate your commitment to God and the great recipes are a bonus ✝️☮️🙏♥️,2026-03-05T18:15:16Z
MfVmsgYqOro,depression,Poor Husband&#39;s Casserole - Depression Cooking - The Hillbilly Kitchen #cooking  #food #recipe #love,UgzuF9iXMFk-phaNsGx4AaABAg,Great video and thank you for sharing Jesus,2026-03-05T18:15:06Z
MfVmsgYqOro,depression,Poor Husband&#39;s Casserole - Depression Cooking - The Hillbilly Kitchen #cooking  #food #recipe #love,UgxneTuU84npLScP8hR4AaABAg,TY Becky❤🎉,2026-03-05T18:04:55Z
iFhiCcp3dVY,depression,आज कल मेरा दिमाग़ सही नहीं रहता😂🤣….#depression #funny #ashortaday #youtubeshorts #viral,UgyVUVQ8cqE2UTZc2jN4AaABAg,😢😂,2026-03-05T18:03:20Z
wOqCNwCl-mc,depression,"These 5 conditions can look like depression, but aren’t.",Ugz7CKtLPjY6Le-lESx4AaABAg,Yay me. 5 out of 5 plus depression and anxiety. Man I love my life ☹️,2026-03-05T23:33:12Z
wOqCNwCl-mc,depression,"These 5 conditions can look like depression, but aren’t.",UgySDMNTBDv8Wg3IGk94AaABAg,I love this info... insurance companies wouldnt pay for the tests. I started sending in peer reviewed evidence based articles to the insurance companies to prove it makes a difference. It actually worked somwtimes 😂😂😂,2026-03-05T22:54:56Z
wOqCNwCl-mc,depression,"These 5 conditions can look like depression, but aren’t.",UgwjzA_PhitwU3EIXhp4AaABAg,"I have 3 out of the 5, plus depression.  I can understand why those diseases would mimic depression based on your explanation.  I suffered from depression before I had two of the 3.",2026-03-05T22:51:58Z
wOqCNwCl-mc,depression,"These 5 conditions can look like depression, but aren’t.",Ugxw6CjDjr_qQ0xJCxx4AaABAg,Great info🎉👍🏻🙏🏻,2026-03-05T19:45:51Z
wOqCNwCl-mc,depression,"These 5 conditions can look like depression, but aren’t.",UgzZI4hiXn2OW4wI-Dh4AaABAg,Doctors just tell me to take vitamins but they dont seem to help the low iron and vitamin D deficiency. I think im just stuck being fatigued and depressed.,2026-03-05T17:05:47Z
6a0Rb5qIftY,depression,"AAJTAK 2 | DEPRESSION में YOUTUBER ANURAG DOBHAL, SUICIDE की कोशिश! | AT2",UgydzVNquvzj3jWgcdZ4AaABAg,Ham tumhare sath he Babu bhaiya🥺😭❤️,2026-03-05T18:59:52Z
6a0Rb5qIftY,depression,"AAJTAK 2 | DEPRESSION में YOUTUBER ANURAG DOBHAL, SUICIDE की कोशिश! | AT2",UgwvsazvUyLz19w6MlB4AaABAg,Justice for anurag 😢,2026-03-05T18:32:59Z
6a0Rb5qIftY,depression,"AAJTAK 2 | DEPRESSION में YOUTUBER ANURAG DOBHAL, SUICIDE की कोशिश! | AT2",UgyNijh4W5EZ4PnUPqd4AaABAg,Isne bhag khali hogi 😂😂😂😂,2026-03-05T18:07:49Z
dAXSxaLhrkE,depression,"Karriere, Partys, Depression: Mein Leben geriet außer Kontrolle",UgxpgJ1JroePDP19-n54AaABAg,"Unser Motto damals lautete "" Wer feier kann , kann auch arbeiten "".....und wir haben damals viel gefeiert 🙈",2026-03-06T00:13:04Z
dAXSxaLhrkE,depression,"Karriere, Partys, Depression: Mein Leben geriet außer Kontrolle",UgwEP2GuBdewaydrV8Z4AaABAg,"Ich finde es unglaublich wie du lieber Marcus die Fragen in dem Gespräch stellst. Du findest genau im richtigen Moment die richtige Frage, welche dem Zuhörer auf dem Herzen brennt und gestaltest dadurch die Gespräche unglaublich wertvoll.",2026-03-05T23:59:50Z
dAXSxaLhrkE,depression,"Karriere, Partys, Depression: Mein Leben geriet außer Kontrolle",Ugz-SR5q54-6DPmHO_94AaABAg,Gottes Güte und Liebe ist wunderschön und zieht seine Kinder an sein liebendes Vaterherz. Danke für das Zeugnis!!!❤,2026-03-05T23:47:04Z
dAXSxaLhrkE,depression,"Karriere, Partys, Depression: Mein Leben geriet außer Kontrolle",UgxTxkxoiZS0zWV4NRJ4AaABAg,"Sex, Drugs Rock N Roll und dann sucht man Gott weil man alt wird... jau, richtig ehrlich...",2026-03-05T21:42:41Z
dAXSxaLhrkE,depression,"Karriere, Partys, Depression: Mein Leben geriet außer Kontrolle",UgzYB8mcjd_x1Rk5yNJ4AaABAg,"Hallo, habe auch sowas ähnliches erlebt.
Halleluja, dass Gott dich erfüllt hat.
Jesus sei Ehre.",2026-03-05T21:41:45Z
dAXSxaLhrkE,depression,"Karriere, Partys, Depression: Mein Leben geriet außer Kontrolle",Ugyzg1tvoAb9r5j1qx94AaABAg,"Ich mag den Moderator. Wieder ein schönes Zeugnis, danke! 🧡",2026-03-05T21:17:25Z
dAXSxaLhrkE,depression,"Karriere, Partys, Depression: Mein Leben geriet außer Kontrolle",Ugyfupaw7nL143RK5C94AaABAg,"Mein Leben belastet mich auch sehr. Ich ertrage es kaum noch und an manchen Tagen wünschte ich mir, dass es einfach zu Ende geht. Ich betäube mich mit Alkoholkonsum und habe derzeit leider keine Idee wie es weitergehen soll. Ich habe gott so oft um Hilfe gebeten und fühle mich nur noch alleine. Es hat leider nichts gebracht. Ich weiss nicht mehr weiter.",2026-03-05T21:16:27Z
dAXSxaLhrkE,depression,"Karriere, Partys, Depression: Mein Leben geriet außer Kontrolle",Ugw0mcJKUSU94zMIOOV4AaABAg,Was für ein großartiges Zeugnis. Gottes Gnade ist ausreichend. Danke für diesen Kanal.,2026-03-05T20:44:16Z
dAXSxaLhrkE,depression,"Karriere, Partys, Depression: Mein Leben geriet außer Kontrolle",UgxbFhI1bHJ0RjVRydp4AaABAg,sooooo schööööön!,2026-03-05T20:42:33Z
dAXSxaLhrkE,depression,"Karriere, Partys, Depression: Mein Leben geriet außer Kontrolle",Ugzie2yg8vDs2HOYanp4AaABAg,Bei manchen Menschen versteht man nicht mehr das Verhältnis zu r Arbeit.,2026-03-05T20:04:57Z
dAXSxaLhrkE,depression,"Karriere, Partys, Depression: Mein Leben geriet außer Kontrolle",UgwtlxXQv1FKcZfn_f94AaABAg,"❤❤eine wunderbare und so ehrliche Geschichte.
DANKE.
Es macht unglaublich Mut alles hinter sich zu lassen um das zu tun was wirklich wichtig ist im eigenen Leben.",2026-03-05T19:38:25Z
dAXSxaLhrkE,depression,"Karriere, Partys, Depression: Mein Leben geriet außer Kontrolle",UgwvCZCmrCC6_QaQDgB4AaABAg,Danke Elena ❤,2026-03-05T19:14:37Z
dAXSxaLhrkE,depression,"Karriere, Partys, Depression: Mein Leben geriet außer Kontrolle",UgyM09wV1qzIvuxfe1R4AaABAg,"Kommt mir alles sehr bekannt vor, ich hab auch Depressionen und andere Erkrankungen. 
Ich ertrage mein Leben momentan nur noch, weil ich mich täglich mit Alkohol und Drogen abschieße und betäube. Von Gott hab ich mich ziemlich entfernt, weil ich in nichts mehr Sinn sehe...",2026-03-05T19:00:50Z
dAXSxaLhrkE,depression,"Karriere, Partys, Depression: Mein Leben geriet außer Kontrolle",Ugz8cDy5BkJVEUqan9F4AaABAg,"Liebe Elena, vielen Dank für Dein Zeugnis. Deine Berührung im Gottesdienst hat mich auch berührt. 
Schön dass Du den Menschen von Gott erzählst.",2026-03-05T18:58:52Z
dAXSxaLhrkE,depression,"Karriere, Partys, Depression: Mein Leben geriet außer Kontrolle",UgyI9plc4LZW_R4Dr5h4AaABAg,Jetzt muss ich auch weinen 😢 Depressionen kenne ich auch 😢,2026-03-05T18:30:55Z
dAXSxaLhrkE,depression,"Karriere, Partys, Depression: Mein Leben geriet außer Kontrolle",Ugx_yOhhUByg6KClYfF4AaABAg,Hatte auch mal so ein burn out😢 Aber nach dem ich wiedergeborener Christ wurde hab ich mit Hilfe des Heiligen Geistes Gottes Hilfe alles überwunden.😊 Nur Jesus macht dich wirklich frei,2026-03-05T18:04:30Z
dAXSxaLhrkE,depression,"Karriere, Partys, Depression: Mein Leben geriet außer Kontrolle",UgylSQmefvVZxdVxik14AaABAg,So ein schönes Zeugnis ❤.  Vielen Dank das du das mit uns teilst ❤,2026-03-05T18:04:04Z
dAXSxaLhrkE,depression,"Karriere, Partys, Depression: Mein Leben geriet außer Kontrolle",Ugyzh4Z8jcvy_crDy7l4AaABAg,Vielen Dank und Gottes Segen!,2026-03-05T17:45:13Z
dAXSxaLhrkE,depression,"Karriere, Partys, Depression: Mein Leben geriet außer Kontrolle",UgzMtpEkMFHamWfT2Mx4AaABAg,"Liebe Elena ❣️vielen Dank 🙏das du uns deine Geschichte erzählt hast und ich finde sie gibt uns Mut. 🍀
Ich bewundere wie du relativ schnell Gott so vertraut hast……..
alles Liebe und Gute für dich und Gottes  reichen Segen 🙌
Von Angelika 🌸❣️",2026-03-05T17:42:23Z
dAXSxaLhrkE,depression,"Karriere, Partys, Depression: Mein Leben geriet außer Kontrolle",Ugy_lwrWV9c73eVDWKF4AaABAg,"Danke, schönes Zeugnis. 
👍🙏❤🙏🇮🇱🙏🤗",2026-03-05T17:21:36Z
dAXSxaLhrkE,depression,"Karriere, Partys, Depression: Mein Leben geriet außer Kontrolle",UgwAbseERs3APQiPacl4AaABAg,Danke ❤️ das du dein Leben teilst 🙏🏼,2026-03-05T16:48:21Z
IIKbWAKzOpk,depression,24 Ghante Depression🤪😅🤣 ll #shorts #youtubeshorts,UgxdW21Qh4mHOseJzQZ4AaABAg,O teri 😂😂😂,2026-03-05T15:34:33Z
PRgP6KpveJk,depression,Anger anxiety stress depression குறைய #மணிபூரகம் சக்கரம் #vidyamultiverse #chakrabalancing #ytshorts,Ugx42Cu8ktDrmAHSqZF4AaABAg,Hi சிஸ்டர் இன்னைக்கு live போச்சு but நீங்க ஏதும் பேசல என்ன ஆச்சு சிஸ்டர் 😊புவனா சிஸ்டர்,2026-03-05T16:53:22Z
8RXHSSoJXaE,depression,【60歳うつ病生活】相変わらずしんどくて鈍臭い日々🍀ドラッグストア購入品紹介です😊,UgwMXxCYmEF-HtDvbT14AaABAg,ドラッグストアの購入品紹介が良かったです。朝マスクが少しお高いですが便利でいいですね。歯磨き粉は安売のクリアクリーンでサプリはディアナチュラのマルチビタミンとDHCの鉄を飲んでますが効いているかは不明です😅,2026-03-05T15:23:10Z
8RXHSSoJXaE,depression,【60歳うつ病生活】相変わらずしんどくて鈍臭い日々🍀ドラッグストア購入品紹介です😊,UgyO4qGiJV2zwZwEcRR4AaABAg,"しあんさん、こんばんは😊
ドラッグストア購入品紹介、楽しかったです☆
一つの商品でも、いろんな種類があって、どれにしようか悩みますよね。
私も、お風呂に入るのはしんどくて、何日も入れない日があります。入れても、シャワーのみで疲れて終わりです。
しあんさんは、入浴剤買ったので、入れる時はゆっくり湯船に浸かって、リラックスしてくださいね☆",2026-03-05T14:53:45Z
8RXHSSoJXaE,depression,【60歳うつ病生活】相変わらずしんどくて鈍臭い日々🍀ドラッグストア購入品紹介です😊,UgyYs19A-JraBrb9gXF4AaABAg,今日もありがとうございます🥰,2026-03-05T14:47:22Z
8Ji2to5PRSI,depression,Depresi Itu Nyata! Perjuangan Melawan Bayangan Gelap dalam Diri😧,UgzZ7-lEHKhXIrNYQJJ4AaABAg,😊,2026-03-05T14:28:14Z
G53JeAwz6xM,depression,24 Ghanta Depression 🤣😵‍💫😅#shorts #funny #trending #depression #akduboi,UgzOyZYqDtbP0IBNEk54AaABAg,🎉🎉🎉🎉🎉,2026-03-05T13:23:34Z
G53JeAwz6xM,depression,24 Ghanta Depression 🤣😵‍💫😅#shorts #funny #trending #depression #akduboi,UgzTVmU-hsfE1MZYzWF4AaABAg,😂😂😂😂😂,2026-03-05T13:23:30Z
93uuwjLurI0,depression,2 मिनिटात &#39;मन&#39; शांत करा! ज्योतिष आणि मंत्र साधना | Stop Depression &amp; Overthinking | Mental Peace,UgzkN8lBv_o67eyaOB54AaABAg,"आपापल्या पत्रिका बघितल्या तरी आम्हाला काय कळणार आहे त्यातल? तुमचा अभ्यास आहे त्या गोष्टीतला म्हणून तुम्हाला कळत तिथे फक्त आकडे आणि ग्रहांच्या नावाचे पहिले अक्षर असतात.😊😊हो माझं मन आहे अशांत अस्थिर,सतत विचार येतात रात्री झोपल्यावर पण मेंदूत मनात विचार सुरू असतात.",2026-03-05T19:50:53Z
93uuwjLurI0,depression,2 मिनिटात &#39;मन&#39; शांत करा! ज्योतिष आणि मंत्र साधना | Stop Depression &amp; Overthinking | Mental Peace,UgzWalKm1MxBtKElGCt4AaABAg,खूप खूप धन्यवाद मॅडम 🙏मी आज पासुन च प्राॅनायाम करनार आहे आणि तुम्ही खूप छान समजावून सांगता 🙏🙏,2026-03-05T17:01:03Z
93uuwjLurI0,depression,2 मिनिटात &#39;मन&#39; शांत करा! ज्योतिष आणि मंत्र साधना | Stop Depression &amp; Overthinking | Mental Peace,Ugzn2uy1KC2W4xPRKIx4AaABAg,मॅडम माझी जन्मतारीख आणि वेळेस वार मला माहीत नाही मग कश ठरवायचे,2026-03-05T15:52:49Z
93uuwjLurI0,depression,2 मिनिटात &#39;मन&#39; शांत करा! ज्योतिष आणि मंत्र साधना | Stop Depression &amp; Overthinking | Mental Peace,UgwAlSSMvDhiSPBUIJF4AaABAg,जय ज्योतिष 🙏🙏🙏💐,2026-03-05T15:31:54Z
93uuwjLurI0,depression,2 मिनिटात &#39;मन&#39; शांत करा! ज्योतिष आणि मंत्र साधना | Stop Depression &amp; Overthinking | Mental Peace,Ugx0kzVy9xbBCVxs7Qp4AaABAg,❤❤❤❤❤,2026-03-05T15:13:42Z
93uuwjLurI0,depression,2 मिनिटात &#39;मन&#39; शांत करा! ज्योतिष आणि मंत्र साधना | Stop Depression &amp; Overthinking | Mental Peace,UgzcKUCU0yXgzG5CCB14AaABAg,ho,2026-03-05T14:54:53Z
93uuwjLurI0,depression,2 मिनिटात &#39;मन&#39; शांत करा! ज्योतिष आणि मंत्र साधना | Stop Depression &amp; Overthinking | Mental Peace,UgzLCko7_ah3HW7iBYV4AaABAg,यासाठी ब्रेसलेट सांगा madam माझे pn अस्थिर राहते चंद्रमा कमजोर आहे,2026-03-05T14:52:20Z
93uuwjLurI0,depression,2 मिनिटात &#39;मन&#39; शांत करा! ज्योतिष आणि मंत्र साधना | Stop Depression &amp; Overthinking | Mental Peace,Ugwv-5OGK14eVyH_Wnp4AaABAg,Mala anxiety and depression cha tras ahe tyavar treatment chalu ahe,2026-03-05T14:22:42Z
93uuwjLurI0,depression,2 मिनिटात &#39;मन&#39; शांत करा! ज्योतिष आणि मंत्र साधना | Stop Depression &amp; Overthinking | Mental Peace,UgzPItS_9r9ReAkCIXh4AaABAg,Maza chandr ani guru kamzor ahe,2026-03-05T14:21:54Z
93uuwjLurI0,depression,2 मिनिटात &#39;मन&#39; शांत करा! ज्योतिष आणि मंत्र साधना | Stop Depression &amp; Overthinking | Mental Peace,UgxCbtWRxtPGcEUabnp4AaABAg,Me jarka rashicha ahe me konta mntra prefer kru,2026-03-05T12:42:01Z
93uuwjLurI0,depression,2 मिनिटात &#39;मन&#39; शांत करा! ज्योतिष आणि मंत्र साधना | Stop Depression &amp; Overthinking | Mental Peace,UgyRJBKnoJI1q3_qdrJ4AaABAg,Chanchal,2026-03-05T12:39:52Z
93uuwjLurI0,depression,2 मिनिटात &#39;मन&#39; शांत करा! ज्योतिष आणि मंत्र साधना | Stop Depression &amp; Overthinking | Mental Peace,UgyihG88iB1-Ll-ISGV4AaABAg,नमस्ते मॅडम हो मॅडम माझं पण असं कधी कधी अस्वस्थ होतो मन लागत नाही कशातच विचारा विचार डोक्यात येतो मॅडम हरे कृष्णा मॅडम,2026-03-05T12:33:55Z
93uuwjLurI0,depression,2 मिनिटात &#39;मन&#39; शांत करा! ज्योतिष आणि मंत्र साधना | Stop Depression &amp; Overthinking | Mental Peace,Ugxa9xCID4lqxxdRldV4AaABAg,हरी ॐ गुरू देव नमो शिवाय,2026-03-05T12:04:59Z
93uuwjLurI0,depression,2 मिनिटात &#39;मन&#39; शांत करा! ज्योतिष आणि मंत्र साधना | Stop Depression &amp; Overthinking | Mental Peace,UgwggPrZi-PC633V6Pt4AaABAg,हरे कृष्णा मॅडम,2026-03-04T03:55:20Z
XOZrIBMoZFo,depression,1 in 5 women in India experience postpartum depression. #preganews  #womensday #postpartum,Ugyx_ik1MV6p5AJd_IF4AaABAg,Even I experienced the same 😢😢 even today after 6 years I can't get back to my work 😢😢😢,2026-03-05T23:33:36Z
XOZrIBMoZFo,depression,1 in 5 women in India experience postpartum depression. #preganews  #womensday #postpartum,UgzcNW_fPK9DMi66cUp4AaABAg,The worst is a women will come and say tumne weight put on kar liya hain reduce karo bhai bachcha 1 ka ho gaya hain,2026-03-05T17:19:39Z
XOZrIBMoZFo,depression,1 in 5 women in India experience postpartum depression. #preganews  #womensday #postpartum,UgzbIt_EkDCo9LSp2JB4AaABAg,I think every women goes through the same...not 1 in 5 but every women😢,2026-03-05T16:22:52Z
XOZrIBMoZFo,depression,1 in 5 women in India experience postpartum depression. #preganews  #womensday #postpartum,UgwqR8SRhtd1G39VJEN4AaABAg,Wow..... this is really a very Good initiative,2026-03-05T15:24:43Z
XOZrIBMoZFo,depression,1 in 5 women in India experience postpartum depression. #preganews  #womensday #postpartum,Ugx9aBrSCLNdpI-5zHl4AaABAg,Very saddist tone,2026-03-05T15:09:55Z
XOZrIBMoZFo,depression,1 in 5 women in India experience postpartum depression. #preganews  #womensday #postpartum,UgyzKkPlc9ogvGf5vKp4AaABAg,Incredible topic ✨⭐,2026-03-05T13:26:07Z
XOZrIBMoZFo,depression,1 in 5 women in India experience postpartum depression. #preganews  #womensday #postpartum,UgzWII-EYNfpRYu2osd4AaABAg,Very Good Advertisement. This is a message to spread. Much less talked about.....,2026-03-05T13:09:39Z
XOZrIBMoZFo,depression,1 in 5 women in India experience postpartum depression. #preganews  #womensday #postpartum,UgwAU3h4d7uSgsR2UWl4AaABAg,"Poatpartum depression changes a woman completely.
She never remains the same.",2026-03-05T12:51:39Z
v8DlQEm8Sw4,depression,Build a shelter in a depression.survival alone ,Ugzki5emrx3OXmv4Mk94AaABAg,👍🏼🥰👌🏼🤗👍🏼😍👌🏼🤩👍🏼😉👌🏼😘👍🏼😋👌🏼🤤💝💖💐🎁🧸🧚‍♀️🧜‍♀️,2026-03-05T20:47:26Z
v8DlQEm8Sw4,depression,Build a shelter in a depression.survival alone ,UgwODHNfgT4-yJbSaG54AaABAg,"Another wonderful video from you, like the shelter with the camo ish roof..so cool🥰
Thank you for sharing…",2026-03-05T20:44:20Z
v8DlQEm8Sw4,depression,Build a shelter in a depression.survival alone ,UgzCDUl5bsKPBmczzAF4AaABAg,"Giang Bay. Với tất cả sự kính trọng, Giang à, em ngày càng xinh đẹp hơn. Em là một người phụ nữ xinh đẹp.",2026-03-05T20:14:11Z
v8DlQEm8Sw4,depression,Build a shelter in a depression.survival alone ,UgwHhUdLLUiJrZsczyN4AaABAg,"Hi Bay! I love watching you when you first arrive a new location, your mind is thinking of all the wonderful things you can do. At that point you are like a computer. And then you put it into action. Never taking shortcuts, is it sturdy, roomy, waterproof, looks good, you've covered it all. Next . . . dinner!  And it's nice to see you relax at the end. Thank you for working hard and sharing with us. Your very good friend Rich in America 🌹 Chào Bay! Tớ thích ngắm cậu khi cậu vừa đến một địa điểm mới, đầu óc cậu toàn nghĩ đến những điều tuyệt vời mà cậu có thể làm. Lúc đó cậu giống như một chiếc máy tính vậy. Và rồi cậu bắt tay vào thực hiện. Không bao giờ đi đường tắt, cậu đã chuẩn bị mọi thứ: chắc chắn, rộng rãi, chống nước, đẹp mắt, tất cả đều được tính đến. Tiếp theo… bữa tối! Và thật tuyệt khi thấy cậu thư giãn vào cuối ngày. Cảm ơn cậu vì đã làm việc chăm chỉ và chia sẻ với chúng tớ. Người bạn rất tốt của cậu, Rich ở Mỹ 🌹",2026-03-05T19:49:00Z
v8DlQEm8Sw4,depression,Build a shelter in a depression.survival alone ,UgwcQXVnhr9kdJWevA54AaABAg,"Hallo giang meine liebe. Super video,in normaler geschwindigkeit.finde ich super.das musst du immer machen.mir gefällt das. Du bist die beste und wunderschön.alles liebe.❤🥰",2026-03-05T17:04:44Z
v8DlQEm8Sw4,depression,Build a shelter in a depression.survival alone ,UgzfvuLh7r5XyPao9y94AaABAg,❤❤❤,2026-03-05T13:15:31Z
v8DlQEm8Sw4,depression,Build a shelter in a depression.survival alone ,Ugy7wMl3uX7K-svOQ_94AaABAg,Hi my dear Bay. Many thanks for this very nice video. I likke it very much. Tha shelter you built today loooks very nice. Bravo. 👍👏 I like the coverage of the roof. You look beautiful sweetheart. All the best and see you soon. Hugs and sweet kisses to you my lovely friend. ❤❤❤💕💑💞💋,2026-03-05T12:27:08Z
v8DlQEm8Sw4,depression,Build a shelter in a depression.survival alone ,UgxwaYOs13cOznTYsCd4AaABAg,❤️‍🩹❤️‍🩹❤️‍🩹hi beautiful giang 🥰,2026-03-05T12:14:09Z
0GfpXZndCmI,depression,24 hours depression 😂 #shorts #depression #24hours #funny,UgwmMAUzqhGjEvF2LAp4AaABAg,Depression 😂,2026-03-05T11:59:52Z
KgRGkn7M10s,depression,me depression me rahta hu hamesa #shots #viral #trending #funny #youtubeshorts,UgwlhUQQy14GrxZPgdR4AaABAg,Snacks😂😂😂😂,2026-03-05T16:12:57Z
1AOw3E4WiLs,depression,depression 😂😃 #amitprank #youtubeshorts #funny #reel #comedy #reel #,UgxQ0vFjoS5crtddO6t4AaABAg,😂😂😮,2026-03-05T11:42:03Z
99ZwE9Ig8w0,depression,DEPRESSÃO E BAIXA LIBIDO COM DECA E NPP,UgyZwGELWbMv3e7SB794AaABAg,"Deca pra mim deu ruim, caí numa ansiedade e depressão, só qdo saiu tudo do organismo voltei ao normal rsrs",2026-03-05T15:04:49Z
t1Vr0qE1fmI,depression,माझा आयुष्यात काय चालंय ...🥹💔 #depression #angry #lifeisbutadream #sad #alone #shorts,Ugw9HKLyy5JAAxIt8Wt4AaABAg,😢😢,2026-03-05T10:11:59Z
67FeMSaz104,depression,I hope anurag dhobal come out from depression . Listen my stories strugglers please don&#39;t suiside😭,UgweL-rUSu_ojSqUczl4AaABAg,👍👍👍👍👍,2026-03-05T15:03:59Z
67FeMSaz104,depression,I hope anurag dhobal come out from depression . Listen my stories strugglers please don&#39;t suiside😭,UgyxZCCo3CIagxBJcDx4AaABAg,Where are you come from,2026-03-05T14:15:10Z
67FeMSaz104,depression,I hope anurag dhobal come out from depression . Listen my stories strugglers please don&#39;t suiside😭,UgzJhQv6Yo9DanTAWD54AaABAg,Very true madam ji,2026-03-05T14:08:17Z
JCA_UWYYlyk,depression,Depression 😛#youtubeshorts #funny #reels #shorts #shortsvideo#trending #trendingshorts #funnyshorts,Ugx3aIG9R4ThLBhZoLt4AaABAg,😂😂😂😂😂,2026-03-05T16:21:28Z
CEvI-B0uqTQ,depression,Depression Mein Ja Raha Tha...🤕 फिर ये सुन लिया🌸💯 #shorts #motivation #shrikrishna #viral,UgyCEBlcwZ879zKpx794AaABAg,❤❤❤❤,2026-03-05T09:06:25Z
CEvI-B0uqTQ,depression,Depression Mein Ja Raha Tha...🤕 फिर ये सुन लिया🌸💯 #shorts #motivation #shrikrishna #viral,UgyMvfJwDd0mf4_YaZR4AaABAg,Jai shree krishna,2026-03-05T09:03:04Z
7nHp8BeHYbE,depression,Sourav Joshi Depression Meme Roast 🔥,UgzSP53C4KulIEyEWOl4AaABAg,Sourav joshi ki monthly income to pata hi hoga allen bhai ko fir kuch kehne ki jarurat nahi hai,2026-03-05T17:17:49Z
7nHp8BeHYbE,depression,Sourav Joshi Depression Meme Roast 🔥,UgzHR2A-Vzwe5rykVDh4AaABAg,Aare free ka views 😂😂😂😂,2026-03-05T17:03:02Z
7nHp8BeHYbE,depression,Sourav Joshi Depression Meme Roast 🔥,UgzR6Jv-rXTUQQDOUXt4AaABAg,Bhai maine 999 se 1000 va like Kiya hai,2026-03-05T15:06:09Z
7nHp8BeHYbE,depression,Sourav Joshi Depression Meme Roast 🔥,Ugy0rcoZX9WwvzhsasJ4AaABAg,Kujh bhi 😂😂,2026-03-05T14:53:13Z
7nHp8BeHYbE,depression,Sourav Joshi Depression Meme Roast 🔥,UgyJu20Iq-hdPJ6cZ-p4AaABAg,😅😮,2026-03-05T13:53:27Z
7nHp8BeHYbE,depression,Sourav Joshi Depression Meme Roast 🔥,Ugx5y4ETTnouEzNOms14AaABAg,👇team who hate alien 😅,2026-03-05T13:29:41Z
7nHp8BeHYbE,depression,Sourav Joshi Depression Meme Roast 🔥,UgxX8kvAevXDu7hmogZ4AaABAg,सिंदूर देखो कितनी बचत कर रही है एक बूंद लगाएंगे उससे अच्छा,2026-03-05T12:39:48Z
7nHp8BeHYbE,depression,Sourav Joshi Depression Meme Roast 🔥,Ugwt35ic3_rRE5RrGSJ4AaABAg,Allen bhai pehle he aap acche video bnaate the miss the old allen 😢,2026-03-05T08:55:17Z
7nHp8BeHYbE,depression,Sourav Joshi Depression Meme Roast 🔥,Ugys8tJ_G2WRho6WYF54AaABAg,Sourav bhai ka naam sa views la raha hai😂😂😂,2026-03-05T08:36:36Z
7nHp8BeHYbE,depression,Sourav Joshi Depression Meme Roast 🔥,UgxSkpYTk9KY-k4kjq14AaABAg,Roast mat karna sourav bhai ko,2026-03-05T08:18:57Z
7nHp8BeHYbE,depression,Sourav Joshi Depression Meme Roast 🔥,Ugz6hNnyoLdqUHGjy6l4AaABAg,Woh fukra nhi h 😂😂😂 woh saurav joshi h 40 million plus fastest growing subscribers,2026-03-05T07:49:19Z
7nHp8BeHYbE,depression,Sourav Joshi Depression Meme Roast 🔥,Ugy_lSjD30Wmf637Qa14AaABAg,Bhabhi ne sahi ka hai bhai 😂,2026-03-05T07:45:32Z
7nHp8BeHYbE,depression,Sourav Joshi Depression Meme Roast 🔥,Ugw9FklcZlbkbuOtMpp4AaABAg,अब लगता है उसे बहुत कम आने लगे दूसरों के नाम पर व्यूज काम आता है और जीतने के साथ पुरुषों में भी सब्सक्राइबर और व्यूज नहीं आ पाएंगे ना इतना सौरभ जोशी अकेला कर बैठा है फुकरा इंसान खुद जैसी जेम्स वाट की वीडियो कॉपी करता है फुकरा इंसान को बोलता है सीखना चाहिए तेरे गुरु से भी ज्यादा अच्छा है फुकरा इंसान,2026-03-05T07:42:50Z
7nHp8BeHYbE,depression,Sourav Joshi Depression Meme Roast 🔥,Ugx_4vhB2WEUR9iw-eB4AaABAg,Shayad allen ke views aane band Ho Gaye han theek hai Sourav Joshi ki video se sabko views milte Hain per tujhe nahin milenge bhai😂lol,2026-03-05T07:38:28Z
7nHp8BeHYbE,depression,Sourav Joshi Depression Meme Roast 🔥,Ugzhz0cLZkXnAPpcPQh4AaABAg,😂😂,2026-03-05T07:36:30Z
7nHp8BeHYbE,depression,Sourav Joshi Depression Meme Roast 🔥,Ugzh5H5gg-nL1y_Vj_x4AaABAg,"Forget roasting him, you couldn't even lay a finger on him😂",2026-03-05T07:36:00Z
7nHp8BeHYbE,depression,Sourav Joshi Depression Meme Roast 🔥,Ugxbk8ZDwM52kercuG14AaABAg,❤❤❤❤❤,2026-03-05T07:35:59Z
7nHp8BeHYbE,depression,Sourav Joshi Depression Meme Roast 🔥,UgxXL75qnCArkWdE8jB4AaABAg,Aab aap aache video kyu nahi bana te ho😢😢😢,2026-03-05T07:35:39Z
7nHp8BeHYbE,depression,Sourav Joshi Depression Meme Roast 🔥,Ugy3X_dsvps9ChOhYJp4AaABAg,Views nhi aarhe alien bhai?,2026-03-05T07:34:41Z
7nHp8BeHYbE,depression,Sourav Joshi Depression Meme Roast 🔥,Ugxff7024rgrPyqNcgR4AaABAg,"Aryan AllenChoudhary 
👖👕😎😎🎉🎉",2026-03-05T07:34:36Z
7nHp8BeHYbE,depression,Sourav Joshi Depression Meme Roast 🔥,UgwCfNq7MXr_mfUDTq14AaABAg,Abe chal 🤡,2026-03-05T07:33:32Z
MGZEaAhpDrw,depression,Hier beginnt deine Depression! #blockadenlösen #schamanismus #depression,UgyuYKNtZyxF_ddGa194AaABAg,sich mal aus dem hamsterrad zu befreien würd schon vielen helfen...,2026-03-05T14:09:59Z
MGZEaAhpDrw,depression,Hier beginnt deine Depression! #blockadenlösen #schamanismus #depression,Ugxfprfls3Pq8PQWSIh4AaABAg,Oh je,2026-03-05T10:47:10Z
MGZEaAhpDrw,depression,Hier beginnt deine Depression! #blockadenlösen #schamanismus #depression,Ugw5xWcFlNyJ6fkJRHd4AaABAg,": ) sich selbst aushalten DÜRFEN.
""Komm, ich mute mich mich selbst jetzt mal zu! Das darf! ich."" 
Ich mag diese Formulierung - sehr.
🌺",2026-03-05T09:30:26Z
MGZEaAhpDrw,depression,Hier beginnt deine Depression! #blockadenlösen #schamanismus #depression,UgwmuvoFzZJolObgaC54AaABAg,"Sie haben Babylon erschaffen, und hören nicht auf
- in Großstädten gesund zu bleiben ist einfach nicht möglich.
Wer social media konsumiert auch nicht.
Alles so designed.

Nicht verrückt machen lassen..
Ihr seid ok so wie ihr seid.
🌻",2026-03-05T08:37:45Z
MGZEaAhpDrw,depression,Hier beginnt deine Depression! #blockadenlösen #schamanismus #depression,Ugy4gkAtpMCbkMbyWX94AaABAg,Oh ja.. wie wahr 🫣,2026-03-05T07:20:57Z
5NoFsDSgLTY,depression,Кишечник и депрессия #личность #психологшамильфаталиев #кишечник #депрессия,UgyyA-m9dJ0Ma1Yzakh4AaABAg,В первую очередь надо идти к Богу. И владеть своими чувствами. Идите за святыми.то наше спасение. Святые не нуждаются в аптеке,2026-03-06T01:15:41Z
5NoFsDSgLTY,depression,Кишечник и депрессия #личность #психологшамильфаталиев #кишечник #депрессия,Ugxf0nPZJklbfDXdpBJ4AaABAg,А как насчёт гемато-енцефалического барьера??,2026-03-06T00:49:35Z
FKxY7dfeU3Q,depression,Depression... 🧐 #shorts #depression #play #trending #viral,UgxyR_edW7YAlBbEzdV4AaABAg,😂😂,2026-03-05T05:23:46Z
3-oHFOpoz4A,depression,One Tap is My Only Escape 💔 #Depression #FreeFire&quot;,UgzixE_RHJZ0lY25FPV4AaABAg,"Khamoshi mein hi sukoon hai... 🌑 Ek aur One Tap montage aap sab ke liye. Subscribe for more! 🔥""",2026-03-05T04:41:23Z
3-oHFOpoz4A,depression,One Tap is My Only Escape 💔 #Depression #FreeFire&quot;,UgzQ05-qISNSE8Clz7x4AaABAg,😮😮😮😮,2026-03-05T15:27:32Z
3-oHFOpoz4A,depression,One Tap is My Only Escape 💔 #Depression #FreeFire&quot;,UgybkxwUq-ltLGLvKtF4AaABAg,Nice bro 👍👌,2026-03-05T04:54:15Z
3-oHFOpoz4A,depression,One Tap is My Only Escape 💔 #Depression #FreeFire&quot;,Ugx7BTDyl9Ut4iRAhwR4AaABAg,Op bro 👍,2026-03-05T04:52:21Z
3-oHFOpoz4A,depression,One Tap is My Only Escape 💔 #Depression #FreeFire&quot;,UgyQR-vJe_LuqpmzFo54AaABAg,Nice bro 👍,2026-03-05T04:50:37Z
LSgl3OJtbO0,depression,#shorts #nostalgia #aniversario #shortsfeed #depression #ansiedad #shorts #deprem #viral #trending,Ugzpfk38zhcGyfj7ff94AaABAg,Guíen se fue,2026-03-05T17:22:18Z
LSgl3OJtbO0,depression,#shorts #nostalgia #aniversario #shortsfeed #depression #ansiedad #shorts #deprem #viral #trending,UgwhsE9S93-xLk2Hw6B4AaABAg,8 meses y la extrano un monton mami tqm❤😂🎉,2026-03-05T05:26:33Z
LSgl3OJtbO0,depression,#shorts #nostalgia #aniversario #shortsfeed #depression #ansiedad #shorts #deprem #viral #trending,Ugz55Zq5xppEzNxL8RV4AaABAg,"Pueden pasar 10,20 años y seguirá siendo el mismo dolor desgarrador que siente el alma.",2026-03-05T04:43:00Z
u84mO1-qQyg,depression,मैं हर दम डिप्रेशन में रहता हूं #kingbhaiup45 #desicomedy #comedycomedyfilms #depression #funny,UgwJplKNnadteHdgolV4AaABAg,😂😂😂😂😂😂😂,2026-03-05T05:19:22Z
u84mO1-qQyg,depression,मैं हर दम डिप्रेशन में रहता हूं #kingbhaiup45 #desicomedy #comedycomedyfilms #depression #funny,Ugx2GDTziJqPZzdGQG54AaABAg,❤❤🎂🙏🌹🎉😂🥰,2026-03-05T05:01:46Z
1CJdNUIp3GU,depression,#leccionesdevida #nostalgia #depression #shorts #fyp #teamo #love #llamadas#depression #tristeverano,Ugx519xxjLpYdB3XHcR4AaABAg,Gracias a Jehová Dios por la vida gracias a Dios los bendiga bendiciones gracias por igual para mí y Jehová Dios me bendiga y me mande muchas bendiciones para mí gracias Jehová Dios por amarme ❤😊😊😊,2026-03-05T20:34:44Z
m-hu2cMqWJM,depression,The UK07 Rider Depression &amp; Family Issues | Truth Behind the Recent Video@TheUK07Rider @Babubhaiya07,UgySLAA6uP_2qsUdsNJ4AaABAg,kisne kaha tha rent se gadiya lene ko views keliye oor to oor i bet ye sab bhi views keliye karraha hai,2026-03-05T05:35:28Z
D8ycN9Sem6o,depression,A Self Help Guide for Anxiety &amp; Depression 🧘🏼‍♂️ (It’s Curable),Ugzq5gADC9H5F6aho1R4AaABAg,"Sir please ek Eid ke liye special video banaaiye please  list complement getting type ,😇❤️",2026-03-05T20:28:51Z
D8ycN9Sem6o,depression,A Self Help Guide for Anxiety &amp; Depression 🧘🏼‍♂️ (It’s Curable),Ugzfe95zD440ikplNDB4AaABAg,"Tree of Love:

Fruit of love is oft bitter;
Seldom sour but never sweet.
Do not pluck it for a treat,
To sate the ever-hungry heart -
Nigh today; the morrow apart.

Tree of love: the tree of wants,
A sceptre that forever haunts
The hearts of unwise men,
Lost in the vigour of a den -
Made of bones, flesh, and blood,
A marvel today, tomorrow mud.

Soul’s Love: the perfect Love,
One who knows is ever above
The endless web of me and you,
Old today; forever new.

Myriad forms but One in all,
Lion’s roar or a cuckoo’s call.
He is Love, I forever say,
And the Tree of Love is heaven’s play.

By- Kanav Dev Sharma. 

Dr. Sahab, I wrote this poem a few years ago. It resonates with the subtle nuances of your noble post.",2026-03-05T19:27:31Z
D8ycN9Sem6o,depression,A Self Help Guide for Anxiety &amp; Depression 🧘🏼‍♂️ (It’s Curable),UgxPPBks0BJHlMoY28F4AaABAg,❤,2026-03-05T18:42:59Z
D8ycN9Sem6o,depression,A Self Help Guide for Anxiety &amp; Depression 🧘🏼‍♂️ (It’s Curable),Ugy46wCiBySUhi2Y5Ex4AaABAg,"For the past 4 years i have been getting panic attacks when I sleep, and  2 years ago i was diagnosed with bipolar disorder, and I also have ADHD. I'm still going through it, all these things happened to me because of something which have happend in my life, and I still haven't shared this with my parents or my sibling but after seeing the whole video i feel a bit light, I really don't know why, but yeah 

Thanks for this bhai, appreciate it a lot❤",2026-03-05T17:08:18Z
D8ycN9Sem6o,depression,A Self Help Guide for Anxiety &amp; Depression 🧘🏼‍♂️ (It’s Curable),Ugw36kzi1apxo8LCIjd4AaABAg,"Bhaiya, you may agree to this that by observing nature i.e watching rivers flora and fauna and listening birds insect and jungle sounds itself a medicine to relieve stress and anxiety",2026-03-05T16:56:37Z
D8ycN9Sem6o,depression,A Self Help Guide for Anxiety &amp; Depression 🧘🏼‍♂️ (It’s Curable),UgxGRh4z1wT2yA5pyx14AaABAg,Tedx < Gurujix,2026-03-05T15:37:41Z
D8ycN9Sem6o,depression,A Self Help Guide for Anxiety &amp; Depression 🧘🏼‍♂️ (It’s Curable),UgxpBlb3UNAvCVrzZDZ4AaABAg,Love from Pakistan,2026-03-05T15:36:21Z
D8ycN9Sem6o,depression,A Self Help Guide for Anxiety &amp; Depression 🧘🏼‍♂️ (It’s Curable),UgyEnbM7Ik4wZMwmAex4AaABAg,Thank you Guruji. Really needed to hear that. Been feeling lost  lately.,2026-03-05T14:18:11Z
D8ycN9Sem6o,depression,A Self Help Guide for Anxiety &amp; Depression 🧘🏼‍♂️ (It’s Curable),UgzuJg5Dd1HGu_ZB_IF4AaABAg,Thank you for this video. From discussing notes of perfumes to notes for life...🙏,2026-03-05T12:49:07Z
D8ycN9Sem6o,depression,A Self Help Guide for Anxiety &amp; Depression 🧘🏼‍♂️ (It’s Curable),UgyKMpigQKc4EqLeqLJ4AaABAg,Thank you 🙏 accepting request.. this very important topic no one understands till u own suffer.. ghar waley hi mazak banatey hai 😂.. depression is gift from ur own freind and family,2026-03-05T12:47:18Z
D8ycN9Sem6o,depression,A Self Help Guide for Anxiety &amp; Depression 🧘🏼‍♂️ (It’s Curable),UgzaMQECcxeIUoYlLwx4AaABAg,"Love you Guruji.❤I have been battling undiagnosed ADHD and social anxiety due to premature hairfall and greying, psoriasis, obesity. I cannot face my old friends or talk to new people. I have zero self respect and will power left. Have been smoking since high school on and off. But I still believe that one day I will be able to deal with all this and learn to respect myself and take up space in this world. Today was a very low day for me but saw your video. I feel scared to go for professional help maybe because I don't want to label myself, still thinking on it. Thanks a lot.",2026-03-05T11:36:01Z
D8ycN9Sem6o,depression,A Self Help Guide for Anxiety &amp; Depression 🧘🏼‍♂️ (It’s Curable),UgyyYDeQrNgqM1fvVaR4AaABAg,Hello Guruji ❤ Thank you for taking time and making these types of video ❤ its Really help us 🙏🏻,2026-03-05T11:16:57Z
D8ycN9Sem6o,depression,A Self Help Guide for Anxiety &amp; Depression 🧘🏼‍♂️ (It’s Curable),UgzC4YxUDCrKaa4pIcN4AaABAg,Most beautiful channel on Youtube,2026-03-05T11:02:15Z
D8ycN9Sem6o,depression,A Self Help Guide for Anxiety &amp; Depression 🧘🏼‍♂️ (It’s Curable),UgzgB0Ixxcqh7res-EF4AaABAg,"Sir i am literally crying after hearing 
God bless you ❤",2026-03-05T10:27:34Z
D8ycN9Sem6o,depression,A Self Help Guide for Anxiety &amp; Depression 🧘🏼‍♂️ (It’s Curable),UgxBgR9yLAQMJyT--CV4AaABAg,Thanks for the video ❤,2026-03-05T09:55:56Z
D8ycN9Sem6o,depression,A Self Help Guide for Anxiety &amp; Depression 🧘🏼‍♂️ (It’s Curable),UgzxoMRFvDda6S-nALh4AaABAg,"Dear sir, I can’t find your old videos I wanted to see your Afnan supremacy review, why have you deleted them?",2026-03-05T09:24:49Z
D8ycN9Sem6o,depression,A Self Help Guide for Anxiety &amp; Depression 🧘🏼‍♂️ (It’s Curable),Ugw_hbKIcOWTTC-jWPh4AaABAg,"Sansar me dukh he.
Dukh ke kaaran he.
Dukh ke nivaran he.
Nivaran ke liye marg he.",2026-03-05T08:58:15Z
D8ycN9Sem6o,depression,A Self Help Guide for Anxiety &amp; Depression 🧘🏼‍♂️ (It’s Curable),UgxTrvcGZdMb0xf_EvB4AaABAg,from notes of perfumes to notes for life ❤,2026-03-05T08:34:47Z
D8ycN9Sem6o,depression,A Self Help Guide for Anxiety &amp; Depression 🧘🏼‍♂️ (It’s Curable),Ugz367WXfKA1ZTVqy9l4AaABAg,Thank you so much ese video ki zrurat bohot h hame,2026-03-05T08:27:21Z
D8ycN9Sem6o,depression,A Self Help Guide for Anxiety &amp; Depression 🧘🏼‍♂️ (It’s Curable),UgydNZVyb-8RNjxs8Md4AaABAg,"Guruji, kya pahado pe jake rehne ka man karta hai, kya ye sahi hai, ya koi naya fitoor hai ya koi naya rog hai ?",2026-03-05T08:18:28Z
D8ycN9Sem6o,depression,A Self Help Guide for Anxiety &amp; Depression 🧘🏼‍♂️ (It’s Curable),UgzZRrHuBAV12LyFfnB4AaABAg,"Sandeep Maheshwari - ❌️ 
perfume guru( dr. Sahab) - ✅️

Dhanyawaad sir ❤",2026-03-05T08:05:08Z
D8ycN9Sem6o,depression,A Self Help Guide for Anxiety &amp; Depression 🧘🏼‍♂️ (It’s Curable),Ugx3pVLNK4hXYBqPCUJ4AaABAg,"Video 🎇
Can we have these type of video once in a month",2026-03-05T07:53:50Z
D8ycN9Sem6o,depression,A Self Help Guide for Anxiety &amp; Depression 🧘🏼‍♂️ (It’s Curable),Ugyr23oZ0k63xF2jeih4AaABAg,Sir mera budget 1000 h mjhe koi summer perfume suggest kr djiyena please 🙏,2026-03-05T06:31:49Z
D8ycN9Sem6o,depression,A Self Help Guide for Anxiety &amp; Depression 🧘🏼‍♂️ (It’s Curable),Ugx2ldSz53gAKNk0tg94AaABAg,Guruji 🙂‍↕️,2026-03-05T06:27:15Z
D8ycN9Sem6o,depression,A Self Help Guide for Anxiety &amp; Depression 🧘🏼‍♂️ (It’s Curable),UgymPvrThqjLd6xgPvZ4AaABAg,America is the country having highest rapes in the whole world but yet the media gave Delhi the rape capital tag.,2026-03-05T06:21:42Z
D8ycN9Sem6o,depression,A Self Help Guide for Anxiety &amp; Depression 🧘🏼‍♂️ (It’s Curable),UgzCJOLTZ0RITNjdghJ4AaABAg,"Dr sahab, kya pital or kansa ke bartan main khana chahiya, koi nuksaan to nahi hoga?",2026-03-05T05:50:48Z
D8ycN9Sem6o,depression,A Self Help Guide for Anxiety &amp; Depression 🧘🏼‍♂️ (It’s Curable),UgxPJxWjPfx3W8PCbM54AaABAg,"Perfume Guru ✅
Life Guru ✅✅

Thank you for this Nikhil Sir!",2026-03-05T05:35:11Z
D8ycN9Sem6o,depression,A Self Help Guide for Anxiety &amp; Depression 🧘🏼‍♂️ (It’s Curable),Ugz3X-8x2tDzVQ0FgQx4AaABAg,"Thanks Guruji ❤❤❤. This is a topic that resonates with nearly all and sundry. A disease which is not given importance to. A silent killer. Will forward this to a few friends who require this guidance 👍🏾👍🏾👍🏾pls continue ur good work. I was saddened by only one thing, being a tamilian I am an avid filter coffee drinker. I guess  u now know why I am saddened 😃😃😃",2026-03-05T05:05:12Z
D8ycN9Sem6o,depression,A Self Help Guide for Anxiety &amp; Depression 🧘🏼‍♂️ (It’s Curable),UgzxG8mvLcrl33wJfCh4AaABAg,"15:56 ""bhala bhok denge"" 😂😂😂 spit my coffee all over my phone 😅😂😂",2026-03-05T05:00:14Z
D8ycN9Sem6o,depression,A Self Help Guide for Anxiety &amp; Depression 🧘🏼‍♂️ (It’s Curable),UgwlRWSh1005MxzfJXx4AaABAg,"Keep dropping thease gems sir🫡
As a med student,Having u as a GURU in any field is a blessing...",2026-03-05T04:55:16Z
D8ycN9Sem6o,depression,A Self Help Guide for Anxiety &amp; Depression 🧘🏼‍♂️ (It’s Curable),UgxgrdUlHrEf6hGvvCB4AaABAg,Sir these videos you are putting up regarding mental physical health are really gr8 and best motivation and help for me,2026-03-05T04:37:26Z
D8ycN9Sem6o,depression,A Self Help Guide for Anxiety &amp; Depression 🧘🏼‍♂️ (It’s Curable),UgzNvOzMak99cY7j1j14AaABAg,"♥️I love the outdoors intro. 
This video is so close to home. Thank you, Sir for putting out such incredible content. You are a great teacher. 🌟",2026-03-05T04:31:29Z
D8ycN9Sem6o,depression,A Self Help Guide for Anxiety &amp; Depression 🧘🏼‍♂️ (It’s Curable),UgyXUokOygk9E4HePGp4AaABAg,"Thank u sir........
Sir main natural oud attar try  karna chata hu.
Kya main attar ayub and co.
Colaba wale ke dehnal oud hindi kadim  se start kar sakta hu........
Ya fir kisi aur house se start karu......,",2026-03-05T04:30:47Z
D8ycN9Sem6o,depression,A Self Help Guide for Anxiety &amp; Depression 🧘🏼‍♂️ (It’s Curable),UgzTyKmM_y86KthJ3LJ4AaABAg,"Bhaiya, aap Kamaal ho.. ❤",2026-03-05T04:29:46Z
D8ycN9Sem6o,depression,A Self Help Guide for Anxiety &amp; Depression 🧘🏼‍♂️ (It’s Curable),UgwzlUAwzLkzHJiOJ0x4AaABAg,Thank you for this! :) Breath of fresh air!,2026-03-05T03:59:44Z
D8ycN9Sem6o,depression,A Self Help Guide for Anxiety &amp; Depression 🧘🏼‍♂️ (It’s Curable),UgwFckJAM6ME11KM0h54AaABAg,This content is golden. 😊,2026-03-05T03:56:24Z
D8ycN9Sem6o,depression,A Self Help Guide for Anxiety &amp; Depression 🧘🏼‍♂️ (It’s Curable),Ugxl--3S1QlEAN46LBB4AaABAg,"Dhanyawad guru ji wo live bhot helpful tha indeed but delete ho gya tha then this video is no lesser than a boon for some 
And guruji i want to ask you something i m currently pursuing masters from Sydney its been 6 months but every thing still feel so distant even daily chores. Income and facilities etc are better here but I don’t ever felt i m living its more like surviving I don’t mind hardwork i always think of getting back home but that is not easy either 
If u can share your guidance it will helpful - should i stay and grt some work exp then come back or after my studies? Cause i always count on day till date to get back home  between sem break ?",2026-03-05T03:48:42Z
D8ycN9Sem6o,depression,A Self Help Guide for Anxiety &amp; Depression 🧘🏼‍♂️ (It’s Curable),Ugzw92PGiyk4boVD8Ax4AaABAg,Excellent,2026-03-05T03:48:37Z
D8ycN9Sem6o,depression,A Self Help Guide for Anxiety &amp; Depression 🧘🏼‍♂️ (It’s Curable),UgyMUB5pYKxbq7U1GUd4AaABAg,Thanks for your uplifting videos. Nature is mother and mother is so beautiful.,2026-03-05T03:36:58Z
D8ycN9Sem6o,depression,A Self Help Guide for Anxiety &amp; Depression 🧘🏼‍♂️ (It’s Curable),Ugz-gVtJXK2DIkjfpLN4AaABAg,Good morning guruji ❤❤,2026-03-05T03:35:17Z
P_cWxiIcuDI,depression,"Mother Pleads with Parents to Listen as Teen Battles Depression and Runs Away(MARCH 4TH, 2026)",UgwyNpDnOhADaEdQxk14AaABAg,What's  her name on tik  tok,2026-03-05T23:41:38Z
P_cWxiIcuDI,depression,"Mother Pleads with Parents to Listen as Teen Battles Depression and Runs Away(MARCH 4TH, 2026)",UgwU3ORvNvvhUtdothR4AaABAg,.,2026-03-05T20:38:41Z
P_cWxiIcuDI,depression,"Mother Pleads with Parents to Listen as Teen Battles Depression and Runs Away(MARCH 4TH, 2026)",UgzLqPl9VhpQGoKrjmB4AaABAg,Please baby girl Come home hunny so your mommy can feel better don't be afraid i hope everything is ok  with you come home,2026-03-05T20:23:23Z
P_cWxiIcuDI,depression,"Mother Pleads with Parents to Listen as Teen Battles Depression and Runs Away(MARCH 4TH, 2026)",UgzPKzqOD1ftGjtj6uh4AaABAg,ITS FEB 28 NOT MARCH 28..,2026-03-05T20:13:50Z
P_cWxiIcuDI,depression,"Mother Pleads with Parents to Listen as Teen Battles Depression and Runs Away(MARCH 4TH, 2026)",UgxgRCX3Pb5zptyYqCx4AaABAg,"Family lives are being destroyed, targeted in so many ways. There is not much quality  family life anymore. When there is a holiday for family to spend that quality at home with their children, business places open and children are being left alone with their gadgets.",2026-03-05T17:21:50Z
P_cWxiIcuDI,depression,"Mother Pleads with Parents to Listen as Teen Battles Depression and Runs Away(MARCH 4TH, 2026)",Ugwa_8k5UldyLLV1Mgx4AaABAg,Kids at school are so cruel,2026-03-05T14:34:38Z
P_cWxiIcuDI,depression,"Mother Pleads with Parents to Listen as Teen Battles Depression and Runs Away(MARCH 4TH, 2026)",UgygdZEbeXkYzlVVUH14AaABAg,"Teenagers go through so much, we parents have to pray on our knees daily for our children, young and old.",2026-03-05T13:17:07Z
P_cWxiIcuDI,depression,"Mother Pleads with Parents to Listen as Teen Battles Depression and Runs Away(MARCH 4TH, 2026)",Ugx1aeldgZS0lqqRLLF4AaABAg,"Teenagers go through so much, we parents have to pray on our knees daily for our children, young and old.",2026-03-05T13:16:50Z
P_cWxiIcuDI,depression,"Mother Pleads with Parents to Listen as Teen Battles Depression and Runs Away(MARCH 4TH, 2026)",Ugztt5NE0ybHuhjr-0J4AaABAg,Bring the child for elder Deterville to pray for her. It's obvious the child needs spiritual intervention.,2026-03-05T13:01:52Z
P_cWxiIcuDI,depression,"Mother Pleads with Parents to Listen as Teen Battles Depression and Runs Away(MARCH 4TH, 2026)",Ugy5wdNnVFBdSj5zZht4AaABAg,I hope she's ok and comes back home society is so bad and sad right now people have no remorse no compassion no connection just rather you than me thinking sadly even family values are lost,2026-03-05T12:04:03Z
P_cWxiIcuDI,depression,"Mother Pleads with Parents to Listen as Teen Battles Depression and Runs Away(MARCH 4TH, 2026)",Ugy89g_XiAm1uZhqpIR4AaABAg,I feel your pain you have to go through it to know it,2026-03-05T11:20:02Z
P_cWxiIcuDI,depression,"Mother Pleads with Parents to Listen as Teen Battles Depression and Runs Away(MARCH 4TH, 2026)",Ugz8_TR9FnTtdsKzAkV4AaABAg,"Check her nutrition while give her therapy.. detox , deworm magnesium zinc vitamin b etc is helpful.. and the food we eat, but she needs  help. I pray she's found and return safe.",2026-03-05T10:30:20Z
P_cWxiIcuDI,depression,"Mother Pleads with Parents to Listen as Teen Battles Depression and Runs Away(MARCH 4TH, 2026)",UgwSMGr7EmcsK2Zjrph4AaABAg,"Well it's the news the best place to come discuss the girl's problems???? Get a grip
.. why say all of this on the news!!!!!... say she is missing and plead for help... no need to expose her conversations etc..",2026-03-05T07:24:48Z
P_cWxiIcuDI,depression,"Mother Pleads with Parents to Listen as Teen Battles Depression and Runs Away(MARCH 4TH, 2026)",Ugz6huc9alItiksXC814AaABAg,A teenager who leaves without their phone is not a good sign.,2026-03-05T01:51:34Z
HNEf7upp-tk,depression,Ammo night aindhi idhi depression time !!,Ugz1imvYKQnpRyImBRR4AaABAg,Like Pain😢,2026-03-05T18:53:18Z
mHMa74Gzlgk,depression,Enough Is Enough!🧐Reclaim Your Joy &amp; Defeat Depression!😇 #bible #jesus #positivity #depression,UgxYj1PDXHLjqWI3dH14AaABAg,"AMEN TEACHER!!!!!!!!  ""THE JOY OF THE LORD IS  MY STRENGTH , AND I WILL BE STRONG IN THE LORD, AND IN THE POWER OF HIS MIGHT""    THANK YOU ON TODAY TEACHER....... BE BLESSED❤",2026-03-05T12:15:00Z
mHMa74Gzlgk,depression,Enough Is Enough!🧐Reclaim Your Joy &amp; Defeat Depression!😇 #bible #jesus #positivity #depression,Ugw8Hc19CJWVGa9tmal4AaABAg,Functioning ok cautious,2026-03-05T11:26:46Z
mHMa74Gzlgk,depression,Enough Is Enough!🧐Reclaim Your Joy &amp; Defeat Depression!😇 #bible #jesus #positivity #depression,Ugzlae7OSW5DArWHpTZ4AaABAg,Thank you for this! I needed it today. I was just asking God why He allowed me to feel this way today. Even felt it for the 2 hours while listening to audio Bible. Maybe I was still listening to my own thoughts instead. God must have told me to bring my grattitude journal with me tomorrow earlier tonight. Thank you for the confirmation. 🙏✨️,2026-03-05T05:02:29Z
mHMa74Gzlgk,depression,Enough Is Enough!🧐Reclaim Your Joy &amp; Defeat Depression!😇 #bible #jesus #positivity #depression,UgxeWdL2JyRa94QM5MR4AaABAg,When I’m alone god visits me with nature telling me I’m here!?,2026-03-05T03:22:32Z
mHMa74Gzlgk,depression,Enough Is Enough!🧐Reclaim Your Joy &amp; Defeat Depression!😇 #bible #jesus #positivity #depression,Ugz7VdBRdLP7VgqOnYR4AaABAg,I always see him in nature I hope you get to know!,2026-03-05T03:21:35Z
mHMa74Gzlgk,depression,Enough Is Enough!🧐Reclaim Your Joy &amp; Defeat Depression!😇 #bible #jesus #positivity #depression,UgwlrxR3Gx1OiaDG-K14AaABAg,Thank you Man of God for this word of Encouragement ....I really needed it,2026-03-05T01:48:08Z
ecoRfzTYVC8,depression,ยา Sertraline #ยาต้านเศร้า #วิตกกังวล #ซึมเศร้า #depression #แพนิค,UgzFeBDYj2gNECZnvPl4AaABAg,ขอบพระคุณอย่างสูงค่ะคุณหมอที่ให้ความรู้ในยาตัวนี้ค่ะ,2026-03-06T00:43:10Z
Z0IrRHOGBog,depression,முன்கோபம் உடையவரா நீங்கள் #உளவியல் #psychologyfacts #psychology #angry #depression #reels,UgxOzyjIGqbBV02Q0YF4AaABAg,Correct,2026-03-05T11:11:24Z
Z0IrRHOGBog,depression,முன்கோபம் உடையவரா நீங்கள் #உளவியல் #psychologyfacts #psychology #angry #depression #reels,Ugx4RRfcRfc9kLIvswx4AaABAg,மிக மிக உண்மை,2026-03-05T03:03:15Z
Z0IrRHOGBog,depression,முன்கோபம் உடையவரா நீங்கள் #உளவியல் #psychologyfacts #psychology #angry #depression #reels,UgzLr8d7gEVf6yJFBlR4AaABAg,நீங்கள் சொல்லுவது அனைத்தும் 💯 உண்மை sir எனக்கு மட்டுமே சொன்னது போலவே உள்ளது இ‌ந்த காணொளி,2026-03-05T02:13:40Z
Z0IrRHOGBog,depression,முன்கோபம் உடையவரா நீங்கள் #உளவியல் #psychologyfacts #psychology #angry #depression #reels,UgyOGHPeXsIQUEdfZg54AaABAg,Yes sir 🙏,2026-03-05T02:12:52Z
vHLPz-yd_3o,depression,La depresión también es una enfermedad,Ugx3Yzumd4_mvutUo754AaABAg,Yop😢😢😢😢,2026-03-05T20:09:48Z
P6nKbwGoA8c,depression,My seasonal depression is defrosting ☀️🤭 #shortvideo,UgyT7XRZq5q-2ygyWDd4AaABAg,So Cute ❤,2026-03-05T21:04:27Z
P6nKbwGoA8c,depression,My seasonal depression is defrosting ☀️🤭 #shortvideo,UgyNOP9ctriWaQGhBkh4AaABAg,Alvinnnnn!!! 🐿️,2026-03-05T04:31:34Z
P6nKbwGoA8c,depression,My seasonal depression is defrosting ☀️🤭 #shortvideo,UgzPGYSR_YMQYRwDjqx4AaABAg,Sweet video 🤎❤️,2026-03-04T23:54:09Z
P6nKbwGoA8c,depression,My seasonal depression is defrosting ☀️🤭 #shortvideo,Ugx1GoqtNvwjXXwvlG54AaABAg,🤩🤩🤩🤩🤩🤩🤩🤩,2026-03-04T23:14:08Z
P6nKbwGoA8c,depression,My seasonal depression is defrosting ☀️🤭 #shortvideo,UgyfCKO9c1dOzgeUhCh4AaABAg,Enjoy my two favorite people ❤❤❤❤,2026-03-04T23:13:31Z
P6nKbwGoA8c,depression,My seasonal depression is defrosting ☀️🤭 #shortvideo,Ugyerv1PLW_cvEBDyh94AaABAg,Went forwards and backwards in a parking lot going no where fast 😂 super cute! 🤍,2026-03-04T22:01:32Z
kFNrY8SLH6s,depression,Versus Clips That Cure Depression (Part 11) | Left 4 Dead 2,Ugx5YFGtj_HN9z3VtMF4AaABAg,6:25 WTF,2026-03-05T13:19:44Z
kFNrY8SLH6s,depression,Versus Clips That Cure Depression (Part 11) | Left 4 Dead 2,Ugw1xrCAyGFzJutXqSN4AaABAg,Clips that cause depression when?,2026-03-05T12:56:47Z
kFNrY8SLH6s,depression,Versus Clips That Cure Depression (Part 11) | Left 4 Dead 2,UgzsnLLRJFJ6lgYPugp4AaABAg,Can't access your live streams anymore. Did you hide them?,2026-03-05T08:08:48Z
kFNrY8SLH6s,depression,Versus Clips That Cure Depression (Part 11) | Left 4 Dead 2,Ugz0HnTWVwQqYf_uyPB4AaABAg,How do you get the infected to disappear once they get killed?,2026-03-05T05:05:17Z
kFNrY8SLH6s,depression,Versus Clips That Cure Depression (Part 11) | Left 4 Dead 2,Ugy2bs4rTO6DNnoq1N54AaABAg,go on cedapug and queue up!,2026-03-05T04:00:02Z
kFNrY8SLH6s,depression,Versus Clips That Cure Depression (Part 11) | Left 4 Dead 2,UgxSYzcIYLlsnQoJLOx4AaABAg,"I have a question,how often do you come across profiles with swa- I mean ""Windmills of friendship"" (have to censor for YT sake) in their username or pfp which also spam n word with hard r in L4D2 and how do you deal with them other than blocking and/or muting?",2026-03-05T03:44:49Z
kFNrY8SLH6s,depression,Versus Clips That Cure Depression (Part 11) | Left 4 Dead 2,UgzW5VqR2sRnLa3f3r14AaABAg,This channel keeps the spirit of the early 2000's internet alive. Thank you,2026-03-05T03:33:00Z
kFNrY8SLH6s,depression,Versus Clips That Cure Depression (Part 11) | Left 4 Dead 2,UgzCdkR427ncpNJpWrZ4AaABAg,boomer clip at the start made me lol,2026-03-05T00:46:27Z
kFNrY8SLH6s,depression,Versus Clips That Cure Depression (Part 11) | Left 4 Dead 2,UgyOlD3WbFXuyLoRpjN4AaABAg,"bruh i remember all of these games, i gotta hop on pubs again. 1:20 cured my depression",2026-03-04T23:51:09Z
kFNrY8SLH6s,depression,Versus Clips That Cure Depression (Part 11) | Left 4 Dead 2,UgxhBSh-3luQm_YNvVl4AaABAg,my depression still isnt cured. i need 20 more videos,2026-03-04T22:58:41Z
kFNrY8SLH6s,depression,Versus Clips That Cure Depression (Part 11) | Left 4 Dead 2,UgweSHVSv5lWerEa7Od4AaABAg,"1:20 c black f1 votekick for attempting to fly without permission

they probably were inventing a new airline",2026-03-04T22:21:57Z
kFNrY8SLH6s,depression,Versus Clips That Cure Depression (Part 11) | Left 4 Dead 2,UgzKdo5CAqNkZWK534Z4AaABAg,Being called a cheater mean you really good,2026-03-04T21:57:56Z
kFNrY8SLH6s,depression,Versus Clips That Cure Depression (Part 11) | Left 4 Dead 2,UgxSfeGEWaCBsZ6uoLV4AaABAg,Lorn,2026-03-04T21:51:45Z
AK0extf42l0,depression,DEPRESSION CANT HIT A MOVING TARGET,UgzJIAwBrAjd0O-6xq94AaABAg,That’s right friend!,2026-03-05T23:03:53Z
AK0extf42l0,depression,DEPRESSION CANT HIT A MOVING TARGET,UgyDuLFCxMqTYKB1pDt4AaABAg,This exactly what I’m doing today,2026-03-05T19:50:47Z
AK0extf42l0,depression,DEPRESSION CANT HIT A MOVING TARGET,UgxJw-aePFPeH84gVEx4AaABAg,Girl idk I keep running but she keep catching meeee. Also love ur apron it’s too cute 💙,2026-03-05T18:43:05Z
AK0extf42l0,depression,DEPRESSION CANT HIT A MOVING TARGET,UgwGKkOr391qMAM9UN94AaABAg,I haven’t heard that song in forever! 😂,2026-03-05T18:39:51Z
AK0extf42l0,depression,DEPRESSION CANT HIT A MOVING TARGET,UgzwRQgptGdNsOgdQhN4AaABAg,"Feeling cute, might delete later ahh video",2026-03-05T18:22:25Z
AK0extf42l0,depression,DEPRESSION CANT HIT A MOVING TARGET,UgyWFv2pJ9SAA-n-eAF4AaABAg,"You're an iconic queen for this, and I'm very sad this isn't a permanent/long term solution lol",2026-03-05T18:15:18Z
AK0extf42l0,depression,DEPRESSION CANT HIT A MOVING TARGET,UgxeMM-dW-tlxqhN4Fp4AaABAg,"Ugh, ur so beautiful dude",2026-03-05T18:08:21Z
AK0extf42l0,depression,DEPRESSION CANT HIT A MOVING TARGET,UgwAECZvAd-2hAwl_FJ4AaABAg,No this is to cute 😅,2026-03-05T17:52:15Z
AK0extf42l0,depression,DEPRESSION CANT HIT A MOVING TARGET,UgycWz4zyh2JqmnShxZ4AaABAg,"Ok good enough, welcome our new member of  New Jeans",2026-03-05T17:47:38Z
AK0extf42l0,depression,DEPRESSION CANT HIT A MOVING TARGET,Ugw5QYbmRddwtoRq-ER4AaABAg,tell me tell me tell me you want me want me want me too,2026-03-05T17:20:58Z
AK0extf42l0,depression,DEPRESSION CANT HIT A MOVING TARGET,Ugzfyl4RKzRkCTL2kUp4AaABAg,Time for me to put on some old school kpop and clean,2026-03-05T17:18:06Z
AK0extf42l0,depression,DEPRESSION CANT HIT A MOVING TARGET,UgwUJTa_5IftaCKbh0t4AaABAg,"TELL ME, TELL ME, T-T-T-T-T-TELL MEEEEEE",2026-03-05T17:02:18Z
AK0extf42l0,depression,DEPRESSION CANT HIT A MOVING TARGET,UgxAKONM8yyCd2Sd1nR4AaABAg,Cutie patootie fr,2026-03-05T16:25:17Z
AK0extf42l0,depression,DEPRESSION CANT HIT A MOVING TARGET,UgzViwi0f3TIl2JqmJV4AaABAg,Do a cute dance cuz cuties can’t get depression 😩💗💅,2026-03-05T15:48:23Z
AK0extf42l0,depression,DEPRESSION CANT HIT A MOVING TARGET,UgyEfgtypPWz4mcyMNd4AaABAg,My depression is a heat-seeking missile,2026-03-05T15:47:58Z
AK0extf42l0,depression,DEPRESSION CANT HIT A MOVING TARGET,Ugw_YYzPS94OgDACerd4AaABAg,Okay let's vibe 💃🕺,2026-03-05T15:11:31Z
AK0extf42l0,depression,DEPRESSION CANT HIT A MOVING TARGET,UgxS17qHCwjWfOXOW8J4AaABAg,Ummmmm what is this 😂😂😂😂,2026-03-05T12:27:45Z
AK0extf42l0,depression,DEPRESSION CANT HIT A MOVING TARGET,UgwP9vFwk4z0YmR6Nm14AaABAg,Girl I needed this today ❤️❤️❤️ Depression can't catch meeee 💃,2026-03-05T12:09:50Z
AK0extf42l0,depression,DEPRESSION CANT HIT A MOVING TARGET,UgwO0usYwlXVDlubvxx4AaABAg,I would totally use that dishwasher,2026-03-05T08:46:35Z
AK0extf42l0,depression,DEPRESSION CANT HIT A MOVING TARGET,UgxkB93jRAnovNoCkWR4AaABAg,God the iconicness of the Gee choreography. This warms my heart,2026-03-05T07:27:38Z
AK0extf42l0,depression,DEPRESSION CANT HIT A MOVING TARGET,Ugw5r7usy8cskBKdV9t4AaABAg,"Tell me, tell me, te-te-t-t-t-tell me~",2026-03-05T03:57:20Z
AK0extf42l0,depression,DEPRESSION CANT HIT A MOVING TARGET,UgwKBQA0Cv1uTUIcbwF4AaABAg,"You done inspired me to do my laundry tmrw morning, thank you 🫡🫡❤ your smile is contagious also",2026-03-05T03:52:19Z
AK0extf42l0,depression,DEPRESSION CANT HIT A MOVING TARGET,UgybfFfDR-vWdDcKgat4AaABAg,Facts ayyy yktv girl 💯🗽💎,2026-03-05T03:48:48Z
AK0extf42l0,depression,DEPRESSION CANT HIT A MOVING TARGET,Ugw-hSFexPyFMVbJhYN4AaABAg,😍😍🙂‍↔️🙂‍↕️😵‍💫🥴you tickle me babe I can watch this over and over,2026-03-05T03:34:57Z
AK0extf42l0,depression,DEPRESSION CANT HIT A MOVING TARGET,UgzHJuZip7_FfTHwWiV4AaABAg,Mommy??,2026-03-05T03:08:13Z
AK0extf42l0,depression,DEPRESSION CANT HIT A MOVING TARGET,UgyUN1RBK8DtnDVOcsR4AaABAg,Fuggin' love her!😊,2026-03-05T03:00:44Z
AK0extf42l0,depression,DEPRESSION CANT HIT A MOVING TARGET,UgzGmV3gKZk_0gqSpQl4AaABAg,Girl you’re so cute! ❤,2026-03-05T02:53:05Z
AK0extf42l0,depression,DEPRESSION CANT HIT A MOVING TARGET,Ugys-MzjGPNkiPSJl3B4AaABAg,That's my bias right there 🙂‍↕️✨️,2026-03-05T01:40:23Z
AK0extf42l0,depression,DEPRESSION CANT HIT A MOVING TARGET,UgzFWsgH_A5FH__rKhR4AaABAg,QT🥧,2026-03-05T01:19:01Z
AK0extf42l0,depression,DEPRESSION CANT HIT A MOVING TARGET,UgzPe-ZzbXjZwHXZqhV4AaABAg,Literally the whole package,2026-03-05T01:11:46Z
AK0extf42l0,depression,DEPRESSION CANT HIT A MOVING TARGET,Ugwz3KnIru7AsMP0KXJ4AaABAg,Oh you short short,2026-03-05T01:11:01Z
AK0extf42l0,depression,DEPRESSION CANT HIT A MOVING TARGET,UgypvZClZQMDT92Kc1B4AaABAg,Explaining mental wellness to an american: so imagine dodging a bullet,2026-03-05T00:45:59Z
AK0extf42l0,depression,DEPRESSION CANT HIT A MOVING TARGET,Ugy2M8zFRS_8I9s-q_14AaABAg,TATATATATATELLME,2026-03-05T00:36:10Z
AK0extf42l0,depression,DEPRESSION CANT HIT A MOVING TARGET,UgyQVtRS5jeyc84AUFV4AaABAg,Tell me tell me t-t-t tell me,2026-03-05T00:04:52Z
AK0extf42l0,depression,DEPRESSION CANT HIT A MOVING TARGET,UgwdkJz1hEw3RiEy1Od4AaABAg,YOU GET ITTT this song and any disco song or rihanna/bey song from the 2000s gets the dopamine going,2026-03-04T23:52:40Z
AK0extf42l0,depression,DEPRESSION CANT HIT A MOVING TARGET,UgzffEcWswDEKVmK8VN4AaABAg,Do the roar 🔥🔥🔥🐲👍,2026-03-04T23:43:56Z
AK0extf42l0,depression,DEPRESSION CANT HIT A MOVING TARGET,Ugxzepvf_nFt4b04B4h4AaABAg,So tea,2026-03-04T23:34:40Z
AK0extf42l0,depression,DEPRESSION CANT HIT A MOVING TARGET,Ugxl9ONaNQjJeCL9MBl4AaABAg,Plz don’t go bald,2026-03-04T22:46:23Z
AK0extf42l0,depression,DEPRESSION CANT HIT A MOVING TARGET,Ugx-Ja5x8ay0UADSkgR4AaABAg,I’d put a ring on it,2026-03-04T22:45:23Z
AK0extf42l0,depression,DEPRESSION CANT HIT A MOVING TARGET,UgzWa7LdLThZJzWz2e94AaABAg,Yaaas wondergirls,2026-03-04T22:43:29Z
AK0extf42l0,depression,DEPRESSION CANT HIT A MOVING TARGET,UgwlBl_1y_sisbOpswZ4AaABAg,❤,2026-03-04T22:27:28Z
AK0extf42l0,depression,DEPRESSION CANT HIT A MOVING TARGET,UgytB7iiwrj3YUYqUkd4AaABAg,Whiteknuckling life cause wtf else,2026-03-04T22:04:55Z
AK0extf42l0,depression,DEPRESSION CANT HIT A MOVING TARGET,Ugz9Lag60r8mKys2S_14AaABAg,SMASH! next question,2026-03-04T21:41:32Z
AK0extf42l0,depression,DEPRESSION CANT HIT A MOVING TARGET,UgxjxBfBfXuB1SL6vDB4AaABAg,Shake the hips! 🎉,2026-03-04T21:39:38Z
AK0extf42l0,depression,DEPRESSION CANT HIT A MOVING TARGET,UgztWJzCUaR8bNtm9294AaABAg,🫢 not expecting this song,2026-03-04T21:31:41Z
AK0extf42l0,depression,DEPRESSION CANT HIT A MOVING TARGET,UgzK7xXqSLn40xQwEGt4AaABAg,Dexter’s mom when no one was in the kitchen.,2026-03-04T21:24:14Z
AK0extf42l0,depression,DEPRESSION CANT HIT A MOVING TARGET,UgwMwiEy0WrNcbQ3v_l4AaABAg,"Ah yes, brings me back 100 years...",2026-03-04T21:21:35Z
AK0extf42l0,depression,DEPRESSION CANT HIT A MOVING TARGET,UgwV6KUpPXCIb4p3Xup4AaABAg,I loved this song. I remember when they performed this on Wendy Williams.,2026-03-04T20:45:36Z
AK0extf42l0,depression,DEPRESSION CANT HIT A MOVING TARGET,UgzrMQAnblE0Dg2Antt4AaABAg,Depression: “ gotcha b*tch “😅😂,2026-03-04T20:38:40Z
AK0extf42l0,depression,DEPRESSION CANT HIT A MOVING TARGET,Ugx2U5Hq8xX6s27wiIl4AaABAg,Good for you. Don't let depression win. Nothing worse than getting stuck in nothingness,2026-03-04T20:34:45Z
AK0extf42l0,depression,DEPRESSION CANT HIT A MOVING TARGET,Ugzi9PekqSm5b4n7W4V4AaABAg,i’m feeling like shit this morning bae I NEEDED THISS!!,2026-03-04T20:28:36Z
AK0extf42l0,depression,DEPRESSION CANT HIT A MOVING TARGET,Ugy2utBh7cKGvb15jQJ4AaABAg,oh she knowssss shes fineeee,2026-03-04T20:07:15Z
AK0extf42l0,depression,DEPRESSION CANT HIT A MOVING TARGET,UgzizXw-mtk9Db8d0-V4AaABAg,I am zig zapping myself. 😂😂😂❤❤,2026-03-04T19:44:47Z
AK0extf42l0,depression,DEPRESSION CANT HIT A MOVING TARGET,Ugz-6oNYwHtXK_d-UUV4AaABAg,moving to the wonder girls seems like the best way to get the good thoughts rolling❤,2026-03-04T19:43:46Z
AK0extf42l0,depression,DEPRESSION CANT HIT A MOVING TARGET,UgzieDWMwrpNTWcYCdd4AaABAg,My depression is full auto spray.,2026-03-04T19:36:36Z
AK0extf42l0,depression,DEPRESSION CANT HIT A MOVING TARGET,Ugw20YbweUlfc0hW74h4AaABAg,That's what I'm talking about friend!,2026-03-04T19:35:24Z
AK0extf42l0,depression,DEPRESSION CANT HIT A MOVING TARGET,UgyY2u4K3k3BSLKQEb54AaABAg,Dicked down for days ❤️ absolutely gorgeous,2026-03-04T19:22:40Z
AK0extf42l0,depression,DEPRESSION CANT HIT A MOVING TARGET,UgwdVKwco699MgsMa6R4AaABAg,"Not what I expected, love this! 
Gotta still have fun, love your friends/fam, & live your life even tho  the world seems to be burning down around us. At this point having any amount of joy, is a protest. ✨️",2026-03-04T19:13:46Z
AK0extf42l0,depression,DEPRESSION CANT HIT A MOVING TARGET,UgwKjNuEXh3375NXOBt4AaABAg,This is very true but unfortunately not sustainable 😭,2026-03-04T19:10:21Z
AK0extf42l0,depression,DEPRESSION CANT HIT A MOVING TARGET,UgwAgvU8-tWfZ7WH6v14AaABAg,Daily dose of dopamine received ✅️,2026-03-04T19:08:18Z
AK0extf42l0,depression,DEPRESSION CANT HIT A MOVING TARGET,UgzZZXiDJV8tZII_g9d4AaABAg,Slayingggg 👑 also girl where did you get that apron it's so cuteeee ✨,2026-03-04T19:07:25Z
AK0extf42l0,depression,DEPRESSION CANT HIT A MOVING TARGET,UgyQT6AnaHU3Qrw6sDh4AaABAg,this is a vibe fr,2026-03-04T19:04:36Z
AK0extf42l0,depression,DEPRESSION CANT HIT A MOVING TARGET,UgxKxU9k0XBRsdaTuLl4AaABAg,I haven't heard this song in ages. I still remember the choreo too. Wonder Girls were my everything 😂,2026-03-04T18:59:30Z
AK0extf42l0,depression,DEPRESSION CANT HIT A MOVING TARGET,UgybqO9Xz62nsCxALwZ4AaABAg,My wifey baby girl ily hun you are my sparkle in my day !!!! 💅✨,2026-03-04T18:56:52Z
AK0extf42l0,depression,DEPRESSION CANT HIT A MOVING TARGET,UgwXbB8kTDBtNYZci354AaABAg,wait….the caption is actually very beautiful and true…,2026-03-04T18:55:16Z
-nrdzJ-pf4g,depression,LIFE MOTIVATION🤟தமிழ்|Live life free| |🙌 avoid stress and depression 😊|,Ugziet4Jyc8X0ghRt_t4AaABAg,"வணக்கம். மிக்க நன்றி, மகிழ்ச்சி. ❤❤.paramasivam ❤❤😊😊😊😊❤",2026-03-04T21:19:14Z
-nrdzJ-pf4g,depression,LIFE MOTIVATION🤟தமிழ்|Live life free| |🙌 avoid stress and depression 😊|,Ugw8Xq3HKZVZZ27dobx4AaABAg,❤❤,2026-03-04T18:20:07Z
-nrdzJ-pf4g,depression,LIFE MOTIVATION🤟தமிழ்|Live life free| |🙌 avoid stress and depression 😊|,Ugyu7cri4U1rKd5h4394AaABAg,❤❤,2026-03-04T18:17:45Z
-nrdzJ-pf4g,depression,LIFE MOTIVATION🤟தமிழ்|Live life free| |🙌 avoid stress and depression 😊|,Ugw4YtMxySF3GscdmBV4AaABAg,Be positive 😊,2026-03-04T18:05:46Z
bnN6ouWi0tg,depression,20 Forgotten Plants Our Grandparents Grew To Survive The Great Depression,UgzAv5r1abD72JlgZCp4AaABAg,buen video,2026-03-05T04:06:24Z
bnN6ouWi0tg,depression,20 Forgotten Plants Our Grandparents Grew To Survive The Great Depression,UgwCFAVp4mbhnAO9rah4AaABAg,"Society has been duped for centuries. After Gaia cleanses the filth, this needs to comeback. All gardens will be back to houses and clean air and nothing but pure, honest intentions and not this controlling, manipulating, narcissistic bull crap that we have to deal with these days. Namaste 🙏",2026-03-04T19:03:48Z
bnN6ouWi0tg,depression,20 Forgotten Plants Our Grandparents Grew To Survive The Great Depression,Ugx5R179EkWRSgFScV54AaABAg,"Thank you so much for creating this amazing list. I'm not a survivalist, but I'm very much into learning about forgotten ways to live simpler, using herbs to heal, and honoring the earth through natural gardening. ❤",2026-03-04T18:21:05Z
bnN6ouWi0tg,depression,20 Forgotten Plants Our Grandparents Grew To Survive The Great Depression,UgzDksGuO2FwwTQ7Pz14AaABAg,"1.  Rampion Bellflower Root 
2.  Hog Peanut 
3.  Jerusalem Oak 
4.  Field Pennycress 
5.  Skirret 
6.  Good King Henry 
7.  Sea Kale 
8.  Chufa 
9.  Winter Purslane 
10. Cow Parsnip 
11. Hedge Mustard 
12. Common Mallow 
13. Orach 
14. Yellow Dock 
15. Groundnut 
16. Chicory 
17. Salsify 
18. Jerusalem Artichoke 
19. Lamb’s Quarters 
20. Burdock",2026-03-04T17:06:42Z
qZYvQV-JWdo,depression,MS Depression  My Go To Meds To Feel Better &amp; Live Well!,Ugy8DBZxiwdTOq2ONep4AaABAg,1st time i disagree with you on meds.,2026-03-04T17:05:31Z
TiQock5L7hU,depression,#love #shorts #trending #depression #desilucion #nostalgia #tristeverano #frases #viral #amor #sad,UgwXNvG_Hxzs65eACvl4AaABAg,Aprendimos,2026-03-05T00:12:06Z
TiQock5L7hU,depression,#love #shorts #trending #depression #desilucion #nostalgia #tristeverano #frases #viral #amor #sad,UgwbI3sw1ZdfcRC9uWF4AaABAg,Cómo se llama la canción 😢🤔🤔,2026-03-04T23:26:53Z
TiQock5L7hU,depression,#love #shorts #trending #depression #desilucion #nostalgia #tristeverano #frases #viral #amor #sad,UgwurHo25_DonDfAW_B4AaABAg,"!! Dios...... que mal debiste 
Pasárlo.... ante ese dolor,
Me quedo .... pensándo y pensándo .... sin poder decirte nada ..... por que
Me quedo... sin alma
 Me da hasta  apuro decirte
Amor.😢
Pero yo ..... te amo.
No repares en hablarme  de ella..... si quieres.
Si?",2026-03-04T20:39:53Z
FjHfPN7YeGU,depression,welcome to mah depression era✨️ (jk or maybe not) #bakugo #deku #finalfight #mha #depression,UgyuaTKCvBjBBdDRqPp4AaABAg,Me rn:🥺🥀,2026-03-05T16:50:45Z
FjHfPN7YeGU,depression,welcome to mah depression era✨️ (jk or maybe not) #bakugo #deku #finalfight #mha #depression,Ugy1s__gSGxdiBEB7bJ4AaABAg,Atleast Bakugo gotten a revive from edgshot,2026-03-04T17:05:32Z
QLtXomf549w,depression,Crawling back to this mindset minus the depression 🥲😅 #viral #trend #horse #yt #equestrian #fypシ,UgyL6HVChky6HRh7q9N4AaABAg,❤❤❤,2026-03-05T23:24:31Z
QLtXomf549w,depression,Crawling back to this mindset minus the depression 🥲😅 #viral #trend #horse #yt #equestrian #fypシ,UgyGGBbNzxaeEfqSsAd4AaABAg,Your leg omds 😍,2026-03-05T19:17:55Z
QLtXomf549w,depression,Crawling back to this mindset minus the depression 🥲😅 #viral #trend #horse #yt #equestrian #fypシ,Ugw_RfZCzqaRfwVVJB94AaABAg,Real like how does that work 😭,2026-03-05T16:07:01Z
QLtXomf549w,depression,Crawling back to this mindset minus the depression 🥲😅 #viral #trend #horse #yt #equestrian #fypシ,UgwtSznsCj1dZRxdPEd4AaABAg,I rode a horse a few months ago and trotted! They are so cuteee😊,2026-03-05T00:21:29Z
QLtXomf549w,depression,Crawling back to this mindset minus the depression 🥲😅 #viral #trend #horse #yt #equestrian #fypシ,UgyYeFyMp4POi5OsXbV4AaABAg,Wish I rode like that😔,2026-03-04T22:24:45Z
QLtXomf549w,depression,Crawling back to this mindset minus the depression 🥲😅 #viral #trend #horse #yt #equestrian #fypシ,UgweG-9s9PEh2uKWJY94AaABAg,Omg is that a clydstale? I have one!,2026-03-04T21:54:50Z
QLtXomf549w,depression,Crawling back to this mindset minus the depression 🥲😅 #viral #trend #horse #yt #equestrian #fypシ,Ugyf-pNsErTgBUOVROp4AaABAg,"it’s ok ml ❤ you are a great rider and if you need to take a break, we all support you. do what’s best for you. ❤❤",2026-03-04T20:36:34Z
QLtXomf549w,depression,Crawling back to this mindset minus the depression 🥲😅 #viral #trend #horse #yt #equestrian #fypシ,Ugz5X14w-hXMkmq-YPZ4AaABAg,Omg ur seat is sooo good never give up u got this 💖💖 and so does everyone in this comment section 🫶,2026-03-04T20:19:01Z
QLtXomf549w,depression,Crawling back to this mindset minus the depression 🥲😅 #viral #trend #horse #yt #equestrian #fypシ,UgwmecXOcSscVHvgfsB4AaABAg,Your riding is so good your so lucky ❤,2026-03-04T17:40:55Z
QLtXomf549w,depression,Crawling back to this mindset minus the depression 🥲😅 #viral #trend #horse #yt #equestrian #fypシ,UgzAdR5SLt8h1XfNj_J4AaABAg,I don’t rlly want to ride anymore,2026-03-04T16:49:22Z
QLtXomf549w,depression,Crawling back to this mindset minus the depression 🥲😅 #viral #trend #horse #yt #equestrian #fypシ,Ugxtz-gVgltnYAdV6NR4AaABAg,the horse is so pretty 💞,2026-03-04T16:42:18Z
QLtXomf549w,depression,Crawling back to this mindset minus the depression 🥲😅 #viral #trend #horse #yt #equestrian #fypシ,UgxJrGOGvf8bPe0nemh4AaABAg,Happy I’m not the only one😭,2026-03-04T16:37:12Z
QLtXomf549w,depression,Crawling back to this mindset minus the depression 🥲😅 #viral #trend #horse #yt #equestrian #fypシ,UgxoU9zWm0tVczLIsCF4AaABAg,"10 likes in 10 minutesss lmao
and same, i’m not excited for shmmer hecause my barn won’t allow me to ride in hoodies or long sleeved i think i’m going to take a break from riding for a bit because i really dont not look good anymore",2026-03-04T16:31:06Z
PAktv1cyotA,depression,Depression और गुस्से की असली वजह |,UgyAXNnTwHSnUMhOWat4AaABAg,Namo buddhay ❤,2026-03-04T15:12:19Z
mIXgICLtC0Q,depression,Mi Nombre Es Depresión,UgzrfKTYMDb5AcRyHQB4AaABAg,Cómo se llama esa serie,2026-03-06T01:48:14Z
mIXgICLtC0Q,depression,Mi Nombre Es Depresión,UgygHy7LlbzfQprswuh4AaABAg,"A veces aplico lo de Gumball a Anais "" No..OYE NO NO TE ATREVAS A DESAPARECERME >:U"" pero esto es todos los días a días; ;",2026-03-06T01:36:28Z
mIXgICLtC0Q,depression,Mi Nombre Es Depresión,UgynVQLT2DSzlpyPogZ4AaABAg,"Espera, COMO SE LLAMA LA SERIE/PELÍCULA??????!!!!!! Vi la otra (la cul no me recuerdo su nombre)",2026-03-06T00:59:17Z
mIXgICLtC0Q,depression,Mi Nombre Es Depresión,UgymXCvoJZdYKzH8lyR4AaABAg,"La depresión es un cúmulo de emociones que no te dejan pensar, sientes que casi todo no tiene sentido y, aunque te digan que cuentes con los demás, es mucho más fácil hablarle a una piedra que expresarle algo a alguien (o al menos en mi caso es así)",2026-03-06T00:22:59Z
mIXgICLtC0Q,depression,Mi Nombre Es Depresión,UgzNr7MLJH4gRm1Wuap4AaABAg,"Se parece a Campanita pero malvada, hasta la misma ropa lleva",2026-03-06T00:06:07Z
mIXgICLtC0Q,depression,Mi Nombre Es Depresión,Ugzobgp6uTsicmtKwLl4AaABAg,Nombre de la película o serie?,2026-03-05T22:40:29Z
mIXgICLtC0Q,depression,Mi Nombre Es Depresión,UgxnWsrciV17pBAqDjB4AaABAg,Esa animación 😐NO NOOOOOO☠️,2026-03-05T22:01:02Z
mIXgICLtC0Q,depression,Mi Nombre Es Depresión,UgwNPujYvGTaTZEB9Wd4AaABAg,Se parece a mon laferte xD,2026-03-05T21:20:43Z
mIXgICLtC0Q,depression,Mi Nombre Es Depresión,UgxE4I167Ct0d-0wpNB4AaABAg,Yo le doy en su madre y sigo con mi vida e intentandolo hasta que lo logro perfecciono,2026-03-05T20:50:04Z
mIXgICLtC0Q,depression,Mi Nombre Es Depresión,Ugxp8ik-7J927HlIgI54AaABAg,Traigan el mata moscas,2026-03-05T20:23:24Z
mIXgICLtC0Q,depression,Mi Nombre Es Depresión,Ugy2rPMaGS_SH6SzI4V4AaABAg,¿Cómo se llama la serie o peli de este clip?,2026-03-05T19:26:03Z
mIXgICLtC0Q,depression,Mi Nombre Es Depresión,Ugy_5HPMJ10hRwyXsgx4AaABAg,La depresión esta buena,2026-03-05T18:27:07Z
mIXgICLtC0Q,depression,Mi Nombre Es Depresión,UgzJSsAlTMhk_T6X7f14AaABAg,Nombre de la serie???,2026-03-05T14:19:19Z
mIXgICLtC0Q,depression,Mi Nombre Es Depresión,UgxuRlT3AnXEdxytnsp4AaABAg,"Es cuando la mente te dice que no podrás, solo porque fallaste.",2026-03-05T13:37:33Z
mIXgICLtC0Q,depression,Mi Nombre Es Depresión,Ugw8mIHkhW-Yiaeyrht4AaABAg,Campanita adicta al fentanilo,2026-03-05T08:35:09Z
mIXgICLtC0Q,depression,Mi Nombre Es Depresión,UgytmdxQYHfICBsUksx4AaABAg,NO ES MI PROBLEMA 🗣 🎶 ES SU PROBLEMA 🗣 🎶,2026-03-05T07:13:40Z
mIXgICLtC0Q,depression,Mi Nombre Es Depresión,Ugx0OB2tO73Bedt3Y6t4AaABAg,Mi nombre es DEPRESION 💅💅💅💞💞💕,2026-03-05T06:11:00Z
mIXgICLtC0Q,depression,Mi Nombre Es Depresión,UgwXe3Qj3sWF1KnXYLJ4AaABAg,"Yo le hubiera dicho y y y y quien te pregunto, 🗣️🗣️",2026-03-05T05:28:33Z
mIXgICLtC0Q,depression,Mi Nombre Es Depresión,UgzyaqwETbmwmb_UwRx4AaABAg,La solucion : GYM ❤,2026-03-05T04:50:12Z
mIXgICLtC0Q,depression,Mi Nombre Es Depresión,Ugy9-6FciGQYvf7tKc94AaABAg,Siento que la ratoncita la e visto en otro lado pero no recuerdo donde,2026-03-05T04:46:28Z
mIXgICLtC0Q,depression,Mi Nombre Es Depresión,UgxZRWrxvcP3HOYzHRp4AaABAg,Como le daria Smash a deprecion si se viera asi 🗿,2026-03-05T04:18:07Z
mIXgICLtC0Q,depression,Mi Nombre Es Depresión,UgwaCaaiNa67M4YeMs54AaABAg,Yo la agarro y me la trago si me matan las hadas xd,2026-03-05T03:55:19Z
mIXgICLtC0Q,depression,Mi Nombre Es Depresión,UgykiNqIWStBHhjUkDV4AaABAg,"entiendo q la frase seguir tus sueños es algo q se repite constantemente, pero existe una gran brecha entre lograr tus sueños y seguir, seguir significa nk alcanzarlos y morir en el intento, y lograrlo significa sacrificio, esfuerzo y sobre todo estar dispuesto a todo, xq todo se ve lindo en el papel, pero habra momento q tendras q mancharte las manos, y hacer cosas q no te gustan, el ejemplo claro es el conejo malo, antes de ser trapero tenia muisca románticas, y tubo q cambiar de estilo para pegar con la generación actual, traicionando su ser, y hacer lo imposible para lograr ser una 4ta parte de lo fueron grandes músicos q si tenían talento para conseguir su sueños, habrá gente q tendrá el viento a su favor para cumplir sus sueño, y otros q tendrán q sacrificar algo en el proceso.",2026-03-05T03:53:49Z
mIXgICLtC0Q,depression,Mi Nombre Es Depresión,UgwR2Qihi60BrdQfmiN4AaABAg,¿Por que duele más que te digan que eres insuficiente a pensarlo?,2026-03-05T03:45:58Z
mIXgICLtC0Q,depression,Mi Nombre Es Depresión,UgzkuQgR2jCsK1bU26R4AaABAg,Meseuena la animasion,2026-03-05T03:10:39Z
mIXgICLtC0Q,depression,Mi Nombre Es Depresión,UgyyrXO4zk-nAHCvGCN4AaABAg,Decía un diálogo y tú quién eres ah perdona me llamo depresión 🙂😃👍,2026-03-05T03:09:50Z
mIXgICLtC0Q,depression,Mi Nombre Es Depresión,Ugxw8vNEAWg3QrBFSOt4AaABAg,Bro tu... por que mostra una animasion turbia,2026-03-05T01:35:36Z
mIXgICLtC0Q,depression,Mi Nombre Es Depresión,UgwKEs9eiPx3AW3Qhld4AaABAg,Pues realmente le dice lo que le falta hacer para lograrlo no le dice que no sirve o algo asi xD,2026-03-05T01:31:23Z
mIXgICLtC0Q,depression,Mi Nombre Es Depresión,UgzYbaQ6x39BfzpjY1N4AaABAg,"Soy yo o esa hada va a cantar ""VEEEEEENNN Y CUÉNTAME LA VERDAAAAAADD"" XD(se parece a Mon Laferte",2026-03-05T01:30:30Z
mIXgICLtC0Q,depression,Mi Nombre Es Depresión,UgwZS7fcluKYfK6wrN94AaABAg,F😢,2026-03-05T01:26:53Z
mIXgICLtC0Q,depression,Mi Nombre Es Depresión,Ugx2GxyM1xqHXwP6uHx4AaABAg,Depresion?,2026-03-05T01:08:33Z
mIXgICLtC0Q,depression,Mi Nombre Es Depresión,UgyjvhP6ZW6shxjBfch4AaABAg,Ya aja como digas *lo encierra en un tarro*,2026-03-04T23:33:31Z
mIXgICLtC0Q,depression,Mi Nombre Es Depresión,UgwDjN7p-qS-4t9hnz54AaABAg,Yo conozco esa animacion,2026-03-04T23:04:03Z
mIXgICLtC0Q,depression,Mi Nombre Es Depresión,Ugycoa7yQ0WltGIl0DV4AaABAg,Mí nombre es Diogo10 :3,2026-03-04T22:47:05Z
mIXgICLtC0Q,depression,Mi Nombre Es Depresión,Ugz4utOBOAXcMQfP7EV4AaABAg,El 80% de los niños de 10 diciendo tener depresión🫥  más bien pónganse a estudiar 🗣️🔥,2026-03-04T22:17:48Z
mIXgICLtC0Q,depression,Mi Nombre Es Depresión,UgwOhtzSBYFPIj8iQct4AaABAg,A mi me salió despues de este video 😂😂😂😂,2026-03-04T22:14:59Z
mIXgICLtC0Q,depression,Mi Nombre Es Depresión,UgxI4ouWlSJ7f_sxLD14AaABAg,"Yo con la depresión ""Día a Día""...",2026-03-04T22:10:18Z
mIXgICLtC0Q,depression,Mi Nombre Es Depresión,UgwtFyYEIJR2Or6-XHx4AaABAg,Como se llama la serie ?,2026-03-04T22:08:15Z
mIXgICLtC0Q,depression,Mi Nombre Es Depresión,Ugz4vIn_qKQIXy8RTXF4AaABAg,"Se imaginan si ""Depresión"" llega a ser la villana de intensamente 3?
Yo apuesto que si va a ser",2026-03-04T22:02:58Z
mIXgICLtC0Q,depression,Mi Nombre Es Depresión,UgwblzqTkxRUs9AXUmV4AaABAg,*La aplasta de un aplauzo*,2026-03-04T21:56:35Z
mIXgICLtC0Q,depression,Mi Nombre Es Depresión,UgyBBIRXqbE9-XY_2md4AaABAg,"Me recuerda aún mensaje que dice 
La depresión busca que no llores en público para que no maten que estás triste 'busca qué tus problemas son menos que los de los demás ' busca quitarte las ganas no la vida pero solo si tú te das cuenta es cuando le ganas a la depresión 🎩🤏",2026-03-04T21:47:28Z
mIXgICLtC0Q,depression,Mi Nombre Es Depresión,UgwVz6SJwEGiShgLzht4AaABAg,Alguien traiga el matamoscas,2026-03-04T21:27:32Z
mIXgICLtC0Q,depression,Mi Nombre Es Depresión,UgymKBdDnzpzAy4EHUZ4AaABAg,Unicord wars..?,2026-03-04T21:18:54Z
mIXgICLtC0Q,depression,Mi Nombre Es Depresión,UgxVuOsFW1MBK6Wknj54AaABAg,Pues vete al carajo depre,2026-03-04T21:15:31Z
mIXgICLtC0Q,depression,Mi Nombre Es Depresión,UgyhfAWJrD-3bTvofUx4AaABAg,Son de los creadores de unicor warns 🤑,2026-03-04T21:13:39Z
mIXgICLtC0Q,depression,Mi Nombre Es Depresión,UgwR0xQJvuN7IAGiQ_R4AaABAg,DECORADO 😭😭 LA QUIERO VER,2026-03-04T20:23:40Z
mIXgICLtC0Q,depression,Mi Nombre Es Depresión,Ugw1M6OrRod_1IdynwR4AaABAg,CUANDO ESO ME PASA YO LE CONTESTE FRACASO YO FRACASO TU QUE NOMAS EXISTES POR MI SIN MI TU NO ERES NADA Y EL FRACASO SOY 😂,2026-03-04T20:22:54Z
mIXgICLtC0Q,depression,Mi Nombre Es Depresión,UgxA--AsytfNMxE8RMR4AaABAg,¡Alejate Satanás! ✝️🙏🏼,2026-03-04T20:18:43Z
mIXgICLtC0Q,depression,Mi Nombre Es Depresión,UgwcpOst2FkD7TqkSfd4AaABAg,Siento que algo dentro de mi no esta bien aveses quiero  pedir ayuda pero simplemente  no puedo y la verdad  no se que hacer siempre  digo que estoy  bien  cuando en realidad  no lo estoy 😢,2026-03-04T20:12:42Z
mIXgICLtC0Q,depression,Mi Nombre Es Depresión,Ugz2qSGlK1_1ABQz45B4AaABAg,¡Matala! Antes de que sea tarde. Con hierro mueren.,2026-03-04T19:27:08Z
mIXgICLtC0Q,depression,Mi Nombre Es Depresión,UgxsHB4k5CqX9mxB7Sp4AaABAg,Una buena fabada y un baño con espuma lo arregla,2026-03-04T19:26:34Z
mIXgICLtC0Q,depression,Mi Nombre Es Depresión,UgxduA-veTcifhongc94AaABAg,Le meto un pipazo y se vuelve deprehappy🥴,2026-03-04T19:16:04Z
mIXgICLtC0Q,depression,Mi Nombre Es Depresión,Ugz4I72BSbRu7La8s7t4AaABAg,Fue muy profundo,2026-03-04T18:54:32Z
mIXgICLtC0Q,depression,Mi Nombre Es Depresión,UgwX9Lxn2IUDqvs7p9d4AaABAg,Gran animación española ❤,2026-03-04T18:19:22Z
mIXgICLtC0Q,depression,Mi Nombre Es Depresión,UgyfcVpjQMiZoCjoQMp4AaABAg,Dónde puedo ver esa película,2026-03-04T17:50:36Z
mIXgICLtC0Q,depression,Mi Nombre Es Depresión,Ugz3W-QA4D-mUnxcLSZ4AaABAg,Haganle rule,2026-03-04T17:48:41Z
mIXgICLtC0Q,depression,Mi Nombre Es Depresión,UgwkPYnB3a76qtw3z-B4AaABAg,Como se llama al cancion de fondo?,2026-03-04T17:45:10Z
mIXgICLtC0Q,depression,Mi Nombre Es Depresión,UgyXjv_JCWVhGyI_-Jx4AaABAg,Real mi cabeza todo el tiempo pufff,2026-03-04T17:42:01Z
mIXgICLtC0Q,depression,Mi Nombre Es Depresión,Ugxdkps8LmuqC-Fg71F4AaABAg,Pienso en jordi wil en la pacion de cristo,2026-03-04T17:18:24Z
mIXgICLtC0Q,depression,Mi Nombre Es Depresión,UgyKwmGbSjpty0X93Ch4AaABAg,jajaja me agrada el hada,2026-03-04T17:09:00Z
mIXgICLtC0Q,depression,Mi Nombre Es Depresión,UgwD3RiWaVvQ6D1Yqgd4AaABAg,Hay una serie de unicorn wars ?,2026-03-04T17:06:01Z
mIXgICLtC0Q,depression,Mi Nombre Es Depresión,UgwDQspJpU2cSFgydvN4AaABAg,Esa podria se mi hada 😅,2026-03-04T17:01:10Z
mIXgICLtC0Q,depression,Mi Nombre Es Depresión,UgxHLC_NsvG4Py5apV14AaABAg,¿Donde esta el matamoscas?,2026-03-04T17:00:56Z
mIXgICLtC0Q,depression,Mi Nombre Es Depresión,UgxN1X8iqChPJJPyuFl4AaABAg,Pues para ser depresión se ve muy contenta 😀,2026-03-04T16:59:13Z
mIXgICLtC0Q,depression,Mi Nombre Es Depresión,UgwIFbR_FQdz8KgVL7J4AaABAg,Jajaja solo faltan ansiedad y esto se vuelve Intensamente,2026-03-04T16:55:02Z
mIXgICLtC0Q,depression,Mi Nombre Es Depresión,Ugx8RmnsXfVBCHE_lRl4AaABAg,Xdddd,2026-03-04T16:50:47Z
mIXgICLtC0Q,depression,Mi Nombre Es Depresión,Ugzqc4i9qvJxzNqZY4d4AaABAg,"Investigando sobre la depresión leí un cuento pero no decía el autor ni el nombre del libro (teorizo que de ahí se basaron)

Supuestamente la historia cuenta como un escritor victoriano con problemas de alcohol y dinero está debatiendose entre seguir aferrándose a sus fracasos o terminar con su sufrimiento.
Así que aparecen hadas una noche (posiblemente efecto de los opioides de la época) y comienzan atormentarlo diciéndole que lo haga.
Cada una simbolizaba características de la depresión pero en ese entonces la conocían como melancolía.

Ciertamente es horrible.
Escuché a la mldita hada hablar en el vídeo y sentí un nudo en el estómago porque se lo que se sienten esas palabras.",2026-03-04T16:48:48Z
mIXgICLtC0Q,depression,Mi Nombre Es Depresión,Ugz2tYng_Xc-EqTytNN4AaABAg,Rapido una escopeta encontre el problema desde la raiz,2026-03-04T16:45:35Z
mIXgICLtC0Q,depression,Mi Nombre Es Depresión,Ugwya5ZgzDd0yaON5NV4AaABAg,Algunos mitos dicen que las hadas son unas hdp que llevan a los humanos a la auto desvivicion... Muy oportuno que la depresión luzca asi XD,2026-03-04T16:42:15Z
mIXgICLtC0Q,depression,Mi Nombre Es Depresión,UgxdNGldeSFTyvog4bl4AaABAg,"La multitarea, la ansiedad, y la depresión.",2026-03-04T16:41:08Z
mIXgICLtC0Q,depression,Mi Nombre Es Depresión,UgwdjfrKxatH_LsQNyN4AaABAg,Con todo y webos ah la hada,2026-03-04T16:37:12Z
mIXgICLtC0Q,depression,Mi Nombre Es Depresión,Ugw6JAElkea5Jo7DAZd4AaABAg,"¿Es del mismo creador de unicorn wars, donde el oso azulin mata al último unicornio y se lo come crudo?",2026-03-04T16:35:32Z
mIXgICLtC0Q,depression,Mi Nombre Es Depresión,UgxHLosht5if15gZKn54AaABAg,¿Saben dónde puedo ver esa película?,2026-03-04T16:33:24Z
mIXgICLtC0Q,depression,Mi Nombre Es Depresión,UgyHsYwZDYAER_hpDd94AaABAg,"""FUERA FUERA DEPRESION 🗣🔥🔥""",2026-03-04T16:32:30Z
mIXgICLtC0Q,depression,Mi Nombre Es Depresión,Ugy-8-aAdSxwn0gAGZd4AaABAg,"Me parece que es el mismo estudio de Unicorn Wars, si es asi ya me puedo esperar algo bizarro y con mucha sangre",2026-03-04T16:22:44Z
mIXgICLtC0Q,depression,Mi Nombre Es Depresión,Ugzar9rbpDKcujEQm-54AaABAg,"Epa!!! Esa ada no ayuda en nada !!!
Hay que matarla con más cerveza!!!!",2026-03-04T16:21:22Z
mIXgICLtC0Q,depression,Mi Nombre Es Depresión,Ugy1GWWhqgZ-D4PpcD54AaABAg,El psicologo cuando tu tarjeta es rechazada... 😥,2026-03-04T16:17:28Z
mIXgICLtC0Q,depression,Mi Nombre Es Depresión,Ugxz6CrQOwYB5szvxG94AaABAg,Yo diría baja autoestima 😅,2026-03-04T16:12:37Z
mIXgICLtC0Q,depression,Mi Nombre Es Depresión,UgySOq--l8sW-ltlwux4AaABAg,"Esto es lo que pasa cuando no tomas verdadera responsabilidad de las cosas que haces, no tomas descansos y niegas la ayuda de los demás. Todo esto causa la depresión y la incapacidad de mejorar.",2026-03-04T16:03:26Z
mIXgICLtC0Q,depression,Mi Nombre Es Depresión,Ugz6iaPpjDvGBa4eJ3l4AaABAg,"Esperaba que se llamará desepción, desepcion-hada :v",2026-03-04T16:00:57Z
mIXgICLtC0Q,depression,Mi Nombre Es Depresión,UgyhHbhq0Be9lFyqJ_R4AaABAg,*Esto es del mismo estudio que hizo Unicorn Wars?*,2026-03-04T15:58:51Z
mIXgICLtC0Q,depression,Mi Nombre Es Depresión,Ugxk6GS3utWjgJZyMAl4AaABAg,Me recuerda a uniconrn wars,2026-03-04T15:53:41Z
mIXgICLtC0Q,depression,Mi Nombre Es Depresión,UgwNQagvPKInkf2Omah4AaABAg,Yo con la percepción de la realidad alterada creyendome spamton y empesar a invertir en la bolsa de valores sin antes probar el simulador,2026-03-04T15:43:30Z
mIXgICLtC0Q,depression,Mi Nombre Es Depresión,Ugy1sLkt914sZlJJv5R4AaABAg,"Oigan, ese tipo de animación...No es la de ""Unicorn Wars?""",2026-03-04T15:40:22Z
mIXgICLtC0Q,depression,Mi Nombre Es Depresión,UgyDc4RKfPjQBmtsCZl4AaABAg,"🫡 Soy afortunado de no tener eso, fuerza a todos los que la tengan.",2026-03-04T15:38:50Z
mIXgICLtC0Q,depression,Mi Nombre Es Depresión,UgzXzviE1Xm82baohqp4AaABAg,Literalmente es la depresión 🫥,2026-03-04T15:30:27Z
mIXgICLtC0Q,depression,Mi Nombre Es Depresión,Ugwp-Nkg5c6gPzWVdqx4AaABAg,depresión es trabajar 12 horas al día cobrando una puta mierda.,2026-03-04T15:25:12Z
mIXgICLtC0Q,depression,Mi Nombre Es Depresión,UgzOdqs0ZDD-E33EpX94AaABAg,esto es una serie o que es? Nombre por favor,2026-03-04T15:21:49Z
mIXgICLtC0Q,depression,Mi Nombre Es Depresión,UgyR8hxT_UMGCqBqq5B4AaABAg,Que serie es,2026-03-04T15:20:45Z
mIXgICLtC0Q,depression,Mi Nombre Es Depresión,UgxB58d_-pvMfLGM1ix4AaABAg,¿La depresión también se sensual o porqué la apariencia? 😂,2026-03-04T15:20:22Z
mIXgICLtC0Q,depression,Mi Nombre Es Depresión,UgwMkiHCnuGd9iDo5tF4AaABAg,Lol esa rata me recuerda al osito de Unicorn Wars,2026-03-04T15:19:51Z
mIXgICLtC0Q,depression,Mi Nombre Es Depresión,UgyYX6voETojzoBtFBx4AaABAg,"Literal, soy hombre con 29 años y llevo luchando desde que tengo 11 años y es el infierno en vida, es dificil ser hombre con depresion, tener un padre fanático que te menosprecia, manipula y no te entiende, una madre que te trata de criado, estar estudiando algo que no te satisface porque no quedó de otra y en mi pais la salud mental esta infravalorada, la salud pública da pena ajena y un psiquiatra particular te cobra casi 50 usd por hora",2026-03-04T14:59:34Z
mIXgICLtC0Q,depression,Mi Nombre Es Depresión,Ugzqw6-oJhbO8TL9nW14AaABAg,Cuidado esto me huele a rule proximamente,2026-03-04T14:58:00Z
mIXgICLtC0Q,depression,Mi Nombre Es Depresión,UgzrhhQF7jzgZjDabz54AaABAg,No eres suficiente.,2026-03-04T14:54:59Z
mIXgICLtC0Q,depression,Mi Nombre Es Depresión,UgzGviIdz5o5eaJI6fJ4AaABAg,La depresión es vivir en un cuerpo que lucha por sobrevivir con una mente que intenta morir,2026-03-04T14:52:07Z
NG9gh6pyNWw,depression,Holi Ke Din Bhi Depression Mein 😭😂#holi #funny #shorts,UgwVZcjGLuEKHSDNaBd4AaABAg,😂😂,2026-03-04T14:42:43Z
l_GFOsFXLkg,depression,Let&#39;s cure the blahhh 😂😅😭 #selfcare #depression #trending #viral #fyp #relatable #sad #shorts,UgyUxAMaZhpZCptU6w14AaABAg,Hope you feel better ❤️‍🩹,2026-03-05T04:01:14Z
l_GFOsFXLkg,depression,Let&#39;s cure the blahhh 😂😅😭 #selfcare #depression #trending #viral #fyp #relatable #sad #shorts,UgzjgwG7uGQuMefMuUB4AaABAg,Girl I'm glad you posted this because I am so blah today,2026-03-04T22:58:14Z
l_GFOsFXLkg,depression,Let&#39;s cure the blahhh 😂😅😭 #selfcare #depression #trending #viral #fyp #relatable #sad #shorts,UgzDgFqWNbTZl_0ZF4l4AaABAg,I DIDNT GET THE NOTIF,2026-03-04T21:37:54Z
l_GFOsFXLkg,depression,Let&#39;s cure the blahhh 😂😅😭 #selfcare #depression #trending #viral #fyp #relatable #sad #shorts,UgwlOaKOB9rnq4RuraF4AaABAg,The elf  holy hydration daily moisturizer is rlly good.,2026-03-04T17:46:41Z
l_GFOsFXLkg,depression,Let&#39;s cure the blahhh 😂😅😭 #selfcare #depression #trending #viral #fyp #relatable #sad #shorts,Ugz_z3rGxv_V7yqQFgF4AaABAg,That exfoliator is not for your face....,2026-03-04T17:24:35Z
l_GFOsFXLkg,depression,Let&#39;s cure the blahhh 😂😅😭 #selfcare #depression #trending #viral #fyp #relatable #sad #shorts,UgwyvI6MQCGTT-gs5wN4AaABAg,The editing is clear and easy to follow It made my day better.,2026-03-04T14:43:30Z
l_GFOsFXLkg,depression,Let&#39;s cure the blahhh 😂😅😭 #selfcare #depression #trending #viral #fyp #relatable #sad #shorts,Ugw84tE8bqwK1LwocfF4AaABAg,I can't wait for warmer weather guys 😂❤,2026-03-04T14:42:56Z
OUHwhBs4gps,depression,Dipression🫠🫠,UgyiHcC763Os1x3lgb54AaABAg,Romeo Dehradun na pata chala bagundi😂😂😂,2026-03-05T08:16:52Z
OUHwhBs4gps,depression,Dipression🫠🫠,UgyLrkF724Rg8dvxRwJ4AaABAg,😅😅😅,2026-03-05T08:14:51Z
OUHwhBs4gps,depression,Dipression🫠🫠,Ugw39dKTbl-kUwoMlc14AaABAg,Anna hatsap anna 😢😅,2026-03-05T02:59:31Z
OUHwhBs4gps,depression,Dipression🫠🫠,UgyNn9BAzrNBmxqqAD14AaABAg,Bro bull is yours,2026-03-04T17:59:46Z
OUHwhBs4gps,depression,Dipression🫠🫠,UgzMKodY2dOjeCHMtD14AaABAg,😂😂,2026-03-04T14:43:33Z
OUHwhBs4gps,depression,Dipression🫠🫠,UgyYz7qHAfqzxCQQ96h4AaABAg,😂,2026-03-04T14:14:31Z
OUHwhBs4gps,depression,Dipression🫠🫠,Ugw48KXKsLsGvITt2s54AaABAg,Hi anna,2026-03-04T14:14:25Z
OUHwhBs4gps,depression,Dipression🫠🫠,Ugx9RZWsQsu_ak2NMn94AaABAg,#Poyyinonvi poyinavv edho okkati pindi chupiyy igga 🤣🤣🤣🤣🤣,2026-03-04T14:05:13Z
uUy84KiyMWU,depression,"Endorphin Release: Depression, Body Pain और Stress क्यों होता है? | 7 Scientific Techniques",UgxBCCjzzSZJk8SuvJF4AaABAg,I have no words for your subconscious mind knowledge.great sir  god  bless you sir,2026-03-04T14:51:35Z
uUy84KiyMWU,depression,"Endorphin Release: Depression, Body Pain और Stress क्यों होता है? | 7 Scientific Techniques",UgymIhwFd4DWL-_qRrt4AaABAg,Sir mera ek sawal depression aur anaxity alag alag hai kya,2026-03-05T17:49:18Z
uUy84KiyMWU,depression,"Endorphin Release: Depression, Body Pain और Stress क्यों होता है? | 7 Scientific Techniques",Ugw94DERNlqsYXcu9cd4AaABAg,❤❤❤❤❤ rat din sirf comedy serial dekho depression and anxiety ocd ko bhagao. Negative patterns ko break karo,2026-03-05T13:37:14Z
uUy84KiyMWU,depression,"Endorphin Release: Depression, Body Pain और Stress क्यों होता है? | 7 Scientific Techniques",Ugw_gzQpoze36XyvwjR4AaABAg,Sir overthinking ko jhad se kaise katam kare,2026-03-05T08:39:59Z
uUy84KiyMWU,depression,"Endorphin Release: Depression, Body Pain और Stress क्यों होता है? | 7 Scientific Techniques",UgxNHXM1NiRLb8Q-1Ct4AaABAg,Thank you sir,2026-03-05T07:48:26Z
uUy84KiyMWU,depression,"Endorphin Release: Depression, Body Pain और Stress क्यों होता है? | 7 Scientific Techniques",UgyoJ10_duZV_y5SeFt4AaABAg,Very informative sir ❤,2026-03-05T03:36:07Z
uUy84KiyMWU,depression,"Endorphin Release: Depression, Body Pain और Stress क्यों होता है? | 7 Scientific Techniques",UgzqpVQbCN8EuwuF6X94AaABAg,"Thank you sir
Meditation kaise Kare depression Thik karne ke liye Kisi video me jarur bataiyega",2026-03-05T03:34:58Z
uUy84KiyMWU,depression,"Endorphin Release: Depression, Body Pain और Stress क्यों होता है? | 7 Scientific Techniques",UgxpWzZkvn80lh9MP994AaABAg,Sir muje stress htana h,2026-03-05T03:13:16Z
uUy84KiyMWU,depression,"Endorphin Release: Depression, Body Pain और Stress क्यों होता है? | 7 Scientific Techniques",Ugxwy8IL489oPPPpzLN4AaABAg,❤  rat din sirf comedy serial dekho depression and anxiety bhagao,2026-03-05T03:08:18Z
uUy84KiyMWU,depression,"Endorphin Release: Depression, Body Pain और Stress क्यों होता है? | 7 Scientific Techniques",UgybFZc0cfcwyKJh8DZ4AaABAg,pahele to aap hi kahate ho ki serotonin badhavo,2026-03-04T15:17:05Z
uUy84KiyMWU,depression,"Endorphin Release: Depression, Body Pain और Stress क्यों होता है? | 7 Scientific Techniques",Ugw4co4Qg9o1bVZTN8p4AaABAg,Thank you sir.🙏🙏,2026-03-04T14:53:05Z
uUy84KiyMWU,depression,"Endorphin Release: Depression, Body Pain और Stress क्यों होता है? | 7 Scientific Techniques",UgwGVtFlWTIEEFvmGiF4AaABAg,Thanks lot Ravi ji God bless you Always apna number bhi diya karen please,2026-03-04T14:27:52Z
uUy84KiyMWU,depression,"Endorphin Release: Depression, Body Pain और Stress क्यों होता है? | 7 Scientific Techniques",Ugy8GVH325HwsN0801R4AaABAg,Good knowledge  thank you so much,2026-03-04T13:49:42Z
uUy84KiyMWU,depression,"Endorphin Release: Depression, Body Pain और Stress क्यों होता है? | 7 Scientific Techniques",UgzWUQyWW_DO7ELdmRF4AaABAg,Thanks sir,2026-03-04T13:48:04Z
OmGnBRKjKcE,depression,24 Ghanta Depression 🤡 || #cricketmemes #cricketcomedy #gullycricket #comedyshorts,Ugwow7UxvutNDNTF2eB4AaABAg,😂😂😂😂😂😂😂😂😂😂😂😂😂😂😂😂😂😂😂😂😂😂😂😂,2026-03-05T06:55:59Z
L7QVih1aXrE,depression,What if depression is to be eradicated? Do this... || Muhammad Ali Beautiful Reminder ,UgxeiRu-A2KkwvYghbh4AaABAg,ماشاءاللہ,2026-03-06T01:18:56Z
L7QVih1aXrE,depression,What if depression is to be eradicated? Do this... || Muhammad Ali Beautiful Reminder ,Ugyr9QAkrm4NIE_Y-KZ4AaABAg,How to join Muhammad Ali lecture online ??,2026-03-05T18:52:08Z
L7QVih1aXrE,depression,What if depression is to be eradicated? Do this... || Muhammad Ali Beautiful Reminder ,UgxawBp2E_RFuYlPe2l4AaABAg,🥹🥹🥹🥹🥹🥹🥹🥹🥹🥹,2026-03-05T10:17:49Z
L7QVih1aXrE,depression,What if depression is to be eradicated? Do this... || Muhammad Ali Beautiful Reminder ,UgxSt2h7cA1tbfnM2H94AaABAg,🥰🥰🥰🥰🥰🤗🤗🤗🤗🤗,2026-03-05T10:15:26Z
L7QVih1aXrE,depression,What if depression is to be eradicated? Do this... || Muhammad Ali Beautiful Reminder ,UgxMnqzBRXTL6mudsbN4AaABAg,💗💗💗💗💗💞💞💞💞💞,2026-03-05T10:14:01Z
L7QVih1aXrE,depression,What if depression is to be eradicated? Do this... || Muhammad Ali Beautiful Reminder ,UgzaqWUs7vqryr9eu2B4AaABAg,❤❤❤❤❤😊😊😊😊😊,2026-03-05T10:13:24Z
L7QVih1aXrE,depression,What if depression is to be eradicated? Do this... || Muhammad Ali Beautiful Reminder ,UgzOwZjiynPLpD8YGal4AaABAg,Sir mai kashmir sgr se ho aap  ke sare bayan sunte ho bohat acha lagta hai sara stress dhoor ho jata hai Allah hu akbar,2026-03-05T07:29:52Z
L7QVih1aXrE,depression,What if depression is to be eradicated? Do this... || Muhammad Ali Beautiful Reminder ,UgyyCNLUoz9zXUfIiD14AaABAg,اللہ کریم ہمیں زیادہ سے زیادہ نیکیاں کرنے کی توفیق عطا فرمائے,2026-03-05T04:11:30Z
L7QVih1aXrE,depression,What if depression is to be eradicated? Do this... || Muhammad Ali Beautiful Reminder ,UgxWJJDsTchbW6Tj3T94AaABAg,Assalamualaikum ❤,2026-03-05T00:35:25Z
L7QVih1aXrE,depression,What if depression is to be eradicated? Do this... || Muhammad Ali Beautiful Reminder ,UgzR7U01gzfgyvELsoJ4AaABAg,I tried to contact all famous islamic influencers but none listen when someone have problem to be discussed,2026-03-04T21:33:09Z
L7QVih1aXrE,depression,What if depression is to be eradicated? Do this... || Muhammad Ali Beautiful Reminder ,Ugy6uf4kiI3iax8SwhF4AaABAg,I have an issue could you please guide me,2026-03-04T21:32:28Z
L7QVih1aXrE,depression,What if depression is to be eradicated? Do this... || Muhammad Ali Beautiful Reminder ,UgxXyo_aZn9x-v3M5m94AaABAg,How to contact you,2026-03-04T21:32:00Z
L7QVih1aXrE,depression,What if depression is to be eradicated? Do this... || Muhammad Ali Beautiful Reminder ,Ugw5OCIx8uDhZw4o-kN4AaABAg,"Thanks for guidance.

I am  suffering from anxiety now.",2026-03-04T20:28:21Z
L7QVih1aXrE,depression,What if depression is to be eradicated? Do this... || Muhammad Ali Beautiful Reminder ,Ugx5Wck1OYK69ynemAh4AaABAg,Inshaallah,2026-03-04T16:11:57Z
Xs0uwEPcN6M,depression,うつは急には治らない。（ひとりごと）,UgyiRcrFiXJGJ3br2hB4AaABAg,"おはようございます！
簿記検定2級、競馬、うつ病！
病院で、治らなければ！
警察に、行ってね😂",2026-03-05T20:34:18Z
Xs0uwEPcN6M,depression,うつは急には治らない。（ひとりごと）,UgwYnbewckzgLgUaEpB4AaABAg,はいぽ、一緒に治していこうね,2026-03-05T13:35:01Z
Xs0uwEPcN6M,depression,うつは急には治らない。（ひとりごと）,UgwEdO4BYtO_2TYghdl4AaABAg,配信ありがとうございます😊お洒落なカフェですね。ワイン、BOOKもあり、居心地良さそう🎵偶然にも「日の名残り」を通勤電車で読んでます！スティーブンスさんに憧れました。コーヒー＆ケーキ美味そう🍰タートルネックにダイヤのネックレス似合ってます。毎日を大切に過ごしていくに共感しました😂はいぽさんのお話を聴いて、心温まる気持ちになります。次回の動画を楽しみにしていますね。,2026-03-05T13:15:27Z
Xs0uwEPcN6M,depression,うつは急には治らない。（ひとりごと）,UgzLDC24Q0x-JPNt9C54AaABAg,"はいぽさん動画を上げてくださりありがとうございます。
ケーキめっちゃおいしそうです🍰",2026-03-05T11:18:30Z
Xs0uwEPcN6M,depression,うつは急には治らない。（ひとりごと）,UgyOjHpahp_-SpwBfph4AaABAg,"精神科医の馬鹿どもの本当に駄目なところは、神経におけるストレス耐性の免疫を、鍛えていくといった意識が全く無いところですね。
まともに言う事を聞いて、社会不適合者一直線になる人も沢山居るでしょう🤔
根本的な耐性が確立されていなければ、一時的に改善されたとしても、何度でも同じ状況になりリスクと、一生隣り合わせの人生になるのに🤔",2026-03-05T03:17:19Z
Xs0uwEPcN6M,depression,うつは急には治らない。（ひとりごと）,UgygOCeTkAY88PNla4p4AaABAg,"会社に縛られすぎ
合わないと思ったらポンポンやめて
いろんな会社見ればよくね？",2026-03-05T01:24:27Z
Xs0uwEPcN6M,depression,うつは急には治らない。（ひとりごと）,UgyaBfaEy7TpFQGR9oJ4AaABAg,"いつまでも女々しいこと言ってんなよ
どうせいつか死ぬんだからテキトーに過ごせ
仕事が嫌ならやめろ",2026-03-05T01:21:24Z
Xs0uwEPcN6M,depression,うつは急には治らない。（ひとりごと）,UgwM56vIjYJGISsJSj54AaABAg,声が明るくなってると思います👌,2026-03-04T23:22:07Z
Xs0uwEPcN6M,depression,うつは急には治らない。（ひとりごと）,UgzMbyKafil-T2sTppV4AaABAg,"動画投稿ありがとうございます！
動画の中で弱い自分と言っていましたが、それは別の側面から見ると自分の事を良く考えているとも思います。
辛いとは思いますが、誰しも良い点も悪い点もありますし、悪い事は全部が全部悪い事だけとは限らないと思います！応援しています！！",2026-03-04T21:55:45Z
Xs0uwEPcN6M,depression,うつは急には治らない。（ひとりごと）,UgwOuvH0nl0iXbV-Yjp4AaABAg,,2026-03-04T19:15:24Z
Xs0uwEPcN6M,depression,うつは急には治らない。（ひとりごと）,UgwOrgJdPhzCMF4A6wx4AaABAg,"小さい変化に気づけて、はいぽさんが前進されていて良かったです。

自分もくよくよ悩んだりするタイプではいぽさんと似たような境遇ですけど、すぐに元気になれなくて良いと思えるようになり、少しずつですが前に進めたのかなと感じてます",2026-03-04T15:18:17Z
Xs0uwEPcN6M,depression,うつは急には治らない。（ひとりごと）,UgzwqP60mk6be7f-ZYJ4AaABAg,"まじめで責任感のつよいお方です。　うつは治ります。　
自分は一年かかりました。　もう薬も必要ありません。",2026-03-04T14:43:59Z
Xs0uwEPcN6M,depression,うつは急には治らない。（ひとりごと）,Ugy-5ay298LZA2Ix38d4AaABAg,犬のぬいぐるみを見せてはなしてほしいな,2026-03-04T14:42:46Z
Xs0uwEPcN6M,depression,うつは急には治らない。（ひとりごと）,Ugzd0r6ml-NtOaMEJC14AaABAg,"めっちゃわかります、、
今うつの薬飲みながら会社行ってるるんですけど、お昼休み中ふとふと空をみると晴れてて綺麗なことに気づいて感動した記憶あります",2026-03-04T13:50:34Z
Xs0uwEPcN6M,depression,うつは急には治らない。（ひとりごと）,UgzoLFpdRrRd4XcZPAl4AaABAg,はいぽの森ってなんですか。,2026-03-04T13:47:54Z
Xs0uwEPcN6M,depression,うつは急には治らない。（ひとりごと）,UgxjU0HXPGPYO403jsV4AaABAg,ぎゃんばれえええ,2026-03-04T13:24:26Z
Xs0uwEPcN6M,depression,うつは急には治らない。（ひとりごと）,UgwBpEDXPrNjjoEhm3R4AaABAg,"なんか、皆が思う普通の人って、そうそう居ないよなぁ。
やっぱり皆何かしら欠陥あるよ〜。
皆が思う普通のことができる人ってスーパーマンだよ。
ハードル高いのよ皆",2026-03-04T13:20:16Z
Xs0uwEPcN6M,depression,うつは急には治らない。（ひとりごと）,UgzCS3OEWPm8Q9j_-qd4AaABAg,お洋服かわいいですね😊,2026-03-04T12:51:20Z
Xs0uwEPcN6M,depression,うつは急には治らない。（ひとりごと）,UgzW3aPXmMeIYWxr-hR4AaABAg,普通って何だろう、って最近よく思います。他との比較ではなく、自分自身の中で「今日は調子がいいな」って思える日が増えるといいですね🙏 今は好きなもの・ことに囲まれて、穏やかに過ごせますように…,2026-03-04T12:31:21Z
Xs0uwEPcN6M,depression,うつは急には治らない。（ひとりごと）,UgzaXXiWRNao81irD614AaABAg,🌬️🌸,2026-03-04T12:22:26Z
Xs0uwEPcN6M,depression,うつは急には治らない。（ひとりごと）,UgyJW0dcBor3pisRXGV4AaABAg,はいぽさんは自分の適性を見極めて就職したのに、会社の都合でペース乱されて辛いですね。ゆるく社会人されてた時から尊敬してたので、私までやるせない気持ちです。たかが会社なのに何様なんですかね,2026-03-04T12:08:37Z
Xs0uwEPcN6M,depression,うつは急には治らない。（ひとりごと）,UgyhnNu9RQevcsSmjZp4AaABAg,ありがとうございます。,2026-03-04T12:07:00Z
Xs0uwEPcN6M,depression,うつは急には治らない。（ひとりごと）,Ugz4w38nK4CjO2okHat4AaABAg,そうだ　温泉に行って暖まろう,2026-03-04T12:06:21Z
Xs0uwEPcN6M,depression,うつは急には治らない。（ひとりごと）,UgxCT2uROoiBxWZtdNp4AaABAg,はいぽさんはものすごい頑張り屋さんなんだなと思います。,2026-03-04T11:47:45Z
Xs0uwEPcN6M,depression,うつは急には治らない。（ひとりごと）,UgwZ-L415n2G8aux5ZJ4AaABAg,全然恥ずかしくなんてないですよ😊,2026-03-04T11:23:41Z
Xs0uwEPcN6M,depression,うつは急には治らない。（ひとりごと）,Ugw0X5BpFb7zjEnxE6B4AaABAg,私も社会人が向いていないのですが、はいぽさんの動画を見て何とか頑張れています。動画を投稿してくださり、ありがとうございます。はいぽさんを癒して、動画を投稿続けられるようにしている猫にも感謝しかないです。,2026-03-04T11:20:54Z
Xs0uwEPcN6M,depression,うつは急には治らない。（ひとりごと）,Ugxr7h1CaNXjwrznZqd4AaABAg,"こんばんは🌙
無理せずにね😊
わたしは、昔、誰といても不安で涙が出てました。
結局わたしは1人を選び、孤独に生きてます😢
他人との付き合いが怖いし病むんですよね…💧
色々な症状があるので大丈夫だと思いますよ😊",2026-03-04T11:02:43Z
Wjn3zg0ycn4,depression,Yandy Smith BREAKS DOWN &amp; Reveals She’s Depressed To The Group – LHHATL S13E1,UgwHgHUDvRGc0G4aNUB4AaABAg,Arent we all . 😂😂😂,2026-03-04T22:17:08Z
Wjn3zg0ycn4,depression,Yandy Smith BREAKS DOWN &amp; Reveals She’s Depressed To The Group – LHHATL S13E1,Ugz69TpdEq9m5dwFhe54AaABAg,"Now this, IS Love and Hiphop.. this scene was what makes it real. All the other stuff feels scripted. 

Salma and her disconnect with her husband and how they using substances more n more lately or yearning to “spice things up”.. or Renni feeling defeated when it comes to romantic relationships.. Karlie questioning herself after being cheated on and her hx with men.. and Yandy feeling so lonely even though she’s still living in the same home as mendeecee, breaking down that hard emotional wall and opening up to her girlfriends. Then to end the sess with support and love. Like this is what I want from love n hip hop❤",2026-03-04T21:49:45Z
Wjn3zg0ycn4,depression,Yandy Smith BREAKS DOWN &amp; Reveals She’s Depressed To The Group – LHHATL S13E1,UgwqhfkZhVtKbZqBX-14AaABAg,"She Is Stress Anyway Yandy Your A Good Person From How You Present Yourself To Be
Pray And Mabey You Need To Take A Break From Love And Hip Hop Go Fix You Girl
The Internet Gonna Only Break You.",2026-03-04T17:26:22Z
Wjn3zg0ycn4,depression,Yandy Smith BREAKS DOWN &amp; Reveals She’s Depressed To The Group – LHHATL S13E1,UgzoKb1BrEWNDC739kd4AaABAg,"YANDY GIRL YOU GOT THIS YOU HOLD IT DOWN BEFORE,  YOU STAND WITH HIM. NO MATTER WHAT YOUR HATERS SAY YOU GOT THIS PRAYING FOR YOU.  FROM THE TIME YOUR HUSBAND RELEASE FROM PRISON HE WAS ARROGANT AND SELFISH.",2026-03-04T17:23:26Z
Wjn3zg0ycn4,depression,Yandy Smith BREAKS DOWN &amp; Reveals She’s Depressed To The Group – LHHATL S13E1,UgzSREZ_Myjj2aAff3V4AaABAg,This was wholesome and sad at the same time,2026-03-04T14:14:58Z
Wjn3zg0ycn4,depression,Yandy Smith BREAKS DOWN &amp; Reveals She’s Depressed To The Group – LHHATL S13E1,UgwYbG_ILiWYyTY9a5F4AaABAg,The trip was about the women being transparent...Yandy...wants to explore other things? So its NOT Mendecees who wants to end the relationship!! Previously Mendecees stated to Yandy...he support her drive for standing on business but what about spending time with him n their kids..she is Always on the move...try to make it work!! Yall been with each other this far!!,2026-03-04T13:11:14Z
Wjn3zg0ycn4,depression,Yandy Smith BREAKS DOWN &amp; Reveals She’s Depressed To The Group – LHHATL S13E1,UgzhE4gsjDGBIYFfl8V4AaABAg,Cry me a river yandy its called karma heffa 😂😂😂😂😂😂😂😂,2026-03-04T12:34:34Z
Wjn3zg0ycn4,depression,Yandy Smith BREAKS DOWN &amp; Reveals She’s Depressed To The Group – LHHATL S13E1,Ugw1h58I983I5WvrDEp4AaABAg,What's wrong with Yandy eye?,2026-03-04T09:39:43Z
Wjn3zg0ycn4,depression,Yandy Smith BREAKS DOWN &amp; Reveals She’s Depressed To The Group – LHHATL S13E1,UgxJbDF5EaeF66yV_u54AaABAg,"That woman been through it
And to still raise children, keep your head and bread up, smh",2026-03-04T07:19:26Z
qWxIBJuSpPE,depression,Pehli Bar Khud Ka Socha 🥺#speakfortruthwithBhura #Depression #Harassment #KonSahiHaiKonGalatHai ,UgyBzx50iEVDTp_4Qip4AaABAg,Beshak bhai,2026-03-05T12:42:24Z
qWxIBJuSpPE,depression,Pehli Bar Khud Ka Socha 🥺#speakfortruthwithBhura #Depression #Harassment #KonSahiHaiKonGalatHai ,UgwFN8OwBeXSjAWCe8x4AaABAg,Bhai dubara team me ajao ramadan ka mahina hai sb sath me raho bhai jhaha pyr hota wahi emotional aate h,2026-03-05T09:57:33Z
qWxIBJuSpPE,depression,Pehli Bar Khud Ka Socha 🥺#speakfortruthwithBhura #Depression #Harassment #KonSahiHaiKonGalatHai ,UgwT3Pt8cQSdngQLVt14AaABAg,Are video ha kidhar,2026-03-05T09:10:05Z
qWxIBJuSpPE,depression,Pehli Bar Khud Ka Socha 🥺#speakfortruthwithBhura #Depression #Harassment #KonSahiHaiKonGalatHai ,Ugz2kjglFzhjsPaJfYh4AaABAg,Bhai agr bhabhi ne ye es wjh se aapko chor diya ki aapke pass kaam nhi hai.toh iska mtlb ye hai bhabhi ne shadi aapke famous hone ki wjh se ki thi.or aise waqt m hi unhe aapka sath dena chaiye tha.aapne apne papa or mmy dono ko kho diya hai.😢😢 bht bura lga ye sunn kr ki aapka sath chod diya,2026-03-05T08:00:55Z
qWxIBJuSpPE,depression,Pehli Bar Khud Ka Socha 🥺#speakfortruthwithBhura #Depression #Harassment #KonSahiHaiKonGalatHai ,UgwXNo8f4zqu2CaM6iF4AaABAg,Inshallah bhura bhai sab achha hoga,2026-03-05T03:31:49Z
qWxIBJuSpPE,depression,Pehli Bar Khud Ka Socha 🥺#speakfortruthwithBhura #Depression #Harassment #KonSahiHaiKonGalatHai ,UgyCjMhK351Tn9S_o-N4AaABAg,"Bhai Roz vlogs banao. Missing ramzan vlogs. Rushna nhi hai to kya hua, uske Bina hi bana lo",2026-03-05T00:33:00Z
qWxIBJuSpPE,depression,Pehli Bar Khud Ka Socha 🥺#speakfortruthwithBhura #Depression #Harassment #KonSahiHaiKonGalatHai ,UgweVCW6vJ_jsZK2_z54AaABAg,Hua kya h bhai wo kyu chali gyi chhod kr wo apke khilaf reels upload krti h ki dil dukhana buri baat h apne kya dil dukhaya h unka sach batana kya h kyu hua,2026-03-04T20:52:00Z
qWxIBJuSpPE,depression,Pehli Bar Khud Ka Socha 🥺#speakfortruthwithBhura #Depression #Harassment #KonSahiHaiKonGalatHai ,UgxdKtWIIxMxqqRa3_R4AaABAg,Bhai aapke andar bahut Sabar hai,2026-03-04T20:00:06Z
qWxIBJuSpPE,depression,Pehli Bar Khud Ka Socha 🥺#speakfortruthwithBhura #Depression #Harassment #KonSahiHaiKonGalatHai ,Ugx4KxIDm0ASC-SCyfh4AaABAg,Bhai aap apni baat thik se btao.or hm sbko sunni hai aapke sath kya hua.m pura support krunga aapka.kyuki aap dono ek sath acche lgte the,2026-03-04T18:34:42Z
qWxIBJuSpPE,depression,Pehli Bar Khud Ka Socha 🥺#speakfortruthwithBhura #Depression #Harassment #KonSahiHaiKonGalatHai ,UgzSYGWxgelvPa6Tjf54AaABAg,Inshaallah aapka Acha time zaror ayega,2026-03-04T18:19:04Z
qWxIBJuSpPE,depression,Pehli Bar Khud Ka Socha 🥺#speakfortruthwithBhura #Depression #Harassment #KonSahiHaiKonGalatHai ,UgwtF66sCPYqcJLRbOJ4AaABAg,❤❤❤❤❤❤,2026-03-04T17:45:03Z
qWxIBJuSpPE,depression,Pehli Bar Khud Ka Socha 🥺#speakfortruthwithBhura #Depression #Harassment #KonSahiHaiKonGalatHai ,UgxXmboO4wPDyXi-08R4AaABAg,❤❤❤❤❤❤❤❤❤❤❤❤❤❤❤❤❤❤,2026-03-04T17:44:38Z
qWxIBJuSpPE,depression,Pehli Bar Khud Ka Socha 🥺#speakfortruthwithBhura #Depression #Harassment #KonSahiHaiKonGalatHai ,UgxhSn5ItYFC8BhGS-V4AaABAg,Are bhai ye to bata nikle q the kya hua tha is bare me to batao kuch,2026-03-04T17:31:42Z
qWxIBJuSpPE,depression,Pehli Bar Khud Ka Socha 🥺#speakfortruthwithBhura #Depression #Harassment #KonSahiHaiKonGalatHai ,Ugzcxo4y2yZb4fkvmN14AaABAg,Sab kuchh chhodkar Allah se dil laga kr dekho bhai zindagi badal jayegi zindagi achhi ho jayengi,2026-03-04T17:21:19Z
qWxIBJuSpPE,depression,Pehli Bar Khud Ka Socha 🥺#speakfortruthwithBhura #Depression #Harassment #KonSahiHaiKonGalatHai ,Ugz7LcInYMyhC1WARfR4AaABAg,Rushna kidhar rheti h akele... Husband s mil kr life jeene ka to logo ki bato me agyi shayad,2026-03-04T16:36:28Z
qWxIBJuSpPE,depression,Pehli Bar Khud Ka Socha 🥺#speakfortruthwithBhura #Depression #Harassment #KonSahiHaiKonGalatHai ,Ugxbes9oqgn5KTJN3KN4AaABAg,Bhai pr aapne poori bat to btai hi nhi,2026-03-04T16:31:30Z
qWxIBJuSpPE,depression,Pehli Bar Khud Ka Socha 🥺#speakfortruthwithBhura #Depression #Harassment #KonSahiHaiKonGalatHai ,UgwNInTfYu0_YPQX-dV4AaABAg,Bhure bhai mei apko aur apki biwi ko dono ko ek sath bahot psnd krti thi aur apke sbhi vlogs dekhti thi bhure bhai hme ni pta abi apke aur apki biwi m kya chlra h lkn agr thodi b gunjaish h to apni biwi ko apne ghr le aaiye Allah ne apko bete k roop m ek aulad se nawaza h ap apni zindagi un dono k sath guzaariye fir chahe kitni b prshani hogi un dono ka sath hoga to kisi b takleef ka ehsas nhi hoga apko unse himmat milegi agr apka devorce nhi hua h to plz apne biwi bache ko apne pas le aaiye plz,2026-03-04T14:50:57Z
qWxIBJuSpPE,depression,Pehli Bar Khud Ka Socha 🥺#speakfortruthwithBhura #Depression #Harassment #KonSahiHaiKonGalatHai ,Ugzow64thBVlr1w8MtB4AaABAg,Alag ho Gaye rushna se tum,2026-03-04T14:34:12Z
qWxIBJuSpPE,depression,Pehli Bar Khud Ka Socha 🥺#speakfortruthwithBhura #Depression #Harassment #KonSahiHaiKonGalatHai ,UgzP7bhdkstZArPmCwd4AaABAg,Allah hifazat kare aapki ameen,2026-03-04T14:29:41Z
qWxIBJuSpPE,depression,Pehli Bar Khud Ka Socha 🥺#speakfortruthwithBhura #Depression #Harassment #KonSahiHaiKonGalatHai ,UgxMfQbd1CL1HABbRY94AaABAg,Bhai yee to batao ki savenger team kyu chodi kya reason tha team chodne kaa  yee to aapne kuch bataya hi nhi,2026-03-04T13:49:45Z
qWxIBJuSpPE,depression,Pehli Bar Khud Ka Socha 🥺#speakfortruthwithBhura #Depression #Harassment #KonSahiHaiKonGalatHai ,Ugz4Xlv40hVCT4jphv94AaABAg,"Mere samjh me nhi aaya abhi tak 
Bajha to bataya nhi clearly 
Jab pata chalega tabhi to kuch hoga",2026-03-04T13:00:54Z
qWxIBJuSpPE,depression,Pehli Bar Khud Ka Socha 🥺#speakfortruthwithBhura #Depression #Harassment #KonSahiHaiKonGalatHai ,UgxawhmQbbNbC8X_FFp4AaABAg,Allha sb thik kr dega in sha Allah,2026-03-04T12:34:49Z
qWxIBJuSpPE,depression,Pehli Bar Khud Ka Socha 🥺#speakfortruthwithBhura #Depression #Harassment #KonSahiHaiKonGalatHai ,UgwgRK3iZspJ_W7O5MB4AaABAg,Be strong bhai Allah sab sahi kar dega bure halat aate hai kuch accha hone ke liye is liye aap bhai tension na le Allah par yakin rakhe insa Allah ap ke sath kuch bhethar hone wala hai ❤,2026-03-04T11:37:33Z
qWxIBJuSpPE,depression,Pehli Bar Khud Ka Socha 🥺#speakfortruthwithBhura #Depression #Harassment #KonSahiHaiKonGalatHai ,UgzQlq3Rs7_nx9JQdBl4AaABAg,Allah apki taqlif door kre or apki zindgi asan bnaye apko apki hr khushi mile ameen ❤,2026-03-04T11:29:36Z
qWxIBJuSpPE,depression,Pehli Bar Khud Ka Socha 🥺#speakfortruthwithBhura #Depression #Harassment #KonSahiHaiKonGalatHai ,UgxDN63YlPj354tXE7F4AaABAg,Bhure mere yaar main saath hoon tere tantion mat le bhai Allah sab theek karega ilahi aameen 🤲🤲 👍👍,2026-03-04T11:12:34Z
qWxIBJuSpPE,depression,Pehli Bar Khud Ka Socha 🥺#speakfortruthwithBhura #Depression #Harassment #KonSahiHaiKonGalatHai ,Ugwiw_cB2hJT90YtM_94AaABAg,Apne thik se sab batya nhi kya ho gyaa h ye sb ??,2026-03-04T10:11:39Z
qWxIBJuSpPE,depression,Pehli Bar Khud Ka Socha 🥺#speakfortruthwithBhura #Depression #Harassment #KonSahiHaiKonGalatHai ,Ugz52jrxij4UAliKimF4AaABAg,Bhai Ham aapke Sath Hain Avengers UN bacchon ke sath bhi galat Kiya Hai Prince Kasif  aur aapko yahi suggestion denge  Ne bacchon ke sath mil kar kaam karo ❤❤❤❤❤ inshallah in se achcha Makam milega,2026-03-04T09:39:02Z
qWxIBJuSpPE,depression,Pehli Bar Khud Ka Socha 🥺#speakfortruthwithBhura #Depression #Harassment #KonSahiHaiKonGalatHai ,Ugx_1eY3EGuKuFyr53t4AaABAg,HASBI ALLAHU WNIMAL VAKIL ☝🏻☝🏻💓💓💓🤍🤍🤍☝🏻☝🏻☝🏻☝🏻☝🏻☝🏻☝🏻. ALLAH SAB DEKH RAHA HAI BHAI IN KI AUKAT NAHIN HAI BHAI TUJHE NICHE GIRANE KI 💪🏻💪🏻💪🏻💪🏻,2026-03-04T09:36:22Z
qWxIBJuSpPE,depression,Pehli Bar Khud Ka Socha 🥺#speakfortruthwithBhura #Depression #Harassment #KonSahiHaiKonGalatHai ,UgwZVcC0bbDR8OAsto54AaABAg,Puvva bhai missing hai woh kha h,2026-03-04T07:43:38Z
qWxIBJuSpPE,depression,Pehli Bar Khud Ka Socha 🥺#speakfortruthwithBhura #Depression #Harassment #KonSahiHaiKonGalatHai ,Ugy4dDEHaxKmHSo3xMF4AaABAg,Bhura Bhai Main Ajmer Rajasthan se ek aapse request hai aap Shahrukh Arshad   Kashif ko ikrar se Milkar Ek Team banaa le,2026-03-04T07:41:04Z
qWxIBJuSpPE,depression,Pehli Bar Khud Ka Socha 🥺#speakfortruthwithBhura #Depression #Harassment #KonSahiHaiKonGalatHai ,UgxYlWVYfVLLofynRbd4AaABAg,😢,2026-03-04T07:19:20Z
qWxIBJuSpPE,depression,Pehli Bar Khud Ka Socha 🥺#speakfortruthwithBhura #Depression #Harassment #KonSahiHaiKonGalatHai ,Ugx8PBGu4VQYOrJwu9d4AaABAg,Full support,2026-03-04T07:12:19Z
qWxIBJuSpPE,depression,Pehli Bar Khud Ka Socha 🥺#speakfortruthwithBhura #Depression #Harassment #KonSahiHaiKonGalatHai ,Ugzp9vr8MEA_Eq2CP9R4AaABAg,Imran bhai trilok Puri se full saport hai tum ko bhai 👍,2026-03-04T07:06:19Z
qWxIBJuSpPE,depression,Pehli Bar Khud Ka Socha 🥺#speakfortruthwithBhura #Depression #Harassment #KonSahiHaiKonGalatHai ,Ugy4bn93da9OtTmvY6p4AaABAg,Bhai aapki video ka intezar kar raha tha,2026-03-04T06:59:25Z
UPid9AZW-ZY,depression,"PT2: 607 Unc ALL ARTISTS BROKE , Depression Is a Choice,NOT G*Y, Pain Is My Friend &amp; Advice get 🐱",UgynkpvE7LIXULSX8yB4AaABAg,607 keep that Gang word alive 😂,2026-03-05T15:05:36Z
UPid9AZW-ZY,depression,"PT2: 607 Unc ALL ARTISTS BROKE , Depression Is a Choice,NOT G*Y, Pain Is My Friend &amp; Advice get 🐱",UgygNcAG2qEor3C9X6x4AaABAg,🔥🔥🔥🔥🔥🔥,2026-03-05T10:53:41Z
UPid9AZW-ZY,depression,"PT2: 607 Unc ALL ARTISTS BROKE , Depression Is a Choice,NOT G*Y, Pain Is My Friend &amp; Advice get 🐱",UgxyKmNJCVkWfGzaAId4AaABAg,🔥🔥🔥🔥🔥🔥,2026-03-05T08:34:44Z
UPid9AZW-ZY,depression,"PT2: 607 Unc ALL ARTISTS BROKE , Depression Is a Choice,NOT G*Y, Pain Is My Friend &amp; Advice get 🐱",UgyIryEei9tTnds4p2V4AaABAg,Unc fake enlightened again goof ass,2026-03-05T01:09:10Z
UPid9AZW-ZY,depression,"PT2: 607 Unc ALL ARTISTS BROKE , Depression Is a Choice,NOT G*Y, Pain Is My Friend &amp; Advice get 🐱",Ugz2xZJcQLUEWWNZFJV4AaABAg,"If the rappers broke, how could Uzi Vert afford a 24million dollar diamond on his forehead?",2026-03-04T21:31:48Z
UPid9AZW-ZY,depression,"PT2: 607 Unc ALL ARTISTS BROKE , Depression Is a Choice,NOT G*Y, Pain Is My Friend &amp; Advice get 🐱",Ugxs8xaMRnVbAacUsm94AaABAg,Raphouse tv sounds cute as fuk i bet he is,2026-03-04T21:29:23Z
UPid9AZW-ZY,depression,"PT2: 607 Unc ALL ARTISTS BROKE , Depression Is a Choice,NOT G*Y, Pain Is My Friend &amp; Advice get 🐱",UgzkhmSXbIrMtzdTFep4AaABAg,Mind games 607 Unk gay,2026-03-04T16:59:08Z
UPid9AZW-ZY,depression,"PT2: 607 Unc ALL ARTISTS BROKE , Depression Is a Choice,NOT G*Y, Pain Is My Friend &amp; Advice get 🐱",UgzF6si-hlziBax2hsd4AaABAg,Overstand good debt and bad debt tho 💯,2026-03-04T16:48:08Z
UPid9AZW-ZY,depression,"PT2: 607 Unc ALL ARTISTS BROKE , Depression Is a Choice,NOT G*Y, Pain Is My Friend &amp; Advice get 🐱",UgyUIu7ko4_9GlKFJ854AaABAg,They All in Dept✅️💯🎯,2026-03-04T16:14:20Z
UPid9AZW-ZY,depression,"PT2: 607 Unc ALL ARTISTS BROKE , Depression Is a Choice,NOT G*Y, Pain Is My Friend &amp; Advice get 🐱",UgzD3jH5pCWpFnItXct4AaABAg,So that’s why it feel good to flip off a mf😭😭😭,2026-03-04T11:51:58Z
UPid9AZW-ZY,depression,"PT2: 607 Unc ALL ARTISTS BROKE , Depression Is a Choice,NOT G*Y, Pain Is My Friend &amp; Advice get 🐱",UgxWGtoX1Vs7bRbCfyV4AaABAg,Im bust out laughin around 7:20😂😂😂”I ain’t gay”🤣😂,2026-03-04T11:09:34Z
UPid9AZW-ZY,depression,"PT2: 607 Unc ALL ARTISTS BROKE , Depression Is a Choice,NOT G*Y, Pain Is My Friend &amp; Advice get 🐱",Ugzd-D2rYJDA-o7bsFJ4AaABAg,I’m ready to be heard . Unc what’s up fam?,2026-03-04T06:21:13Z
UPid9AZW-ZY,depression,"PT2: 607 Unc ALL ARTISTS BROKE , Depression Is a Choice,NOT G*Y, Pain Is My Friend &amp; Advice get 🐱",UgxXd2oMSjPZzEyDL-94AaABAg,"Delete this upload, we don’t want no 19 min video with Unc!!",2026-03-04T04:43:54Z
UPid9AZW-ZY,depression,"PT2: 607 Unc ALL ARTISTS BROKE , Depression Is a Choice,NOT G*Y, Pain Is My Friend &amp; Advice get 🐱",Ugyuv7S4BcPLFpKrxyZ4AaABAg,Damn so I should just stay independent ..huh yall?,2026-03-04T04:27:00Z
UPid9AZW-ZY,depression,"PT2: 607 Unc ALL ARTISTS BROKE , Depression Is a Choice,NOT G*Y, Pain Is My Friend &amp; Advice get 🐱",Ugxg4P3I16zzGST2aol4AaABAg,"He's right 
 America Is literally a business. 

Hell . America is in dept",2026-03-04T04:10:15Z
UPid9AZW-ZY,depression,"PT2: 607 Unc ALL ARTISTS BROKE , Depression Is a Choice,NOT G*Y, Pain Is My Friend &amp; Advice get 🐱",Ugwue2fgXuJpusE7-oF4AaABAg,About time! Lol💯,2026-03-04T03:40:40Z
J0xRGqMFMj8,major depressive disorder,"Major Depressive Disorder (MDD) – Diagnosis, Differentials, Treatment | CRASH! Psychiatry",Ugw-Ik0MAOId_lk7zAp4AaABAg,"Love the transition 3:17 🤣🤣🤣
I'm certain i won't forget this ever ✔️",2026-03-06T01:44:07Z
J0xRGqMFMj8,major depressive disorder,"Major Depressive Disorder (MDD) – Diagnosis, Differentials, Treatment | CRASH! Psychiatry",UgxMtuSCbxBd91lnoUh4AaABAg,"This was very well done!
Thank you Doctor Bolin!",2026-03-05T18:15:35Z
J0xRGqMFMj8,major depressive disorder,"Major Depressive Disorder (MDD) – Diagnosis, Differentials, Treatment | CRASH! Psychiatry",UgwF-FPCHeDXDFxc0Zt4AaABAg,Thank you Dr. Bolin for very important  lecture.,2026-03-05T17:33:33Z
J0xRGqMFMj8,major depressive disorder,"Major Depressive Disorder (MDD) – Diagnosis, Differentials, Treatment | CRASH! Psychiatry",UgyssSdXa2ho1m71yGR4AaABAg,I needed this! Thanks Doc!,2026-03-05T17:17:42Z
J0xRGqMFMj8,major depressive disorder,"Major Depressive Disorder (MDD) – Diagnosis, Differentials, Treatment | CRASH! Psychiatry",Ugzd6iDhl4FoB6LsLoN4AaABAg,Well done.,2026-03-05T17:16:23Z
J0xRGqMFMj8,major depressive disorder,"Major Depressive Disorder (MDD) – Diagnosis, Differentials, Treatment | CRASH! Psychiatry",UgxCZvLp1tAWEDmTl914AaABAg,"Thank you sir, very much",2026-03-05T15:19:25Z
WVItBi4nduU,major depressive disorder,Sleep &amp; Major Depressive Disorder: A Psychiatrist’s Clinical Insights,UgzBc2RsqULD9xiHQGJ4AaABAg,🩺 Clinicians: Get your FREE sleep mini-course here intrabalance.com/doctors,2026-03-05T14:54:13Z
WVItBi4nduU,major depressive disorder,Sleep &amp; Major Depressive Disorder: A Psychiatrist’s Clinical Insights,UgywCCVe9uunCAE56f14AaABAg,I have long term epilepsy now can’t sleep,2026-03-06T01:15:36Z
WVItBi4nduU,major depressive disorder,Sleep &amp; Major Depressive Disorder: A Psychiatrist’s Clinical Insights,UgzuoGOIkwET0TLCe9d4AaABAg,All the medicine I have taken nothing helped me. Now I am having cortisol test,2026-03-06T01:13:40Z
wjZyuKVFxAQ,major depressive disorder,How to Overcome Depression and Hopelessness - Qasim Ali Shah,UgyGMIjmsrPSJJC3Xa54AaABAg,Aslamo alikhum Sir 🎉🎉🎉,2026-03-06T01:26:43Z
wjZyuKVFxAQ,major depressive disorder,How to Overcome Depression and Hopelessness - Qasim Ali Shah,UgzoofyFDVjsJOtBo5Z4AaABAg,Best cotation ❤,2026-03-05T21:06:01Z
wjZyuKVFxAQ,major depressive disorder,How to Overcome Depression and Hopelessness - Qasim Ali Shah,UgwqrtipIKJC7t3CUjB4AaABAg,Sir Kamal kr diya,2026-03-05T17:14:28Z
wjZyuKVFxAQ,major depressive disorder,How to Overcome Depression and Hopelessness - Qasim Ali Shah,UgxvZcvFKNFYoKS0RpJ4AaABAg,What a great lesson,2026-03-05T16:50:34Z
wjZyuKVFxAQ,major depressive disorder,How to Overcome Depression and Hopelessness - Qasim Ali Shah,UgyZ6qLWg0I8KFotQBB4AaABAg,🎉🎉🎉,2026-03-05T16:39:05Z
wjZyuKVFxAQ,major depressive disorder,How to Overcome Depression and Hopelessness - Qasim Ali Shah,UgzLB5u5M53bbpqeRbB4AaABAg,meray baitay k channel  ka name subhan  waheed talks... he is 11 years old and a motivational youtuber...ap k channel ki collaboration mil skti ha kia 1 bar uss ki video pehlay daikh lyn  subhan waheed talks,2026-03-05T16:35:11Z
wjZyuKVFxAQ,major depressive disorder,How to Overcome Depression and Hopelessness - Qasim Ali Shah,UgybOM2hyfCa6psUgOF4AaABAg,Great. You are right sir g. May you live long. Keep it up good work. Thanks.,2026-03-05T16:32:10Z
wjZyuKVFxAQ,major depressive disorder,How to Overcome Depression and Hopelessness - Qasim Ali Shah,UgyXzQvZ9duwDdDHlzh4AaABAg,Keep it up good work. Sir g. Thanks. Jazak Allah.,2026-03-05T16:10:49Z
wjZyuKVFxAQ,major depressive disorder,How to Overcome Depression and Hopelessness - Qasim Ali Shah,UgwPFi3Fw7mfSW-Lr8B4AaABAg,Jazak Allah.,2026-03-05T16:10:14Z
wjZyuKVFxAQ,major depressive disorder,How to Overcome Depression and Hopelessness - Qasim Ali Shah,UgzOhEoeKC8ck3rnJ4d4AaABAg,Masha Allah.,2026-03-05T16:10:00Z
wjZyuKVFxAQ,major depressive disorder,How to Overcome Depression and Hopelessness - Qasim Ali Shah,UgzNiyIe4-2v6siPxmJ4AaABAg,good job,2026-03-05T15:50:59Z
wjZyuKVFxAQ,major depressive disorder,How to Overcome Depression and Hopelessness - Qasim Ali Shah,UgyGPlyZPvbxdBteG9R4AaABAg,❤,2026-03-05T15:03:45Z
wjZyuKVFxAQ,major depressive disorder,How to Overcome Depression and Hopelessness - Qasim Ali Shah,Ugw5yXw7HAb6h3Qg3mt4AaABAg,🌹👍🌹👌🌹🙏🌹❤🌹,2026-03-05T14:36:21Z
wjZyuKVFxAQ,major depressive disorder,How to Overcome Depression and Hopelessness - Qasim Ali Shah,UgymhISMA1wZ4lffRJF4AaABAg,😊💫⭐,2026-03-05T14:14:45Z
wjZyuKVFxAQ,major depressive disorder,How to Overcome Depression and Hopelessness - Qasim Ali Shah,UgyktyrweyZta59N99N4AaABAg,JazakAllah Khair,2026-03-05T14:04:34Z
wjZyuKVFxAQ,major depressive disorder,How to Overcome Depression and Hopelessness - Qasim Ali Shah,Ugyq8FbW-hJyH0MZXfV4AaABAg,ماشاءاللہ سر جی,2026-03-05T13:21:15Z
wjZyuKVFxAQ,major depressive disorder,How to Overcome Depression and Hopelessness - Qasim Ali Shah,UgwsJQPoWg9zkOycN0V4AaABAg,You are a great man,2026-03-05T13:12:33Z
wjZyuKVFxAQ,major depressive disorder,How to Overcome Depression and Hopelessness - Qasim Ali Shah,UgznOOVkGPK7diHoHdZ4AaABAg,ماشاءاللہ بہت خوب اللہ تعالیٰ آپ کو سلامت رکھے آمین ثم آمین یا رب العالمین,2026-03-05T12:57:32Z
wjZyuKVFxAQ,major depressive disorder,How to Overcome Depression and Hopelessness - Qasim Ali Shah,UgyRfZ2RBmqX1cw_jWt4AaABAg,السلام وعلیکم سر ۔ سر آپ میرے نظر میں پاکستان کے بہترین فرسنز میں آپ کا شمار ہوتا ہے ❤۔ اور اللہ تعالیٰ آپ کو لمبی عمر عطا فرمائے ۔۔ اور اللہ تعالیٰ آپ کو اپنے فیلڈ میں مزید ترقی عطاء فرمائے ۔ سر جب بھی میں اسلام آباد آؤ انشاء اللہ آپ کے ساتھ ضرور ملو گا اور ایک خوشگوار سیلفی لونگا ۔ انشاء اللہ ۔۔,2026-03-05T12:36:49Z
wjZyuKVFxAQ,major depressive disorder,How to Overcome Depression and Hopelessness - Qasim Ali Shah,UgxfE93V1ybTI2gpLIB4AaABAg,ماشاءاللہ بہت ودھیا,2026-03-05T12:30:03Z
wjZyuKVFxAQ,major depressive disorder,How to Overcome Depression and Hopelessness - Qasim Ali Shah,UgwrlNP1KLF5DFkHQAJ4AaABAg,Jazakallah sir for your pleasure ❤❤,2026-03-05T12:11:34Z
udsBr9C0lEk,major depressive disorder,"Beth May talks Bipolar Disorder, Electroshock therapy and her favorite Buffy episodes!",UgwL8PpSwY3W2W-8c-N4AaABAg,It’s really great Beth May is willing to open up about something so personal. It helps remove the stigma of mental health issues and makes it feel less daunting and more approachable. Also it was really interesting hearing how far ECT has come from to a point where it’s very humane and effective for certain conditions.,2026-03-06T01:32:50Z
udsBr9C0lEk,major depressive disorder,"Beth May talks Bipolar Disorder, Electroshock therapy and her favorite Buffy episodes!",Ugyvv0bMjZ9hcE7luZp4AaABAg,Really gave me hope. Thank u <3,2026-03-06T01:22:28Z
udsBr9C0lEk,major depressive disorder,"Beth May talks Bipolar Disorder, Electroshock therapy and her favorite Buffy episodes!",UgxO0z8oiqXJoLkrLv94AaABAg,"Love to see informative podcasts like this it really helps people with mental illnesses not feel alone, and those that don't have them understand. Keep up the good work!",2026-03-06T00:55:18Z
udsBr9C0lEk,major depressive disorder,"Beth May talks Bipolar Disorder, Electroshock therapy and her favorite Buffy episodes!",UgzXyKMKKgbafaMixQp4AaABAg,"So true what you said about Bipolar having overlap with other disorders.

My AuDHD was mistaken for Bipolar as a kid and the antipsychotics and mood stabilizers didn’t help and only emptied my brain and personality.

Yes my moods are extreme, but there’s always a pattern of ADHD dominant me cashing a bunch of checks that Autistic me can’t cover. 
It never goes into truly delusional or dangerous things. But I do look visibly manic when I get excited while unmasking and I talk a mile a minute and won’t shut up. 😅

Getting the right medication is so tough and I am so happy that you seem to be doing well!",2026-03-06T00:12:51Z
udsBr9C0lEk,major depressive disorder,"Beth May talks Bipolar Disorder, Electroshock therapy and her favorite Buffy episodes!",UgwAsLR2kpGzs3X4vFR4AaABAg,Love everything ya'll have been doing <3,2026-03-05T20:50:05Z
udsBr9C0lEk,major depressive disorder,"Beth May talks Bipolar Disorder, Electroshock therapy and her favorite Buffy episodes!",UgxZH_U4TGxOkrQ0dgx4AaABAg,No puppets?,2026-03-05T19:54:56Z
udsBr9C0lEk,major depressive disorder,"Beth May talks Bipolar Disorder, Electroshock therapy and her favorite Buffy episodes!",UgxSQ4TE_gkxBjWfA6V4AaABAg,"I'm not fully through the video as of yet. But I have some things I'd like to say (about the video, and about myself). First of all, I think this is a GREAT thing to watch. Seeing how other people deal with their mental illnesses is so valuable! It helps people who might have mental illnesses realise theirs, or even realise there should not be any shame in it, and to seek help. And it helps those without to have more understanding.
Second of all, Beth seems like an awesome person. And I wanna thank her for being so open about her struggles! (And Buffy is the absolute best! I'd also be hard pressed to think what my favourite episode would be... I'll have to think on that for a bit)

I myself am diagnosed ASD (Autism Spectrum Disorder) and ADD. Both of which are very good at fucking up my life. ADD, surprisingly?, more so. And recently after chatting with a dear friend of mine, I have come to the realisation, that eventhough I have been taking medication for it for some time now (nearly a decade I think? since my diagnoses at any rate), I'm not finding it... effective or good enough. I take Bupropion, which is in it's essence a anti depressant. And I know that if I don't take it, I AM quite a bit more scatter brained and more high energy to the outside world. However, I have recently realised, I still HAVE all the issues that I had before I took the medication. It's just, only slightly milder. And at the time I accepted that as ""well this is the best it'd gon' be"". So my aim now is to get back to a psychiatrist, and try out a bunch of other meds that could help, to find the one that I DO find effective enough. And maybe, MAYBE, find one that will actually suppress the ADD enough that I might become the person I really would like to be.


This time, NOT ONLY FOR THE ALGORITHM, THIS TIME I'M ACTUALLY SAYING SOMETHING!!!! WHOOOOO",2026-03-05T18:40:11Z
udsBr9C0lEk,major depressive disorder,"Beth May talks Bipolar Disorder, Electroshock therapy and her favorite Buffy episodes!",Ugya-CzCHOMS1_hjn-d4AaABAg,Can you invite Rachel Bloom on the show?! Her TV show Crazy Ex Girlfriend was all about mental health and I feel like she'd have some really insightful things to talk about!,2026-03-05T18:16:07Z
udsBr9C0lEk,major depressive disorder,"Beth May talks Bipolar Disorder, Electroshock therapy and her favorite Buffy episodes!",UgxZlAlipGgfXu2KKdx4AaABAg,"I love this interview. I’ve seen so many doctors over the years and my most ubiquitous diagnosis combo has been Bipolar 2 and ADHD, which recent therapy has been uncovering could be cPTSD.

I can recall my first major medication reaction was akathisia in response to a mood stabilizer in grade school. I think it was in combination with ritalin but I may have been on adderall by that time. I wound up ripping my clothes off and “climbing the walls” by my parents’ recollection. Dad wound up tossing me out the back door in my underwear because he was exhausted and just wanted to get me to school and go to work.

My late mother’s records have been extremely helpful in identifying and understanding my psych history.

Thanks for sharing this beautiful exchange.",2026-03-05T17:41:57Z
udsBr9C0lEk,major depressive disorder,"Beth May talks Bipolar Disorder, Electroshock therapy and her favorite Buffy episodes!",Ugzu6ETxIeJiYJvnIzh4AaABAg,"I'm so proud of Beth for sharing her mental health experience! I don't know very much about depression and bipolar at all, so hearing her talk about how it is for her is super interesting. I never would have thought that listening to a silly dungeons & dragons podcast would bring me to a YouTube channel that educates so many people about these types of things, but I'm so glad it did. I can't wait to keep learning about different types of mental health conditions, and I'm super excited to see who will come on next 😊",2026-03-05T17:35:42Z
udsBr9C0lEk,major depressive disorder,"Beth May talks Bipolar Disorder, Electroshock therapy and her favorite Buffy episodes!",Ugwu1rlX0m9xb371VHB4AaABAg,"Thank you so much for this . i have really enjoyed all of the episodes on your channel but this is exactly what i am needing right now. Hearing people living with mental health issues that impact life so much, and living, it gives me hope. I might be okay once the dust finds a way to settle a little more and i can come out of hiding some day. I am really grateful for this episode. Thank you.",2026-03-05T17:14:11Z
udsBr9C0lEk,major depressive disorder,"Beth May talks Bipolar Disorder, Electroshock therapy and her favorite Buffy episodes!",UgzdX9zYRNur99HW7ol4AaABAg,Such a familiar super villain origin story. I was diagnosed with depression and put on SSRIs back in college. But in my case it triggered a mixed episode. I assumed this was a side effect of the pills. My manic impulse was to flush the pills down the toilet at 3am after about a week and never going back. It wasn't until years later when I started trying to take better care of myself that the hypomania reasserted itself on its own and mixed episodes replaced depression without medication. Only then did I learn it was never the pills. The true potential for crazy was inside me all along.,2026-03-05T16:09:45Z
udsBr9C0lEk,major depressive disorder,"Beth May talks Bipolar Disorder, Electroshock therapy and her favorite Buffy episodes!",UgxR38e5hOoMXvuVzDd4AaABAg,3:35 Was Jesus bipolar?,2026-03-05T14:50:48Z
udsBr9C0lEk,major depressive disorder,"Beth May talks Bipolar Disorder, Electroshock therapy and her favorite Buffy episodes!",UgxBCgDCb5maDhcpZ794AaABAg,Dude. You are doing the good work out here. Thank you.,2026-03-05T14:36:00Z
udsBr9C0lEk,major depressive disorder,"Beth May talks Bipolar Disorder, Electroshock therapy and her favorite Buffy episodes!",UgwLSDgweTBMXCLRqL54AaABAg,I wish I'd had this video when my mom was panicking because my doctors wanted me to check into hospitals and try ECT. We need these kinds of stories and conversations to prevent the stigma from interfering with treatment.,2026-03-05T13:39:55Z
udsBr9C0lEk,major depressive disorder,"Beth May talks Bipolar Disorder, Electroshock therapy and her favorite Buffy episodes!",Ugz859v04r0CUhAKexN4AaABAg,My dad sent me this. But it was a cool experience cause I’ve never heard an experience that put how I felt into words.,2026-03-05T13:33:38Z
udsBr9C0lEk,major depressive disorder,"Beth May talks Bipolar Disorder, Electroshock therapy and her favorite Buffy episodes!",Ugxkh3D0-JR5WLGLggx4AaABAg,"I really love this show but the forced, fake laughter is too much for me. It doesn't seem natural at all",2026-03-05T13:28:07Z
udsBr9C0lEk,major depressive disorder,"Beth May talks Bipolar Disorder, Electroshock therapy and her favorite Buffy episodes!",UgzddnIq-NRRruJ2L954AaABAg,"Thanks for doing these shows, y'all! It's amazing that more people are willing to talk openly about their mental health struggles, especially right now when things around the world are getting increasingly out of hand. As an American, I've gotten conflicting info about my own MH issues from varying doctors and am still trying to figure out just wtf is wrong with my brain, but I'm approaching middle age and that makes it more difficult to pinpoint. I'm not giving up though!

Whatever the case, there IS hope, for anyone that might be reading these comments and watching Ash's videos (or anyone else's) and feeling like you're screaming into the void. Just remember: we're happy you're here, and you're not alone. ❤",2026-03-05T13:21:08Z
udsBr9C0lEk,major depressive disorder,"Beth May talks Bipolar Disorder, Electroshock therapy and her favorite Buffy episodes!",Ugx7Wvz8mHWGS5v49hZ4AaABAg,"I loved this so much, AND you seem like such a good friend to have. ❤",2026-03-05T13:05:09Z
udsBr9C0lEk,major depressive disorder,"Beth May talks Bipolar Disorder, Electroshock therapy and her favorite Buffy episodes!",UgwjTmoqR5IIVCAijEZ4AaABAg,Aw this is so lovely. Thank you Beth and Ashley for talking about this :),2026-03-05T12:03:03Z
udsBr9C0lEk,major depressive disorder,"Beth May talks Bipolar Disorder, Electroshock therapy and her favorite Buffy episodes!",UgxyLhHsATCbzq2MbyB4AaABAg,How dare you put a beautiful muscle mommy bipolar princess before us!! Thank you 🙇🏼‍♂️🙇🏽‍♂️,2026-03-05T11:59:59Z
udsBr9C0lEk,major depressive disorder,"Beth May talks Bipolar Disorder, Electroshock therapy and her favorite Buffy episodes!",UgxBa653SZbA7K1mbzd4AaABAg,Thank you both for creating this platform and sharing your stories.,2026-03-05T11:45:23Z
udsBr9C0lEk,major depressive disorder,"Beth May talks Bipolar Disorder, Electroshock therapy and her favorite Buffy episodes!",UgzoYECJ34as6xgJwCh4AaABAg,The Body is definitely the best episode but I do love Once More With Feeling ☺️,2026-03-05T11:00:07Z
udsBr9C0lEk,major depressive disorder,"Beth May talks Bipolar Disorder, Electroshock therapy and her favorite Buffy episodes!",UgxPtQAIcWlSNkNMHA54AaABAg,Agreed. The Body is my favourite episode of television ever.,2026-03-05T09:48:39Z
udsBr9C0lEk,major depressive disorder,"Beth May talks Bipolar Disorder, Electroshock therapy and her favorite Buffy episodes!",UgxGYQwCZrixS8Uc5ll4AaABAg,"What a fantastic & informative conversation 🙏🙏🙏
That type of videos is really needed and so incredibly helpful 😌😌😌
And speaking of anosognosia and/or conditions that may be confused with another, an episode about Dissociative Identity Disorder would help a lot... (sigh)
Thank you, Ashly & Beth, for this video, and making it with laughs (and ""Buffy"" references)
Much love to both of you from Switzerland 💙💙💙",2026-03-05T09:21:01Z
udsBr9C0lEk,major depressive disorder,"Beth May talks Bipolar Disorder, Electroshock therapy and her favorite Buffy episodes!",Ugx1LnKHiuk0Vd9yX9R4AaABAg,I have Bipolar disorder so I was glad to see this notification.  Love you Ashly!,2026-03-05T08:36:16Z
udsBr9C0lEk,major depressive disorder,"Beth May talks Bipolar Disorder, Electroshock therapy and her favorite Buffy episodes!",UgyddnE0mS3laR1K-hB4AaABAg,We need more videos like this where two people have a wholesome conversation about mental health! Big fan of the channel! And congrats to Beth for being two years sober!,2026-03-05T07:19:25Z
udsBr9C0lEk,major depressive disorder,"Beth May talks Bipolar Disorder, Electroshock therapy and her favorite Buffy episodes!",UgxKJyGZOR2A6rRl5Xx4AaABAg,Thank you.,2026-03-05T06:12:17Z
udsBr9C0lEk,major depressive disorder,"Beth May talks Bipolar Disorder, Electroshock therapy and her favorite Buffy episodes!",UgwUC8v6Dh8SBH7JQEJ4AaABAg,"Awesome conversation, thanks for sharing it with us!",2026-03-05T05:05:40Z
udsBr9C0lEk,major depressive disorder,"Beth May talks Bipolar Disorder, Electroshock therapy and her favorite Buffy episodes!",Ugx0jwKuzpsUHlpkC-B4AaABAg,"Holy shit, Akathisia. I didn't know there was a word for this but hearing Beth describe 'spiders in your body' got my full attention. For me it's this feeling of uneasy high tension in my spine and I want nothing more than to break my bones to let the madness out so I can relax. I've only ever gotten black stares about it! But it's real! Seriously, education is so empowering. Thank you both, I'm happy you're here.",2026-03-05T04:58:11Z
udsBr9C0lEk,major depressive disorder,"Beth May talks Bipolar Disorder, Electroshock therapy and her favorite Buffy episodes!",Ugz00krUH7quXzATCWR4AaABAg,dam beth brought the gun show,2026-03-05T04:39:57Z
udsBr9C0lEk,major depressive disorder,"Beth May talks Bipolar Disorder, Electroshock therapy and her favorite Buffy episodes!",UgxEmKjyo7oQ0cVZSnJ4AaABAg,"Fuck me, I didn't expect to learn about my own disability like three fuckin' minutes in. Damn, lady. You got me good.",2026-03-05T04:39:40Z
udsBr9C0lEk,major depressive disorder,"Beth May talks Bipolar Disorder, Electroshock therapy and her favorite Buffy episodes!",Ugz9PuRBKu4v-aChOmZ4AaABAg,Beth May has been putting points into Strength in D&D and in real life,2026-03-05T04:09:49Z
udsBr9C0lEk,major depressive disorder,"Beth May talks Bipolar Disorder, Electroshock therapy and her favorite Buffy episodes!",UgyC2MEqfBxP-I5LzRZ4AaABAg,So generous of Beth to share and help other people with her experience,2026-03-05T03:38:24Z
udsBr9C0lEk,major depressive disorder,"Beth May talks Bipolar Disorder, Electroshock therapy and her favorite Buffy episodes!",Ugy5FJ3r8eUwxb0q89x4AaABAg,"This was an incredibly validating watch. Thank you both. I have bipolar 1, and Beth’s story is so close to mine— from the SSRI induced first-time manic episode to the akathisia (from saphris,in my case). Even not accepting drugs that feel like settling for a permanent depressive episode to stave off mania. It’s a lot, and she summed it up so well.",2026-03-05T02:25:20Z
udsBr9C0lEk,major depressive disorder,"Beth May talks Bipolar Disorder, Electroshock therapy and her favorite Buffy episodes!",Ugx3iFBK865eALaB2z14AaABAg,"Any good advice for supporting someone who is bipolar & alcoholic? My brother has been a danger to himself and others for a number of years, but I try not to get involved (other than suggesting eating or a hospital) so as not to enable him. I wish I could be more involved in the bipolar & medical aspect to let him know if he's behaving off, but he's the most stubborn person on the planet and won't listen to a word or share what he's going through.",2026-03-05T02:19:45Z
udsBr9C0lEk,major depressive disorder,"Beth May talks Bipolar Disorder, Electroshock therapy and her favorite Buffy episodes!",UgzglRlcREydzIJPQ-N4AaABAg,Correct answers to favorite and best episodes of Buffy!,2026-03-05T02:15:02Z
udsBr9C0lEk,major depressive disorder,"Beth May talks Bipolar Disorder, Electroshock therapy and her favorite Buffy episodes!",Ugz1tGpNFJf6W6mJJXR4AaABAg,"So happy to hear someone talk about this so frankly because even among my fellow friends with mental illness, we don't talk about it like this.",2026-03-05T02:08:16Z
udsBr9C0lEk,major depressive disorder,"Beth May talks Bipolar Disorder, Electroshock therapy and her favorite Buffy episodes!",UgxRJ65QsY67LW37Qhh4AaABAg,Cool.,2026-03-05T02:07:38Z
udsBr9C0lEk,major depressive disorder,"Beth May talks Bipolar Disorder, Electroshock therapy and her favorite Buffy episodes!",UgyG7t60AtTTdmZ43q54AaABAg,I am happy to be here.,2026-03-05T01:50:05Z
udsBr9C0lEk,major depressive disorder,"Beth May talks Bipolar Disorder, Electroshock therapy and her favorite Buffy episodes!",Ugx-8yZjBml8n9UmYbR4AaABAg,"As an OCD sufferer, I love getting the chance to hear about mental illnesses that are less talked about/""accepted"" (use that term loosely, but at least in Canada, talking about anxiety or depression has been somewhat normalized?). I didn't get my OCD diagnosed until my early 20s, even though it started in my middle school years and made highschool hell. It makes me feel sad when I think about the damage that I could have saved my brain from if talking about any form of OCD other then germ contamination and handwashing had been normalized earlier. Keep up the good work!",2026-03-05T01:40:30Z
udsBr9C0lEk,major depressive disorder,"Beth May talks Bipolar Disorder, Electroshock therapy and her favorite Buffy episodes!",UgyzoNYO4-0GSVwaB4l4AaABAg,I was a huge fan of Beth’s and now I’m even more impressed. Being this open with the internet is wildly brave. Thank you so much for sharing so honestly.,2026-03-05T01:09:38Z
udsBr9C0lEk,major depressive disorder,"Beth May talks Bipolar Disorder, Electroshock therapy and her favorite Buffy episodes!",UgwmpRkBetgaByUVbV14AaABAg,"Want to give a big shout out to Beth, being candid and open about her experiences with mental health over the years I've followed her work helped me come to terms with needing to go to the psyche ward when I was struggling. She is a king!",2026-03-05T00:48:40Z
udsBr9C0lEk,major depressive disorder,"Beth May talks Bipolar Disorder, Electroshock therapy and her favorite Buffy episodes!",UgzH6LTlwEzclQamIGV4AaABAg,"Hey, I'm happy you're here.",2026-03-05T00:05:50Z
udsBr9C0lEk,major depressive disorder,"Beth May talks Bipolar Disorder, Electroshock therapy and her favorite Buffy episodes!",UgzdYAP3NurfBqZJJVh4AaABAg,"This is great stuff thank you so much!
My mother is suffering pretty heavily from bipolar disorder and akathisia and medication has not been cutting it.
Her psychiatrist is recommending That EST or at the very least TMS for next steps to help with treatment.
Unfortunately mom is completely against it because she is basing it off of all the bag stigma from movies and such.
But hopefully we can get her to give it a try cuz it has been a few years and nothing else so far has worked",2026-03-04T23:40:38Z
udsBr9C0lEk,major depressive disorder,"Beth May talks Bipolar Disorder, Electroshock therapy and her favorite Buffy episodes!",UgwfFWKgP48rLwqPgvN4AaABAg,"I have bi polar type 1 and this person is sooo relatable. Specifically about the medication. I’ve been trying to treat my bipolar but as a creative person as well its really hard to stay on antipsychotics because it doesn’t make me feel healthy or anything it just makes me kind of hate myself if that makes sense. I just feel flat and I can’t do any of my hobbies. While I hate myself when I’m manic, specifically the decisions that i make and go ‘god why did I do that’ it still feels better than feeling like I can’t do anything at all. I would like a calm mind for just a minute that sounds nice but I don’t want to feel like my light goes out in the process",2026-03-04T23:36:04Z
udsBr9C0lEk,major depressive disorder,"Beth May talks Bipolar Disorder, Electroshock therapy and her favorite Buffy episodes!",UgxafadAG8r7T73enDl4AaABAg,Beth May be one of my favorite people.,2026-03-04T23:24:41Z
udsBr9C0lEk,major depressive disorder,"Beth May talks Bipolar Disorder, Electroshock therapy and her favorite Buffy episodes!",UgzIppOEkO2MXCQjwBp4AaABAg,"I really love this channel as this is such a great way to hear about other people's mental health journeys to hopefully build an acceptance and understanding not just for others, but ourselves.",2026-03-04T23:19:56Z
udsBr9C0lEk,major depressive disorder,"Beth May talks Bipolar Disorder, Electroshock therapy and her favorite Buffy episodes!",Ugwd97O-qDktg_MO8O54AaABAg,"One Bipolar II hypomania story (not trauma dumping, this isn't bad-bad) was I became a DJ on a whim, which not only required me to buy problematically expensive DJ stuff (might as well go all-in, right?) but required me to constantly buy records with money I shouldn't have been spending. I never DJed anywhere and all this eventually sat in the corner of my room when I crashed and became a constant reminder of a thing I gave up on",2026-03-04T23:02:50Z
udsBr9C0lEk,major depressive disorder,"Beth May talks Bipolar Disorder, Electroshock therapy and her favorite Buffy episodes!",UgzrQhdyatrqDTbNXZ94AaABAg,"We all matter, we all have struggles, and we all deserve help and support. Thank you for acknowledging that and trying to help so many that don't have it ❤",2026-03-04T22:20:38Z
udsBr9C0lEk,major depressive disorder,"Beth May talks Bipolar Disorder, Electroshock therapy and her favorite Buffy episodes!",Ugx28y9Oeqn4seDNtAd4AaABAg,seeing all the patreon love makes me so happy!,2026-03-04T22:09:04Z
udsBr9C0lEk,major depressive disorder,"Beth May talks Bipolar Disorder, Electroshock therapy and her favorite Buffy episodes!",Ugxd_bDG4hONiOWzBCZ4AaABAg,This was so incredibly sweet and insightful! Thank you for sharing :),2026-03-04T22:08:08Z
udsBr9C0lEk,major depressive disorder,"Beth May talks Bipolar Disorder, Electroshock therapy and her favorite Buffy episodes!",Ugz46uIXmmsPzLxNFD54AaABAg,Why is she so strong-looking?,2026-03-04T22:07:03Z
udsBr9C0lEk,major depressive disorder,"Beth May talks Bipolar Disorder, Electroshock therapy and her favorite Buffy episodes!",UgzdLTW6Jbab43y-2x94AaABAg,Thanks so much for the interview. I feel I learned so much and it's great to hear about others mental health journeys. Also congrats on being sober for so long! You rock!🎉,2026-03-04T22:06:27Z
udsBr9C0lEk,major depressive disorder,"Beth May talks Bipolar Disorder, Electroshock therapy and her favorite Buffy episodes!",Ugx1T85QCp1341dXx3l4AaABAg,Thank you,2026-03-04T22:01:13Z
udsBr9C0lEk,major depressive disorder,"Beth May talks Bipolar Disorder, Electroshock therapy and her favorite Buffy episodes!",UgzTZDwnP3a12IUkpXh4AaABAg,Being put under general anaesthesia 72 times? And live? Does Beth have a golden horseshoe hidden up her butt or something?,2026-03-04T21:53:40Z
udsBr9C0lEk,major depressive disorder,"Beth May talks Bipolar Disorder, Electroshock therapy and her favorite Buffy episodes!",UgzsKHZ_VFBVTDp6_zF4AaABAg,"I recently started watching this channel, and listening to Dungeons and Daddies, so this video feels targeted",2026-03-04T21:53:39Z
udsBr9C0lEk,major depressive disorder,"Beth May talks Bipolar Disorder, Electroshock therapy and her favorite Buffy episodes!",UgxvcwmD-DS3-O4vtZ54AaABAg,"Thank you so much for sharing all of this, Beth! You absolutely kick ass!!!

And thank you, Ash, for... you know... like, all of this!

It's fascinating to learn of the experience of Bipolar I! I'm more familiar with Bipolar II (family member) - and directly familiar with Persistent Depressive Disorder (with periods of Major Depressive Episodes because YAY!!!) - but only was aware of the difference in the intensity of the extremes between BD-I and BD-II. Learning there's a potential for swings to trigger/include psychosis is sobering.

I'm SO happy you're here!!!",2026-03-04T21:32:49Z
udsBr9C0lEk,major depressive disorder,"Beth May talks Bipolar Disorder, Electroshock therapy and her favorite Buffy episodes!",UgzQ6Cwxxp3uGaUjIB54AaABAg,Beth is the Step Dad Who Stepped Up!,2026-03-04T21:32:43Z
udsBr9C0lEk,major depressive disorder,"Beth May talks Bipolar Disorder, Electroshock therapy and her favorite Buffy episodes!",UgyueNYWvviIe7OrN6d4AaABAg,I’m such a big fan of this show thanks for the entire crew to produce it it’s amazing and so insightful with that comedy aspect. That make watching it not as hard as other types of therapist videos. I lowkey might be trying to do some tests for bipolar I’ve always avoided getting anything for it but this video made it really click that I might have this thank you guys so much it I feel a lot more seen and I’m sure that all them peeps with potential and diagnosed bi polar will feel a lot better after watching this!,2026-03-04T21:28:29Z
udsBr9C0lEk,major depressive disorder,"Beth May talks Bipolar Disorder, Electroshock therapy and her favorite Buffy episodes!",Ugw-VULctxOd3ZtMrfR4AaABAg,I KNEW I was going to love this ❤❤❤,2026-03-04T21:10:16Z
udsBr9C0lEk,major depressive disorder,"Beth May talks Bipolar Disorder, Electroshock therapy and her favorite Buffy episodes!",UgztsbmG4YyQmElWkIt4AaABAg,🎵They got the mustard out🎵,2026-03-04T21:06:15Z
udsBr9C0lEk,major depressive disorder,"Beth May talks Bipolar Disorder, Electroshock therapy and her favorite Buffy episodes!",UgwZbICT1rN5I8_wZDx4AaABAg,"I want a universe where a version of Taskmaster exists where Paul F. Thompkins is the Taskmaster and Beth May is the Taskmaster's Assistant.
Trust me bro, we all want it.",2026-03-04T20:58:46Z
udsBr9C0lEk,major depressive disorder,"Beth May talks Bipolar Disorder, Electroshock therapy and her favorite Buffy episodes!",UgynjYc86ulATMAHhqh4AaABAg,"I love how you two speak about these serious issues of mental health and the journey that comes with it with humor and good cheer. Sometimes the best way to combat the most difficult parts of life is to put on a happy face though I guess one can go too far and verge into denial. That said, it IS healthy to laugh a bit at some of the foibles in life whether mental, work, relationships and such. 

BTW Ashley's deadpan ""I also describe you as mentally ill"" had me laughing! Great interview too.",2026-03-04T20:45:19Z
udsBr9C0lEk,major depressive disorder,"Beth May talks Bipolar Disorder, Electroshock therapy and her favorite Buffy episodes!",UgxdAi--rygCbmwkCkh4AaABAg,Don't have bipolar but it's in the family. I'd describe full blown mania as an involuntary meth binge.,2026-03-04T20:40:27Z
udsBr9C0lEk,major depressive disorder,"Beth May talks Bipolar Disorder, Electroshock therapy and her favorite Buffy episodes!",UgyXlRjRNSC3SLnAdAp4AaABAg,Love how this channel focus on multiple problems that society only recently started to consider as an important topic. Best part is the best people to understand mental problems is someone that experienced them. That's why my center of friends is a group that 16 years ago we all met because of a psychiatric hospital. Heck... went playing tabletop games with one just yesterday. Group coffee every saturday.,2026-03-04T20:38:20Z
udsBr9C0lEk,major depressive disorder,"Beth May talks Bipolar Disorder, Electroshock therapy and her favorite Buffy episodes!",UgynSC0YTNGvMyC788B4AaABAg,I already loved Beth and now I learn she's a Buffy expert?! 😭😭❤️❤️❤️,2026-03-04T20:34:09Z
udsBr9C0lEk,major depressive disorder,"Beth May talks Bipolar Disorder, Electroshock therapy and her favorite Buffy episodes!",UgwO2iAUmY6vj0mknG14AaABAg,"Woah, this is so cool! Can’t wait for more episodes, this is so helpful <3",2026-03-04T20:09:26Z
udsBr9C0lEk,major depressive disorder,"Beth May talks Bipolar Disorder, Electroshock therapy and her favorite Buffy episodes!",Ugy5md-Cz9ZzUFy7j-Z4AaABAg,I recommended this channel to my therapist and I’m really excited for her to see it!! Great job!!,2026-03-04T20:06:51Z
udsBr9C0lEk,major depressive disorder,"Beth May talks Bipolar Disorder, Electroshock therapy and her favorite Buffy episodes!",UgyQ0zI4-vTVo6a2IyZ4AaABAg,"Congrats on two years sober, Beth! Proud of you. 👏",2026-03-04T20:04:42Z
udsBr9C0lEk,major depressive disorder,"Beth May talks Bipolar Disorder, Electroshock therapy and her favorite Buffy episodes!",UgyfwQc3JWSlO6eIeOB4AaABAg,"Hell Yeah, I've been waiting for a new episode to drop, best day ever.",2026-03-04T20:00:28Z
udsBr9C0lEk,major depressive disorder,"Beth May talks Bipolar Disorder, Electroshock therapy and her favorite Buffy episodes!",UgxWzzmVvJ0OJxv19lJ4AaABAg,"This is such a fun idea!  And geez, Ashley is a great interviewer!",2026-03-04T19:59:12Z
udsBr9C0lEk,major depressive disorder,"Beth May talks Bipolar Disorder, Electroshock therapy and her favorite Buffy episodes!",Ugw4pWB2dyAboUC2G-Z4AaABAg,I love Beth May she is so funny! <3,2026-03-04T19:45:43Z
udsBr9C0lEk,major depressive disorder,"Beth May talks Bipolar Disorder, Electroshock therapy and her favorite Buffy episodes!",UgzXEE9C1PPFXAc5_QN4AaABAg,I'm a big fan of this channel. I am actually going into a really good inpatient rehab tomorrow for mental health and alcoholism. Been a long time coming and it is my choice which makes it easier. Scared but looking forward to being mentally better and sober. Keep doing what you are doing. Peace & Love.,2026-03-04T19:17:53Z
udsBr9C0lEk,major depressive disorder,"Beth May talks Bipolar Disorder, Electroshock therapy and her favorite Buffy episodes!",Ugy3SP3S3d1SRa_xCq54AaABAg,Beef May is here!,2026-03-04T19:09:51Z
udsBr9C0lEk,major depressive disorder,"Beth May talks Bipolar Disorder, Electroshock therapy and her favorite Buffy episodes!",UgzzfTReDinPJBAG3Ix4AaABAg,"I absolutely love getting to hear about someone's authentic experience with a disorder and this is so wholesome and positive about seeking help and not being afraid of your diagnosis, but being willing to educate yourself and go through the difficulties of finding the right solution for you and your brain. So wholesome and helpful and wonderful!",2026-03-04T16:44:23Z
udsBr9C0lEk,major depressive disorder,"Beth May talks Bipolar Disorder, Electroshock therapy and her favorite Buffy episodes!",UgzZaBf1SccopeZ5AV54AaABAg,"I fear you have set the bar too high for this segment by choosing Beth as your first guest, hahah. It's great you could have her on to chat - looking forward to seeing who you bring on next <3",2026-03-03T22:49:38Z
YMltTN1dGG4,major depressive disorder,"Dr  Josef Witt Doerring Deprescribing Psychiatry | DrTeralyn Sell, Therapist Jenn Schmitz",UgxncJ2g2wFZ36l74Ux4AaABAg,"Podcasts like this are helping to push back against corruption within the pharmaceutical industry which is awesome to see. It’s also truly a breath of fresh air to hear Dr. Josef speak openly about the elephant in the room within psychiatry and how current practices may be negatively impacting people’s lives.
In my experience, antidepressants have felt like emotional numbing agents that take the life spark out of me, leaving me feeling disconnected and flattened emotionally. 
For some, it can even feel like a diminishing of one’s connection to soul or to God. That has been my personal experience as well.

I sincerely hope to see more companies and services open up to help patients safely come off these medications. There simply aren’t enough accessible options available, and the few that do exist are often too expensive or not covered by insurance, including Medicaid. It can feel as though the system is structured in a way that keeps individuals on medication long term on purpose.
As a result, many patients feel forced to become their own doctors and attempt to taper themselves, which is far from ideal. There needs to be more widely available, affordable support for those who want to discontinue their medications, including slower, more individualized tapering approaches than what is often taught in standard medical training. Additionally, the role and influence of the DSM-5 should be open to serious reconsideration and reform. Because as of right now most people on earth could be labeled with a mental illness according to the DSM-5. 
With that thanks for all you do for the community and keep doing what your doing. There are many people including myself who get so much out of these talks and greatly appreciate it. God bless you all. 🙏👍🏻🫶",2026-03-04T02:04:15Z
YMltTN1dGG4,major depressive disorder,"Dr  Josef Witt Doerring Deprescribing Psychiatry | DrTeralyn Sell, Therapist Jenn Schmitz",Ugy9A6jasjfHyfx80mZ4AaABAg,"Y'all should have seen me. I was trying to just jump in this conversation!!! Of course I couldn't but I had a million thoughts and questions and observations.....there's so much to cover with Dr Josef! We need MORE of him and his education and intelligence bc WE DONT GET THIS FROM NPsAND DRS AND PHARMA!!! The suicides. The loss of family, careers, relationships, the violence, education......the MURDERING OF MINDS",2026-03-03T23:02:02Z
YMltTN1dGG4,major depressive disorder,"Dr  Josef Witt Doerring Deprescribing Psychiatry | DrTeralyn Sell, Therapist Jenn Schmitz",UgxTURKnHjUMsC-QYyF4AaABAg,Shared as much as I could,2026-03-03T22:01:32Z
YMltTN1dGG4,major depressive disorder,"Dr  Josef Witt Doerring Deprescribing Psychiatry | DrTeralyn Sell, Therapist Jenn Schmitz",UgzrlzPKqKzBy1B86_J4AaABAg,❤❤❤LOVE THIS EPISODE!!! THE GREATNESS HAS COME!! THANK YOU!!! UP WITH THE EXPOSURE,2026-03-03T22:01:08Z
YMltTN1dGG4,major depressive disorder,"Dr  Josef Witt Doerring Deprescribing Psychiatry | DrTeralyn Sell, Therapist Jenn Schmitz",UgwLpd5gSa5qLXbLhel4AaABAg,How to heal from dardive dysphoria?,2026-03-03T19:21:29Z
YMltTN1dGG4,major depressive disorder,"Dr  Josef Witt Doerring Deprescribing Psychiatry | DrTeralyn Sell, Therapist Jenn Schmitz",UgwAJT1QcxQAei9vepN4AaABAg,We thoroughly enjoyed this discussion with Dr Josef.  Let us know your thougths on the episode below,2026-03-03T16:19:37Z
YMltTN1dGG4,major depressive disorder,"Dr  Josef Witt Doerring Deprescribing Psychiatry | DrTeralyn Sell, Therapist Jenn Schmitz",Ugwm8YkocoAUgR6Zc994AaABAg,"What an amazing trio 🤩,
already love it ❤‍🔥.",2026-02-01T21:28:18Z
YMltTN1dGG4,major depressive disorder,"Dr  Josef Witt Doerring Deprescribing Psychiatry | DrTeralyn Sell, Therapist Jenn Schmitz",UgxXtijzG611_z4E-Ml4AaABAg,Oh yay! I thought you guys already had an interview with him? Oh well.,2026-02-01T19:15:22Z
OxHEtT6WOLo,major depressive disorder,6 months left,UgzDC-K6LELd3ODgQFh4AaABAg,Jesus Christ loves you as his own daughter God bless,2026-03-03T14:55:11Z
OxHEtT6WOLo,major depressive disorder,6 months left,UgwebRzRTDLsLMKR7tJ4AaABAg,💖💖,2026-03-03T10:42:55Z
OxHEtT6WOLo,major depressive disorder,6 months left,UgwTFzje2OBftxdSH1h4AaABAg,Good morning❤,2026-03-03T09:04:07Z
OxHEtT6WOLo,major depressive disorder,6 months left,UgzyOoI68lms9-BxOup4AaABAg,🥰🥰🥰🥰,2026-03-01T09:16:36Z
OxHEtT6WOLo,major depressive disorder,6 months left,Ugz7jsw-QX290uEuBYx4AaABAg,"my wonderful bestie 
let's rock better life 
❤ be shinning to get see grow brighter on the future polina see ya bye",2026-03-01T04:37:11Z
H0qJK2FQcsU,living with depression,I dont feel human anymore #usashorts #usa,UgwBc17uqwKGNCU8CsZ4AaABAg,I completely didnt understand this😅😅,2026-03-06T01:36:46Z
wVY5weCbJnw,living with depression,चाणक्य नीति | डिप्रेशन!..... 💯🔥🥺#motivation #lifelessons #trendingshorts,UgwqCCR7PyjUuPaR6kp4AaABAg,❤❤❤😊😊,2026-03-05T16:41:23Z
wVY5weCbJnw,living with depression,चाणक्य नीति | डिप्रेशन!..... 💯🔥🥺#motivation #lifelessons #trendingshorts,UgzKwi6ks4BepyAWCPh4AaABAg,Jai shree ram ji jai shree ram ji jai shree ram ji jai to om namah shivay har har mahadev jai shiv shambhu baba ji thankyou thankyou thankyou thankyou thankyou thankyou thankyou thankyou thankyou so much,2026-03-05T15:49:39Z
wVY5weCbJnw,living with depression,चाणक्य नीति | डिप्रेशन!..... 💯🔥🥺#motivation #lifelessons #trendingshorts,UgyTb6xfYYrggZVFZm14AaABAg,jai shree ram ji,2026-03-05T15:48:06Z
wVY5weCbJnw,living with depression,चाणक्य नीति | डिप्रेशन!..... 💯🔥🥺#motivation #lifelessons #trendingshorts,Ugxw4j3B137-HE9ltfZ4AaABAg,Winner 2026 sandeep saubhagyashali hai yuva king,2026-03-05T15:47:49Z
wVY5weCbJnw,living with depression,चाणक्य नीति | डिप्रेशन!..... 💯🔥🥺#motivation #lifelessons #trendingshorts,UgxWPXUF7iT4Q3fj-Vd4AaABAg,Yes,2026-03-05T12:22:47Z
KDxEXh5jNRA,living with depression,双極性障害の怪談① #うつ病 #躁鬱 #双極性障害,UgyhSgK9zEeUhMZWkBp4AaABAg,うなずき過ぎて首が痛い…😭,2026-03-06T01:13:58Z
KDxEXh5jNRA,living with depression,双極性障害の怪談① #うつ病 #躁鬱 #双極性障害,UgyJtk8e7XLlsG1jB854AaABAg,この昇華術は素晴らしい！真似してみたいです（笑）,2026-03-05T14:29:08Z
KDxEXh5jNRA,living with depression,双極性障害の怪談① #うつ病 #躁鬱 #双極性障害,UgwsDESM6eY-CKuE7Ld4AaABAg,私も同じ状況すぎて、自分怖い…となりました笑 ちゃんと解約しに行かねば,2026-03-05T14:17:11Z
KDxEXh5jNRA,living with depression,双極性障害の怪談① #うつ病 #躁鬱 #双極性障害,UgwU46j3K5uA_0qR38B4AaABAg,"私も某ホットヨガのレッスンを過去に通っていたのですが、仕事が忙しくなりなかなか通えず、月々の会費を無駄に払った経験があります…！😂
去年の夏に解約したのですが、やっと解約できてスッキリした一方で、何ヵ月も無駄に会費を支払い続けていたことに何度も自己嫌悪していましたね…

この動画を見て、私と似たような経験をしたことがある人がいると知れて、少し安心(？)しました！笑",2026-03-05T13:44:58Z
KDxEXh5jNRA,living with depression,双極性障害の怪談① #うつ病 #躁鬱 #双極性障害,Ugxf5-ZTeDnJYEQZcmx4AaABAg,いい企画ですね！失敗もあとから振り返れば笑えますね☺️,2026-03-05T11:00:35Z
KDxEXh5jNRA,living with depression,双極性障害の怪談① #うつ病 #躁鬱 #双極性障害,UgxJY5_ZRwCrEjO0fjN4AaABAg,"怖い話だ・・・（笑）
この疾患って、自分の失敗に懲りないって面もありますかね。
上向きライト　怖い〜",2026-03-05T10:52:56Z
KDxEXh5jNRA,living with depression,双極性障害の怪談① #うつ病 #躁鬱 #双極性障害,Ugy-IVi9zdiM-ALRrXx4AaABAg,"佐藤さんお茶目な一面もあるのですね🤣
私も怪談並の言動多々あり、だいたいは軽躁時の自分による犯行です😬笑いに変えつつ対策はしていきたいところですね〜",2026-03-05T10:40:35Z
Cq26iyHU6Ts,living with depression,"Sleeping in my car, homeless #depression #vlog #sad #shorts #lonely #life #stress #anxiety #carlife",Ugy3K65AmJXEoxt2zNJ4AaABAg,"The good thing is that at least you have a car, you have a phone, you have airtime, data to upload to Youtube, so you're better off than many many.",2026-03-05T08:33:42Z
Cq26iyHU6Ts,living with depression,"Sleeping in my car, homeless #depression #vlog #sad #shorts #lonely #life #stress #anxiety #carlife",UgzPaVXIxMy9lMsgUiN4AaABAg,Go to your nearest Salvation Army and ask for help you precious soul. There is also an organisation called Equal Lives that may be able to help... Also your local council maybe able to help with accommodation.I hope you find some peace and somewhere you can call home. Sending you all of Gods love at this time.  Xx🥰♥️,2026-03-05T07:29:09Z
Cq26iyHU6Ts,living with depression,"Sleeping in my car, homeless #depression #vlog #sad #shorts #lonely #life #stress #anxiety #carlife",UgwLh1JzCviFdg_EBDV4AaABAg,"I'm not religious but when I was at my lowest I went into a church and just asked to talk to someone, anyone. I actually hardly spoke because I didn't know where to start. I'm still not religious but it's honestly were the recovery started.",2026-03-05T00:42:47Z
Cq26iyHU6Ts,living with depression,"Sleeping in my car, homeless #depression #vlog #sad #shorts #lonely #life #stress #anxiety #carlife",Ugybm3NEZxZE0RBCtLB4AaABAg,There's an app called park for the night stay safe ❤,2026-03-04T23:58:51Z
Cq26iyHU6Ts,living with depression,"Sleeping in my car, homeless #depression #vlog #sad #shorts #lonely #life #stress #anxiety #carlife",UgxJSXt3s0vC-mRW4gR4AaABAg,"I know this isnt by choice but there are some good car living vloger you might want to check out. Its a way of life now.
Make it an adventure rather than a bind.
Check carparks some dont let you stay for longer than 2 hrs. Join some wild camper pages and grouos for good places to stay.
I hope things improve for you (im not trying to make loght of your sotuation but bolster you up)",2026-03-04T21:51:56Z
Cq26iyHU6Ts,living with depression,"Sleeping in my car, homeless #depression #vlog #sad #shorts #lonely #life #stress #anxiety #carlife",UgyXxZYzTvvn0e1UX_Z4AaABAg,"Keep your self safe lovey, try find a public car park that’s well lit and maybe try make sure your not the only car in there , I hope life gets better for you keep smiling ❤",2026-03-04T21:47:51Z
Cq26iyHU6Ts,living with depression,"Sleeping in my car, homeless #depression #vlog #sad #shorts #lonely #life #stress #anxiety #carlife",UgyOJxd6-HQoquDo9eZ4AaABAg,"Keep your head up. 

You will need to get something to block your windows, be it little curtains or something. Put your backseats down and get a roll up Futon and some duvets. 

2-3am is the hardest times. It's when you're in a deep sleep and the cold can and will kill you. 

So! Sleep back rated for below 0, duvet at a high tog and thermal socks and clothing. They really help, save to get a small electricity converter so you don't have to rely so much on the Petrol and Engine to generate the electricity. There is plenty of videos out there on how to make your car a comfy camper, a lot of it can be a good way to learn new skills and develop yourself in certain ways.",2026-03-04T21:47:22Z
Cq26iyHU6Ts,living with depression,"Sleeping in my car, homeless #depression #vlog #sad #shorts #lonely #life #stress #anxiety #carlife",UgzJ3iidkTcXCGu_d2x4AaABAg,"If I can help, let me know in your reply",2026-03-04T21:45:28Z
Cq26iyHU6Ts,living with depression,"Sleeping in my car, homeless #depression #vlog #sad #shorts #lonely #life #stress #anxiety #carlife",UgwOe2sdvUys9ww85GR4AaABAg,Your not alone love,2026-03-04T21:42:36Z
W17yPzFv_7c,living with depression,Living with depression,Ugz4Ge_QaXilIm9LSy54AaABAg,"I have a question Dr Pavitra ….  In chronic depression with anxiety, does one has to take antidepressant and anxiolytics for long term like 10-15 years?",2026-03-04T08:07:07Z
W17yPzFv_7c,living with depression,Living with depression,UgyLjraqhePVufKoIoV4AaABAg,"STOP MEDICINE GRAFUALLY. 
AND  WALK AND EXERCISE. DO. YOGA. 
15 MINUTE  ANULOM. VILOM. 
AND LEARN 2,3 . OTHERS FROM. VINAY MADAN GREAT LEARNER HE COULF DO    SHIRSASAN. DO 30 YEARS  AGO.. 
AND ADANSA FRO 
TIU HATAMXADI MECHWNICWL. M8ND 
A HARAMI HINDI  STEEL BITCH WITH IRON HEART AND IRON MECHANICAL 
MIND. AND STEEL CHOOT IRON HOT. GOOD FOR ONLY FIUCKS OF ALL KIND. 
 MOST RICH PUNJABI TAJPUT AND SHARMA TANTRIC GIRLD 59 THOSANDS ATE TANTRIC. TEKEPATHY OF WORST KIND AND TORTIRE OF HINDDOI  MATHATCNHOD..   HINDOO  SHARMA AND RICH OUNJABI RICH TAJPUT  ARE ALL BEEN FFUCJED BY NAYZIS AND THEIR CHILDREN  ARE WOTSHIPPER OF NAYZI . AND THEY CONSIDER NATZI FATHER AS  PATI PATMESHWAR. 
FAITJFULL WIFE OF NATZI .",2026-03-03T09:57:01Z
W17yPzFv_7c,living with depression,Living with depression,UgxLYJALhD1EdKM2Bu54AaABAg,It makes me happy that young professionals like you are the future of mental healthcare in India.,2026-03-03T06:54:41Z
W17yPzFv_7c,living with depression,Living with depression,Ugy4Kb9Jdjahdlo-Cnd4AaABAg,My parents too don't want to take me to the psychiatrist even though we were recommended by an MD that we should see psychiatrist,2026-03-03T06:34:27Z
W17yPzFv_7c,living with depression,Living with depression,UgxP4qCYaEnujoUrOMV4AaABAg,You have a good heart ❤,2026-03-03T06:27:15Z
91p168Iz7l8,living with depression,#depression #survival #chronicillness #travel #living #beautifuldestinations #cruise,Ugye-tf8MuoDNAPXEaJ4AaABAg,I'm sick and tired of dancing in the rain.,2026-03-03T00:54:48Z
UdQ7a7K6zVs,living with depression,"Atenção: depressão, ansiedade ou esquizofrenia podem garantir BENEFÍCIO no INSS",UgzD1_-er99WEWgYxmV4AaABAg,Sou dona de casa. Não tenho profissão e faço uso do Sertralina e alprazolam.,2026-03-03T11:20:21Z
YbC7DTwViYg,living with depression,9 things I deal with living with MDD #depression,UgxaSKRC01a-oA01ODN4AaABAg,Girl I feel you!! But you are so right God is so much bigger. You got it!❤,2026-03-03T13:45:51Z
yphp_rCQqgg,living with depression,its time to lock in. lets get back to living!!#depression #recovery #death #cancer,Ugzovws4sQI23K_O7ah4AaABAg,"You got this bro, I can't imagine the pain but keep your head up bro, lock in, you are strong you are courageous you are smart bold bro you got this! Don't quit keep going!❤",2026-03-05T03:23:05Z
yphp_rCQqgg,living with depression,its time to lock in. lets get back to living!!#depression #recovery #death #cancer,UgxQ8qTYe3xR9H8-Zu94AaABAg,Make it happen .. commit  to effort and be consistent … see you down the road brother ..,2026-03-03T04:02:03Z
yphp_rCQqgg,living with depression,its time to lock in. lets get back to living!!#depression #recovery #death #cancer,Ugz8xqlTiV_tcv2gDoh4AaABAg,Commenting for the lock in 😤🙏🏽,2026-03-03T02:35:19Z
yphp_rCQqgg,living with depression,its time to lock in. lets get back to living!!#depression #recovery #death #cancer,Ugw-j3ui8OoEvAAwRYZ4AaABAg,"I love you man, you have infinite capacity",2026-03-03T02:18:49Z
yphp_rCQqgg,living with depression,its time to lock in. lets get back to living!!#depression #recovery #death #cancer,UgyVTwMf7eiSUpX4zYF4AaABAg,"He wants you to be great, you sure can hermano!",2026-03-03T02:14:25Z
yphp_rCQqgg,living with depression,its time to lock in. lets get back to living!!#depression #recovery #death #cancer,Ugy4qoEnmG86Kb6-OB94AaABAg,You got this bro!!!😎,2026-03-03T01:56:46Z
yphp_rCQqgg,living with depression,its time to lock in. lets get back to living!!#depression #recovery #death #cancer,UgxzkO6lCQBZqOxaDFd4AaABAg,"I'm glad you have made the choice of self care. Whatever your journey looks like,  I believe in you.  You got this.",2026-03-02T19:53:40Z
yphp_rCQqgg,living with depression,its time to lock in. lets get back to living!!#depression #recovery #death #cancer,UgyKWM_pq5bAvIPBQVN4AaABAg,"I know the pain ur going threw brother , just know your a survivor , you are gonna be ok just keep pushing. Even though it’s tough … it does get easier , day by day !",2026-03-02T19:29:37Z
yphp_rCQqgg,living with depression,its time to lock in. lets get back to living!!#depression #recovery #death #cancer,Ugy5InqTAWegU-jZ3Ox4AaABAg,"Lock in brother, great quote from Top Gun ""Don't think just do"". Trying to get my shit together as well. Wish you the best man, sorry for your loss.",2026-03-02T19:27:32Z
HHQmXdyVuw8,living with depression,"Pt4: Depression sucks, but... the store is a win.",UgyoLlxFN1J7R3wyJh54AaABAg,"I am proud of you. I am struggling with Depression plus health issues. I am trying to win my life back too. 
I have a friend who is going to help me.  I had a motorcycle accident then hysterectomy then my house burned down and put on so much weight. I have spent so much time in bed not able to get up. I cant walk very far. I have horrible back pain from this. My core muscles need to be strengthened. I will be praying for you on your road to recoverin❤=❤:",2026-03-02T17:05:08Z
u5qrzLSNDJ8,living with depression,Living With Depression… But Smiling Outside,UgzDffDlTtaMYna7bD14AaABAg,😮😮😮😮😮😊😊😊😊😊😊😊😊😮😮😮😮😅😅😅😅😅😅😅,2026-03-02T11:18:19Z
FO_HNhEQOKs,living with depression,"Psychological Strain of Middle-Class Life - Anxiety, Frustration, Depression, and Jealousy",UgzbLiXm3g1OpAWwKJ94AaABAg,Let me know what you think about it...,2026-03-02T05:28:08Z
86tbDVAZiZ8,living with depression,DO YOU… live in constant fear? Anxiety? Depression? Addiction? Or suicidal thoughts? Try this ❤️,UgxVqc5EeJmTwUw9oNx4AaABAg,"I'm glad you find solace and your inner truth from that book. That being said, I am an anti-thiest, and believe there are many paths to reach a similar realisation without having to create a deity. Good luck on your journey.",2026-03-01T23:31:36Z
Ja1u8doDxT8,living with depression,"Depression Treated in 5 Days, Not 6 Weeks",UgybAvgnkg4a2wKgTDZ4AaABAg,Opposite of depression is curiosity,2026-03-01T18:26:13Z
TKqONFlEaXM,living with depression,Is life worth living? #relatablecontent #depression,UgxPqm20fieLf2Jt5sJ4AaABAg,I’m always here for u,2026-03-01T04:37:03Z
UA00D8kYxDQ,living with depression,"Depressed Man Cried Out - Depression Kills Faster, But I&#39;m Living ",Ugyy0Ndr6RyjoO7YRph4AaABAg,Prekrasna pjesma😘🙏❤️🙂,2026-03-03T11:42:56Z
TpXjpHLkXEE,living with depression,Depression mein jee rahe patients ke liye Doctor ka sach | Guilt se kaise niklein?,Ugx5Lp3gHAKhYs7Cr8d4AaABAg,Jai shree Ram,2026-03-02T16:04:22Z
TpXjpHLkXEE,living with depression,Depression mein jee rahe patients ke liye Doctor ka sach | Guilt se kaise niklein?,UgyE-hp5K08YUViHPgh4AaABAg,"May apka fan hu sir but kya karu
Apki bat sunkara khud me himmat ati hai",2026-03-01T12:00:16Z
TpXjpHLkXEE,living with depression,Depression mein jee rahe patients ke liye Doctor ka sach | Guilt se kaise niklein?,Ugx6jXzGIhhAhN4EPKl4AaABAg,"Sir , foot drop ka elaz homeopathy treatment se cure ho jayga ?",2026-02-28T21:36:48Z
TpXjpHLkXEE,living with depression,Depression mein jee rahe patients ke liye Doctor ka sach | Guilt se kaise niklein?,Ugzikvo4r-m6PRaVwZd4AaABAg,Nice sir I am your fan❤,2026-02-28T17:56:19Z
q2AaaBrHgjk,living with depression,"If you are depressed, you are living in the past. If you are anxious, you are living in the future.",Ugym9Kshh3WjR1zvShh4AaABAg,if youre happy youre living in the present,2026-02-28T08:49:29Z
AYz4TSJIWVE,living with depression,The Real Cure for Depression: Stop Living for Show-off and Find Peace in Allah’s Creation,UgzEaU7mLuJUbbBW2th4AaABAg,😂❤❤❤❤😅😢,2026-02-28T04:23:57Z
AYz4TSJIWVE,living with depression,The Real Cure for Depression: Stop Living for Show-off and Find Peace in Allah’s Creation,UgwEBKv-hBWc9tqr5cZ4AaABAg,😂❤❤😢,2026-02-28T04:21:18Z
AYz4TSJIWVE,living with depression,The Real Cure for Depression: Stop Living for Show-off and Find Peace in Allah’s Creation,UgyeV64tsKRnH-KL5nV4AaABAg,"""السلام علیکم پیارے دوستو! 🌹
​اس مختصر سی ویڈیو کو بنانے کا مقصد صرف یہ ہے کہ ہم اس دکھاوے کی دنیا کی دوڑ سے نکل کر اپنے خالق سے اپنا ٹوٹا ہوا تعلق دوبارہ جوڑ سکیں۔ اگر اس 4 منٹ کے پیغام نے آپ کے دل کو چھوا ہے، تو کمنٹ میں اللہ پاک کا کوئی بھی پیارا نام ضرور لکھیں تاکہ ہمیں پتہ چلے کہ آپ نے یہ پیغام پورا سنا ہے۔
​آپ کی زندگی کا وہ کون سا لمحہ تھا جب آپ نے اللہ کی قربت کو محسوس کیا؟ اپنی رائے کا اظہار ضرور کریں، شاید آپ کی بات کسی اور کے لیے سکون کا باعث بن جائے۔
​جزاک اللہ خیر۔ ❤️""",2026-02-28T03:08:17Z
QuF6o-TU4wk,living with depression,"Mental Health LIVE: My Story, Trauma &amp; Q&amp;A | Pieces of a Broken Mind",Ugz-ATyKBUQWjtVsFOl4AaABAg,Hi appreciate your channel and all that it stands for. Have subscribed but still fill that male mental health is under resourced and highlighted. This is not directed at you but at our so called government. Cause we are male we are all supposed to be strong. Who helps us?😢😢😢,2026-02-28T23:34:59Z
GEqyDAvoSp4,living with depression,Depression 😁😂 #funny #comedy #viral #shorts #shortsviral #viralvideos #shadi #marriage #shortsfeed,Ugz_CCePsW8a6xlWRWB4AaABAg,😂😂😂😂😂,2026-03-01T03:14:40Z
GEqyDAvoSp4,living with depression,Depression 😁😂 #funny #comedy #viral #shorts #shortsviral #viralvideos #shadi #marriage #shortsfeed,Ugxz7B6np5Fwu8xuVD94AaABAg,😂😂😂,2026-03-01T02:45:13Z
GEqyDAvoSp4,living with depression,Depression 😁😂 #funny #comedy #viral #shorts #shortsviral #viralvideos #shadi #marriage #shortsfeed,UgwrOl-_tH_cSMICCoV4AaABAg,Wo alg hi level ka banda tha was epic,2026-02-28T06:09:25Z
GEqyDAvoSp4,living with depression,Depression 😁😂 #funny #comedy #viral #shorts #shortsviral #viralvideos #shadi #marriage #shortsfeed,UgzPgTPrV4bbviSCIIB4AaABAg,Mithai kyo feka bhai uska to koi galti nhi tha,2026-02-28T05:29:31Z
GEqyDAvoSp4,living with depression,Depression 😁😂 #funny #comedy #viral #shorts #shortsviral #viralvideos #shadi #marriage #shortsfeed,UgzC2RfP3Sz8vKEOPfR4AaABAg,😮😮,2026-02-28T02:57:54Z
GEqyDAvoSp4,living with depression,Depression 😁😂 #funny #comedy #viral #shorts #shortsviral #viralvideos #shadi #marriage #shortsfeed,UgzLGJshaooqKIeGflF4AaABAg,😅😅😅😅😅😂😂😂,2026-02-28T02:29:37Z
GEqyDAvoSp4,living with depression,Depression 😁😂 #funny #comedy #viral #shorts #shortsviral #viralvideos #shadi #marriage #shortsfeed,UgzkVBm-VBWVb10CFeV4AaABAg,Ya aacha tha😂😂😂,2026-02-28T02:28:59Z
9vhfVEU81J8,living with depression,"Find REAL Inspiration: Overcome Depression, Live Fully #shorts",Ugyslj6F_hsJ0Pl3O_14AaABAg,"link in bio, if you want to change your life! 🫡",2026-02-27T18:33:21Z
xYlsFZ8Md1Q,living with depression,Living With Depression… But Smiling Outside,UgyY9i0dy1KP46VKMaZ4AaABAg,❤❤❤❤❤❤❤😂😂😂😂😂😂😂😂😂😂😂😂😮😮😮😮😮😮,2026-03-01T15:08:54Z
_hcWhRtK13E,living with depression,Depression Is a Living Death,Ugyapc3OMtkvZvr4Cgl4AaABAg,Wish you all the best,2026-02-28T22:35:28Z
_hcWhRtK13E,living with depression,Depression Is a Living Death,UgxsBt7VRONCB0uikPV4AaABAg,"And then comes the little moment of happiness and you think you're finally ""over"" it. Nope, the D was just taking a vacation. It'll be back well-rested and stronger than ever.🙄 But seriously though, it's a tough chain to break, so good luck everyone out there!  🤟",2026-02-28T10:23:01Z
_hcWhRtK13E,living with depression,Depression Is a Living Death,Ugzwy5tvomdzrUl7NDN4AaABAg,We all matter! Lets do our best 😊,2026-02-28T00:23:28Z
_hcWhRtK13E,living with depression,Depression Is a Living Death,UgzpR83D7sdwWgDuPtp4AaABAg,❤,2026-02-27T15:29:34Z
bbfWlq8rQp8,living with depression,All time in depression 🙂 #shortsfeed #comedyshorts #explorepage #funnyvideos #shorts,Ugz-yLR_Wk8Ms49Yzmx4AaABAg,😂😂😂😂,2026-02-27T10:12:51Z
tfO0vmaCm3g,living with depression,"সুখী জীবনের রহস্য আপনি জানেন না, জানলে চমকে যাবেন 😱 #LifeHacks #Happiness",Ugz3mGeTNW8tdEL2wtN4AaABAg,Depression to bhugchi ki korbo bolun,2026-02-27T06:57:35Z
tOf5onrHVYc,I am depressed,lose my mind/ am very depressed every day,UgxYtHFEaai5ODKtQXF4AaABAg,"Tyyttytytyytytytytytytyyytyttytytytytytyyttyytytytytytyyytyttyytytytytytytytytytytytyty ( by the way, my user is your_social Lucy I'm bald right now, don't worry, I'll get my hair back eventually..)",2026-03-06T01:29:55Z
tOf5onrHVYc,I am depressed,lose my mind/ am very depressed every day,UgwL233IXRqmP-fyPFV4AaABAg,twotime20006,2026-03-06T01:14:17Z
tOf5onrHVYc,I am depressed,lose my mind/ am very depressed every day,UgyFU5BVd9ugehsiEXB4AaABAg,Here's the name,2026-03-06T01:14:03Z
tOf5onrHVYc,I am depressed,lose my mind/ am very depressed every day,UgyxKd3UYSlPMYagCGR4AaABAg,This account is banned unfortunately but I'll give u my alt,2026-03-06T01:12:47Z
tOf5onrHVYc,I am depressed,lose my mind/ am very depressed every day,UgyL3Bv2-fcINy6E7f54AaABAg,Can I get your Roblox username?,2026-03-06T01:09:39Z
cNENXgglYcE,I am depressed,POV: I Am A Insanely Depressed College Student With Social Anxiety Eating Breakfast Alone,UgznnRH1kLmkdp_AwVd4AaABAg,Stop faking it you got a gf bro and you ain't depressed,2026-03-06T01:02:30Z
cNENXgglYcE,I am depressed,POV: I Am A Insanely Depressed College Student With Social Anxiety Eating Breakfast Alone,UgyanjSWHquqKXLtyxx4AaABAg,"Remember God is with you and ""For nothing will be impossible with God""-Luke 1:37. Amen 🙏🙌✝️",2026-03-06T00:18:25Z
cNENXgglYcE,I am depressed,POV: I Am A Insanely Depressed College Student With Social Anxiety Eating Breakfast Alone,UgxYj_biSkkTaHtNQPx4AaABAg,"You have us here bro, you're not alone ❤",2026-03-05T23:44:02Z
cNENXgglYcE,I am depressed,POV: I Am A Insanely Depressed College Student With Social Anxiety Eating Breakfast Alone,UgyGEUtxdeD1TFu8jJh4AaABAg,Your not alone u have all us,2026-03-05T23:01:10Z
cNENXgglYcE,I am depressed,POV: I Am A Insanely Depressed College Student With Social Anxiety Eating Breakfast Alone,UgzCspaQEsuUKnZQyFl4AaABAg,Burber,2026-03-05T21:56:38Z
cNENXgglYcE,I am depressed,POV: I Am A Insanely Depressed College Student With Social Anxiety Eating Breakfast Alone,UgxJdAU1S4d4avSbihZ4AaABAg,"omg dude stop with the fake content. you have a girlfriend, and then you turn around and you’re “insanely depressed”? i don’t understand bro",2026-03-05T21:54:37Z
cNENXgglYcE,I am depressed,POV: I Am A Insanely Depressed College Student With Social Anxiety Eating Breakfast Alone,UgyAnJpnzYQ3U49qWrl4AaABAg,Burger,2026-03-05T21:47:59Z
cNENXgglYcE,I am depressed,POV: I Am A Insanely Depressed College Student With Social Anxiety Eating Breakfast Alone,UgwkoA8WUp-IOLr-cuB4AaABAg,Do a live now!,2026-03-05T21:36:17Z
cNENXgglYcE,I am depressed,POV: I Am A Insanely Depressed College Student With Social Anxiety Eating Breakfast Alone,Ugx46XjcVs8CCvgzFft4AaABAg,Bro what is that title,2026-03-05T21:29:32Z
cNENXgglYcE,I am depressed,POV: I Am A Insanely Depressed College Student With Social Anxiety Eating Breakfast Alone,UgxJHNSkALRcNJqxJxt4AaABAg,Burger,2026-03-05T21:25:34Z
cNENXgglYcE,I am depressed,POV: I Am A Insanely Depressed College Student With Social Anxiety Eating Breakfast Alone,Ugzf83_Rsy2FRyODuPd4AaABAg,Burger,2026-03-05T21:20:29Z
cNENXgglYcE,I am depressed,POV: I Am A Insanely Depressed College Student With Social Anxiety Eating Breakfast Alone,UgxZbQ1AS5tCH9x4-154AaABAg,Burger,2026-03-05T21:16:00Z
cNENXgglYcE,I am depressed,POV: I Am A Insanely Depressed College Student With Social Anxiety Eating Breakfast Alone,Ugzp1OyRzbO-QLmBYNx4AaABAg,Burger,2026-03-05T21:15:20Z
cNENXgglYcE,I am depressed,POV: I Am A Insanely Depressed College Student With Social Anxiety Eating Breakfast Alone,UgxZuv3YeknlKSfDNdl4AaABAg,Burger,2026-03-05T21:13:02Z
bBTL5TTsvvk,I am depressed,Don’t be so sad🙀I promise it will be okay ❤️. #catsofyoutube #mrspeel #depression #inspiration #cat,UgyP2_IGE_Heeisdmat4AaABAg,😢😢😢😢😢🎉🎉🎉🎉❤❤❤RENATTA💋💋💋💋💋👑👑🎄💐💐💐💐💐💐💐💐💐💐💐💐💐💐💐💐💐💐💐💐💐💐👑👑👑,2026-03-06T01:03:08Z
bBTL5TTsvvk,I am depressed,Don’t be so sad🙀I promise it will be okay ❤️. #catsofyoutube #mrspeel #depression #inspiration #cat,Ugyn0szXuitBD-9LKbJ4AaABAg,❤❤❤,2026-03-05T21:41:40Z
bBTL5TTsvvk,I am depressed,Don’t be so sad🙀I promise it will be okay ❤️. #catsofyoutube #mrspeel #depression #inspiration #cat,UgynEy6P7FR87ewiJqt4AaABAg,Cute  cat it looks like  my  cat,2026-03-05T19:14:13Z
fi-MHw6B8yQ,I am depressed,guys I am okay it is just this is relateble so I am not depressed or anything,UgyO1CwdUuU4ccT6uUp4AaABAg,Thank you for tagging me!❤,2026-03-05T18:57:41Z
fi-MHw6B8yQ,I am depressed,guys I am okay it is just this is relateble so I am not depressed or anything,Ugzo8wX5HnD-xHPAxgl4AaABAg,"Fr whenever I’m on a call and I say guys I gtg, or I’ll brb, they literally never acknowledge me",2026-03-05T13:07:47Z
J5Hy4wSrw8w,I am depressed,"Topper Depressed After Scoring 7 CGPA 😢 | The Dark Truth of Academic Pressure | Ruchi Bajaj, Ma&#39;am",UgwhfUEcKRr9tFDtjdJ4AaABAg,i can totally relate with this 🌈🧿,2026-03-05T10:44:59Z
J5Hy4wSrw8w,I am depressed,"Topper Depressed After Scoring 7 CGPA 😢 | The Dark Truth of Academic Pressure | Ruchi Bajaj, Ma&#39;am",Ugz8Q-l_bWtAIGreD4d4AaABAg,😊😊❤❤,2026-03-05T10:44:21Z
J5Hy4wSrw8w,I am depressed,"Topper Depressed After Scoring 7 CGPA 😢 | The Dark Truth of Academic Pressure | Ruchi Bajaj, Ma&#39;am",UgxFgJwduZrUruefmIx4AaABAg,Oh god that student was so much pressurized 😭😭😶‍🌫️,2026-03-05T10:42:47Z
J5Hy4wSrw8w,I am depressed,"Topper Depressed After Scoring 7 CGPA 😢 | The Dark Truth of Academic Pressure | Ruchi Bajaj, Ma&#39;am",UgxQo5cu6j6jKqednGp4AaABAg,😻😻😻,2026-03-05T10:42:01Z
J5Hy4wSrw8w,I am depressed,"Topper Depressed After Scoring 7 CGPA 😢 | The Dark Truth of Academic Pressure | Ruchi Bajaj, Ma&#39;am",UgyQeo3pPvYdMqAVbqN4AaABAg,Exactly ❤,2026-03-05T10:40:43Z
b2Dp2PKJDZs,I am depressed,"I am 35 today. Unemployed, in debt, and depressed.",Ugy7xQqrT9ay89scHBd4AaABAg,"Hi james im james, Algorithm has totally been spying on me to send me this, early 30s here, biggest piece of advice i have is to DO WHAT MAKES YOU HAPPY, check yourself though make sure you actually are happy and not just doing something that should make you happy",2026-03-04T20:15:50Z
b2Dp2PKJDZs,I am depressed,"I am 35 today. Unemployed, in debt, and depressed.",UgzLn_eB_N1h5QDSJOh4AaABAg,"Thank you for sharing James. Being Vulnerable is a really brave thing to do. I needed this video, came at me at the perfect time. we'll all be on the right path eventually, one day at a time",2026-03-04T19:48:41Z
aZL7camjfl8,I am depressed,I am seriously depressed right now 🤬🤬🤬🤬,Ugx6etNP3xDoOrWrY2R4AaABAg,VANAFFFFF BROO SAME,2026-03-04T19:15:18Z
S7S5zGtoDrA,I am depressed,¿Depresión o perimenopausia? Lo que debes saber,UgxGg7P9QicybTtDe6R4AaABAg,Sii los exámenes normales y todos los sintomas,2026-03-04T18:43:10Z
S7S5zGtoDrA,I am depressed,¿Depresión o perimenopausia? Lo que debes saber,Ugw4KI3UyH5nlYQlwDF4AaABAg,Me ha sido imposible un app con usted,2026-03-04T16:15:57Z
p3z_aTZMtJ4,I am depressed,Some people broke my heart. 💔#sad #heartbroken #emotional #trustissues #deepfeelings.   |CrafterZara,Ugz3izim7QdiRV_gNe54AaABAg,Bahut achha ak din apka video viral jarur. Hoga  Zara 😊,2026-03-05T03:06:06Z
p3z_aTZMtJ4,I am depressed,Some people broke my heart. 💔#sad #heartbroken #emotional #trustissues #deepfeelings.   |CrafterZara,UgxxEb1UYPp3k0WveH54AaABAg,"""Are you really depressed, and if you are, it is a matter of great pride that you are making videos in this state😢",2026-03-04T14:08:27Z
1V6CTzVrqCw,I am depressed,Roza And Anxiety - Depression By Kamran Sharif,UgyIfGbfMHBPo5KJ9hN4AaABAg,Bhai instrusive thoughts pr video bnao. Plzzzz,2026-03-04T23:01:28Z
1V6CTzVrqCw,I am depressed,Roza And Anxiety - Depression By Kamran Sharif,UgwWYmgBAyBnGJ5OYW14AaABAg,Bhai ek baat hai Roze ki halat me Anxiety nahi hoti hai mai bhi bahot ptesan tha Anxiety se lekin ramjan me Alhamdo_lillah thik rahta hun,2026-03-04T18:06:28Z
1V6CTzVrqCw,I am depressed,Roza And Anxiety - Depression By Kamran Sharif,UgzzJ-S4A0Q7Y-vWUeh4AaABAg,Afsos is bat ka hai k meri halat mere husband b ni samjty 😢 anxiety dipression or panic atacks se akeli lar Rai hon 😢😢,2026-03-04T10:43:40Z
1V6CTzVrqCw,I am depressed,Roza And Anxiety - Depression By Kamran Sharif,Ugys_7puneANU_hl9Ep4AaABAg,Anxiety dipression panic atacks or sath pregnancy 😢,2026-03-04T10:42:32Z
1V6CTzVrqCw,I am depressed,Roza And Anxiety - Depression By Kamran Sharif,UgxazDXJflrowlfo-a54AaABAg,Brother Kamran Sharif ❤❤❤❤ Allah AP ko tandrusti dan,2026-03-04T09:42:08Z
pyOdyNB3IUM,I am depressed,Am I depressed now,UgzbQYGrLq7ycV5XI894AaABAg,Are you a cat?,2026-03-05T01:29:05Z
M_juvgnsrHs,I am depressed,Covert Narcissist vs. Vulnerable Narcissist #covertnarcissist #narcissism #narcissisticabuse,UgyND3jynHDLtpR0AOl4AaABAg,They are vicious slithering snakes,2026-03-04T23:56:10Z
bGK58H8uX-8,I am depressed,I am depressed (here&#39;s what I do every time),UgzBmG-iX4Y3dPkWCRR4AaABAg,That's just called being male.,2026-03-05T05:31:55Z
t-2WGjVbnFo,I am depressed,watch this if you&#39;ve ever been labeled with &quot;treatment-resistant depression&quot;,UgxuxHMG2UB3z4Hp47d4AaABAg,💖,2026-03-06T00:39:05Z
t-2WGjVbnFo,I am depressed,watch this if you&#39;ve ever been labeled with &quot;treatment-resistant depression&quot;,UgxzbQ_Yuw9amM54w-R4AaABAg,"The label ""treatment resistant depression"" is not helpful for the client and, at worst, may cause harm by implying that getting better is hopeless. That said, ""treatment resistant depression"" is not a diagnosis. It is clinical shorthand for ""hey, we've tried these interventions and they didn't work, so we'll need to go off the beaten path to see what's really going on here."" While this language may be helpful for progress notes and for clinical consultation among providers, it's not language that should be (or is really meant to be) shared with the client, in my view. It's certainly not language that I would use with a client, at least. But I'm just a counselor in training, so take my opinion with a grain of salt.",2026-03-04T15:16:55Z
t-2WGjVbnFo,I am depressed,watch this if you&#39;ve ever been labeled with &quot;treatment-resistant depression&quot;,UgwJRTdPXAlG0jzPIFd4AaABAg,"Man, okay, so, so much of the problem with this kind of stuff is the need to argue for treatments to the insurance companies. I think (and this is me, personally) that it's time for doctors to stop being willfully blind to the administrative part of the practice. Yes, it's an extra burden for the doctors, and that sucks. But while we have this system, we patients, as the people with the least power, need to be able to have frank conversations with our docs that don't require us to talk about abstract options in the room, then go out to the billing counter and find out we won't be able to afford the treatment they're recommending and we have to make another appointment to come back and talk about workarounds. It's untenable. Then, doctors would be able to say things like, hey, this is what the diagnosis is called for the insurance company, and here's what it really means.",2026-03-04T03:57:14Z
t-2WGjVbnFo,I am depressed,watch this if you&#39;ve ever been labeled with &quot;treatment-resistant depression&quot;,Ugw9nxJ9etpNUEO6eOF4AaABAg,"THISSSS!!!! I could write a freakin' Book about all the professionals, medications, tests, exercises, therapies, spirituality practices, programs, hospitals, etc. I've tried in the last 10-11 years for depression, and it was only when *I* started to look into other disorders/illnesses when I found that my ""depression"" and ""generalized anxiety"" was actually 3 (and potentially more) undiagnosed illnesses in a trenchcoat! I just think back to all those times someone (with a professional degree!) could have noticed or inquired further, leading to any other factor, and I'm so bitter. The actual name of ""treatment-resistant depression"" didn't really bother me, it honestly kinda felt like validation that I've been trying but am still struggling (also I don't believe it's an official DSM term), but I really do wonder if doctors saw ""treatment resistant depression"" as ""depression+"" if they would be more inclined to step back and say ""there's more to the story that we're missing"". A fair amount of depression treatments involve symptom management, which while that has it's advantages, doesn't address the root cause(s). 

If anyone's been struggling with ""treatment-resistant depression"", your suffering and struggling is so fucking valid. You are not failing or a failure. I know you have worked so much harder at living and finding relief than anyone may ever give you credit for. I am so proud of you. ❤‍🩹❤‍🩹",2026-03-03T23:19:41Z
t-2WGjVbnFo,I am depressed,watch this if you&#39;ve ever been labeled with &quot;treatment-resistant depression&quot;,Ugzq3R4jYaRqnnnvSB94AaABAg,"Great topic, when I was diagnosed with TRD they started adding personality disorder labels because I was still trying to get better.
It surprised me to learn that because I did not miss appointments I was labeled dependent personality trait. I was seeking relief.
And I did not know I was Autistic.

I was diagnosed with TRD and finally a new psychiatrist diagnosed me with ME Myalgic Encephalomyelitis. Then it has been a struggle as it is not a mood disorder I was back into my physicians care where not much is known. So it has been years of going through symptom by symptom getting assistance.
For over 13 years my main complaint was fatigue. Antidepressants did not work and I would even say harmed me as it took away all moods. 
Exercise made me worse. However because Post Exertional Malaise PEM or otherwise known as PENE Post Exertional Neuroimune Exhaustion happens 24 to 36 hours have the exertion. My crash was labeled as “fatigue is part of depression”.
Within months of my Autism diagnosis, I worked with my psychologist to communicate my fatigue with my psychiatrist and they listened. Changing my diagnosis to ME. 
I have since stopped pushing ie behaviour activation, exercise and practice radical rest and my mood has improved. 
It took me 3 years to withdrawal with supervision from all my antidepressants. 

I so agree the need to accept our conditions and circumstances yet if something does not feel quite right it needs addressing.
I went from surviving with TRD to thriving with ME. Yet from the outside I still look the same, only a few functional hours a day. Even that is expanding with the dysautonomia diagnosis and the hEDs diagnosis and learning to work with my body as it is today.",2026-03-03T17:07:10Z
t-2WGjVbnFo,I am depressed,watch this if you&#39;ve ever been labeled with &quot;treatment-resistant depression&quot;,UgwER4srbM-KR7kgEdt4AaABAg,"Such an important video, thank you for making this 🙏",2026-03-03T15:32:04Z
t-2WGjVbnFo,I am depressed,watch this if you&#39;ve ever been labeled with &quot;treatment-resistant depression&quot;,UgymRU5m59wnrp4RS_N4AaABAg,"And we see you too 🫂
Thank You✨✨",2026-03-03T15:20:35Z
i43LxAs-UKI,I am depressed,reading my notes app from when i was a depressed teenager — Snoop My Diary Ep. 13,UgwZfjrOtmcybGsOAAd4AaABAg,"Wow. This one was deep. 
Sometimes, I think that I'm still struggling with uninstalling some of the programs my parents instilled in me.
Also, I definitely shouldn't have had unrestricted access to the internet at such a young age.",2026-03-04T01:28:54Z
khFHZtW7KKY,I am depressed,Why Awakening Doesn’t Prevent Depression,UgzGOzLjVODrOrqhGoZ4AaABAg,This was very beautiful.,2026-03-06T00:31:04Z
khFHZtW7KKY,I am depressed,Why Awakening Doesn’t Prevent Depression,UgxQyLjgjzAkIs_Fekh4AaABAg,Such a gentle beautiful message. Thank you for sharing.,2026-03-05T16:10:07Z
khFHZtW7KKY,I am depressed,Why Awakening Doesn’t Prevent Depression,Ugyszcg-DpMTVNrbiwJ4AaABAg,Thank you Violet.  Sending you a big supportive hug. ❤,2026-03-04T07:12:23Z
khFHZtW7KKY,I am depressed,Why Awakening Doesn’t Prevent Depression,UgygDiMhBDECYh-ZD3d4AaABAg,"I must say Violet...you look and feel much more mature, authentic and beautiful since the breakup...I  sense that you have reclaimed your personal power and I respect your journey.",2026-03-04T05:02:03Z
khFHZtW7KKY,I am depressed,Why Awakening Doesn’t Prevent Depression,Ugy21PwV16UA2FsO7t14AaABAg,Self love and self compassion for  all. ❤,2026-03-04T04:55:14Z
khFHZtW7KKY,I am depressed,Why Awakening Doesn’t Prevent Depression,Ugw2RndsiD77SkC_YIt4AaABAg,So true: depression and collapse are portals,2026-03-03T22:57:31Z
khFHZtW7KKY,I am depressed,Why Awakening Doesn’t Prevent Depression,Ugw9fMZcBDjcW3EMHxN4AaABAg,Beautiful,2026-03-03T21:25:07Z
khFHZtW7KKY,I am depressed,Why Awakening Doesn’t Prevent Depression,UgzDlK_BA3JMPn5USmB4AaABAg,Thank you Violet ❤,2026-03-03T20:53:41Z
khFHZtW7KKY,I am depressed,Why Awakening Doesn’t Prevent Depression,UgzoQGUAw4tNGCdZg014AaABAg,Beautiful..truly xcc,2026-03-03T20:36:04Z
khFHZtW7KKY,I am depressed,Why Awakening Doesn’t Prevent Depression,UgwBEJH63nFE7U6zF414AaABAg,Thank you for this. Tears falling down my eyes ❤️,2026-03-03T19:31:17Z
khFHZtW7KKY,I am depressed,Why Awakening Doesn’t Prevent Depression,Ugzl_TENLf-65AWAbjB4AaABAg,"Remaining with all that surfaces - the fathomless grief & depth of gutteral traumas of rejection, abandonment, brokenness, shame & gooooo. And remaining fully here & now, rooted presence as our bodymind. Through our expansion & collapse, one integrating into the other over years ! :  to eventual Wholeness 0. Getting lost in the channelling, the energetics, the divinity, the subtle identities coming in along the way -  pulls in out up down around & every which way. All resistances arising from creation in many forms yet remaining with the depths of personal & collective pain arising. This is the journey of decent into Absolute Death. Glistening, drenched in the blackness of the Absolute Majestic Wonder, of pure Goneness. Only then, re-emerging as a simple human once again, yet now with stars glistening as eyes.",2026-03-03T17:21:36Z
khFHZtW7KKY,I am depressed,Why Awakening Doesn’t Prevent Depression,UgwV3pwwgtyHpSHiBRp4AaABAg,Lovely transmission. I'm soaking in these beautiful words.,2026-03-03T16:49:39Z
khFHZtW7KKY,I am depressed,Why Awakening Doesn’t Prevent Depression,UgyhhI1fAdvMZcpCPXl4AaABAg,❤,2026-03-03T15:20:44Z
LiXMkhgDCws,I am depressed,Dikha dunga ki mey bhi kamiyab ho saktahoon#sad #shorts#emotional#nani #motivation#viralshort#mehnat,UgyU0m5-rNll0YKulD54AaABAg,🌷🩵💚🎊🎊❤️❤️🥀🥀🌹,2026-03-05T04:20:00Z
LiXMkhgDCws,I am depressed,Dikha dunga ki mey bhi kamiyab ho saktahoon#sad #shorts#emotional#nani #motivation#viralshort#mehnat,Ugz-gcSmGDx54z5mlLh4AaABAg,🌹🥀🥀❤️🎊🎊🌷🌷💚🩵🩵,2026-03-05T04:11:37Z
LiXMkhgDCws,I am depressed,Dikha dunga ki mey bhi kamiyab ho saktahoon#sad #shorts#emotional#nani #motivation#viralshort#mehnat,UgzaNh-rga3Wh7dVzzd4AaABAg,Return me 😊,2026-03-03T13:58:58Z
LiXMkhgDCws,I am depressed,Dikha dunga ki mey bhi kamiyab ho saktahoon#sad #shorts#emotional#nani #motivation#viralshort#mehnat,UgyBCVl5rLoHOJxAQ8d4AaABAg,89 कर दिया जी ✅✅,2026-03-03T13:58:34Z
LiXMkhgDCws,I am depressed,Dikha dunga ki mey bhi kamiyab ho saktahoon#sad #shorts#emotional#nani #motivation#viralshort#mehnat,UgwwdeI-vMswsJaq6dx4AaABAg,Return me 😊,2026-03-03T13:54:15Z
0mBbYqRGa98,I am depressed,Gay Couple Lover depressed im here with you all day ago yes 2023 2026 Rock Haven Beacon,UgyyaXwgWT-D-jyTQx94AaABAg,"Joo, on hyvä 👍👍",2026-03-05T09:24:13Z
0uHmRIbvmvo,I am depressed,I am not depressed 😊|| Gojo edit|| #anime #jujutsukaisen #shortsfeed,Ugx_XwVX2BsTb0Zxga14AaABAg,Why bro????,2026-03-03T06:01:22Z
0uHmRIbvmvo,I am depressed,I am not depressed 😊|| Gojo edit|| #anime #jujutsukaisen #shortsfeed,UgwND3ZU22FQHQJ3NYR4AaABAg,Kya hua ?🙁,2026-03-03T14:45:30Z
0uHmRIbvmvo,I am depressed,I am not depressed 😊|| Gojo edit|| #anime #jujutsukaisen #shortsfeed,UgzPZdKqjY3SE7FbYMd4AaABAg,Mitar kya hua jindagi mai utar chadav aate rehte hai,2026-03-03T06:39:44Z
0uHmRIbvmvo,I am depressed,I am not depressed 😊|| Gojo edit|| #anime #jujutsukaisen #shortsfeed,UgwSVFeFiqo0BpOeOMZ4AaABAg,Kya Ho gya mitar😮?,2026-03-03T06:38:57Z
0uHmRIbvmvo,I am depressed,I am not depressed 😊|| Gojo edit|| #anime #jujutsukaisen #shortsfeed,UgwSdFC0YCSBogKj3TJ4AaABAg,Kya hogya bhai 🤨,2026-03-03T06:27:44Z
0uHmRIbvmvo,I am depressed,I am not depressed 😊|| Gojo edit|| #anime #jujutsukaisen #shortsfeed,UgwE9fyY030My5C1d1x4AaABAg,aare kya hua?😨,2026-03-03T06:25:01Z
VEx3tLF9qIM,I am depressed,I am just depressed 😔,UgxYOzGh31Xbdd1uZC94AaABAg,Do quit 😭😭 9,2026-03-03T21:55:20Z
4D4D-fv5Pyg,I am depressed,when am sad or depressed what i do ||based on true story @FukraInsaan @malhanrecords3399,UgxZwtl3h7A5RMtcXE94AaABAg,Fake love & tareefan  my personal fav song,2026-03-03T12:23:30Z
4D4D-fv5Pyg,I am depressed,when am sad or depressed what i do ||based on true story @FukraInsaan @malhanrecords3399,UgwLJrWjdOKaLA1WlfV4AaABAg,🤌🏻♥️💫mast song hai,2026-03-05T09:51:18Z
4D4D-fv5Pyg,I am depressed,when am sad or depressed what i do ||based on true story @FukraInsaan @malhanrecords3399,UgyjiVzO9BkhW03IcSx4AaABAg,Di..Ye Nischay je kuch fps ka kuch karo yaar ye log Malhan 's ke fan hee nahi hai hate dene ke liye account kholke rakha hai..matlab kya fake videos banarahe hein..do-teen fanpages toh aise edits banate hain aur Abhishek ko toh Red flag hee ghoshit kardiya hai..innke accounts ko report karna padega sabko milke,2026-03-03T12:30:17Z
4D4D-fv5Pyg,I am depressed,when am sad or depressed what i do ||based on true story @FukraInsaan @malhanrecords3399,UgwrnbgqSdvdn-aC8MZ4AaABAg,❤️❤️🫶✨,2026-03-03T10:51:35Z
dAcXhz6mrN4,I am depressed,"(Don’t mind the name of the song, no I am not one,but I do support them.) #heh #imnotokay #depressed",Ugz7-7M8RNgCMyoltHJ4AaABAg,I have never heard im proud of you in my life,2026-03-06T01:23:55Z
dAcXhz6mrN4,I am depressed,"(Don’t mind the name of the song, no I am not one,but I do support them.) #heh #imnotokay #depressed",UgyCV_e6lh_t04CZMZ54AaABAg,Stay well man ✌🏻.,2026-03-05T13:18:57Z
dAcXhz6mrN4,I am depressed,"(Don’t mind the name of the song, no I am not one,but I do support them.) #heh #imnotokay #depressed",UgyXgJrct8nOJKwYkpF4AaABAg,"Hey guess what








I’m proud you made it through today.
I’m proud you got out of bed even when it felt heavy.
I’m proud you’re still trying.
I’m proud you kept going when no one noticed how hard it was.
I’m proud you didn’t give up.
I’m proud you’re learning, even if it’s slow.
I’m proud you’re healing in ways people can’t see.
I’m proud you chose kindness.
I’m proud you admitted when you were wrong.
I’m proud you’re growing.
I’m proud you handled that situation better than the old you would have.
I’m proud you stayed calm when things got stressful.
I’m proud you kept your word.
I’m proud you set a boundary.
I’m proud you tried something new.
I’m proud you walked away from something that wasn’t good for you.
I’m proud you forgave someone.
I’m proud you forgave yourself.
I’m proud you asked questions.
I’m proud you kept faith during uncertainty.
I’m proud you kept your head up.
I’m proud you kept your heart soft in a hard world.
I’m proud you kept believing things can get better.
I’m proud you kept choosing discipline over excuses.
I’m proud you’re becoming stronger through what you’ve been through.

And no matter who’s reading this

I’m proud of YOU.",2026-03-04T01:23:53Z
dAcXhz6mrN4,I am depressed,"(Don’t mind the name of the song, no I am not one,but I do support them.) #heh #imnotokay #depressed",UgxTZgVl6aCwy5Hod9J4AaABAg,"Not to hurt you or anything, but I think most people with friends have.",2026-03-03T22:01:44Z
dAcXhz6mrN4,I am depressed,"(Don’t mind the name of the song, no I am not one,but I do support them.) #heh #imnotokay #depressed",UgygFY10ZplRNgQkgEZ4AaABAg,"Im proud of you

Im proud of you

Im proud of you

Im proud of you

Im proud of you

Im proud of you

Im proud of you

Im proud of you

Im proud of you

Im proud of you

Im proud of you

Im proud of you

Im proud of you

Im proud of you

Im proud of you

Im proud of you

Im proud of you",2026-03-03T19:56:24Z
HVgQYZhFgyI,I am depressed,I am waiting for my hospital to call my name ( they Said that I have suicidal and depressed,UgweYzmqHY_3HBxyMrd4AaABAg,What are you doing there?,2026-03-02T21:12:07Z
HVgQYZhFgyI,I am depressed,I am waiting for my hospital to call my name ( they Said that I have suicidal and depressed,UgyCxMISXNdG1F5hZx14AaABAg,💜,2026-03-02T18:07:53Z
PaBrRGI7HcM,I am depressed,"THE HARD STUFF 05: Anxiety, Depression, and the Christian Life",UgzJbdpdILIBicKRlXZ4AaABAg,"Reminds me of the new song ""It's Never Easy"" by Chaos2Clean
My mom dislocated her shoulder last week and now she has no way to work. My son is buying a house and she now has a place to live a fourth bedroom for her. God is good 😊
Just have faith and love others. Help people when you can and know it's going to be okay❤",2026-03-02T17:11:05Z
PaBrRGI7HcM,I am depressed,"THE HARD STUFF 05: Anxiety, Depression, and the Christian Life",UgxPTF05RnlJbhCFEcR4AaABAg,"Good morning thank  you, for sharing. God bless you everyone.",2026-03-02T15:09:11Z
q567_QRArns,I am depressed,&quot;Why Your Perfect Life&#39; is making you Depressed&quot;.,UgyB7KtD-LW3rWGn7qd4AaABAg,Yes..,2026-03-03T13:42:32Z
q567_QRArns,I am depressed,&quot;Why Your Perfect Life&#39; is making you Depressed&quot;.,UgwNSegcW36Alc1F1T94AaABAg,"Success = Happiness? Humein jhoot bola gaya. 
Kya aapne kabhi 'sab kuch hone ke bad bhi Khali pan mehsoos kiya hai ? 
1.Yes
2.No",2026-03-03T03:19:18Z
q567_QRArns,I am depressed,&quot;Why Your Perfect Life&#39; is making you Depressed&quot;.,Ugw32b4Xuzjc_3TFfG94AaABAg,"Very relatable video , we most of the time ignore our happiness over work load as it is most necessary above all..",2026-03-03T03:03:44Z
dYqWyWksBog,I am depressed,Pardesi Pardesi 😭🥺 #liriklagu #arcraiders #lipsync #sad #love #ytshorts,Ugy7piAlfQZxKWoVYXZ4AaABAg,Kya hua 😂,2026-03-03T01:11:41Z
dYqWyWksBog,I am depressed,Pardesi Pardesi 😭🥺 #liriklagu #arcraiders #lipsync #sad #love #ytshorts,UgzypE_4ZGNn1k3Z2sV4AaABAg,So sad boy ❤,2026-03-03T01:11:32Z
dYqWyWksBog,I am depressed,Pardesi Pardesi 😭🥺 #liriklagu #arcraiders #lipsync #sad #love #ytshorts,Ugw7ZztlrqQf60buwj54AaABAg,❤❤❤❤🎉🎉🎉🎉,2026-03-02T13:15:37Z
dYqWyWksBog,I am depressed,Pardesi Pardesi 😭🥺 #liriklagu #arcraiders #lipsync #sad #love #ytshorts,Ugzn3KZJ_1jEHG88mnd4AaABAg,❤❤❤❤🎉🎉🎉🎉,2026-03-02T13:15:16Z
dYqWyWksBog,I am depressed,Pardesi Pardesi 😭🥺 #liriklagu #arcraiders #lipsync #sad #love #ytshorts,UgzJvcuDcTOI5ngTYzR4AaABAg,❤❤❤,2026-03-02T13:04:54Z
dYqWyWksBog,I am depressed,Pardesi Pardesi 😭🥺 #liriklagu #arcraiders #lipsync #sad #love #ytshorts,Ugz3hZdRUhgLsm0QANF4AaABAg,Wow super,2026-03-02T12:41:18Z
dYqWyWksBog,I am depressed,Pardesi Pardesi 😭🥺 #liriklagu #arcraiders #lipsync #sad #love #ytshorts,Ugx6A-gjK3U9Ahm_vi94AaABAg,❤❤😊❤😊😊❤😊❤,2026-03-02T12:40:56Z
dYqWyWksBog,I am depressed,Pardesi Pardesi 😭🥺 #liriklagu #arcraiders #lipsync #sad #love #ytshorts,UgzIWSYuygzKuyZSyhV4AaABAg,❤❤❤❤❤❤❤🎉🎉🎉🎉,2026-03-02T12:31:37Z
dZaNMjPhwBE,I am depressed,"IF ALEX IS REMEDIAL, I GIVE UP | I REALLY AM DEPRESSED | NO REACT | SF6 / TEKKEN 8 PROBONOS | ALLUDE",UgwLrh22PfouMk9vvq14AaABAg,Grown man btw,2026-03-03T04:27:10Z
dZaNMjPhwBE,I am depressed,"IF ALEX IS REMEDIAL, I GIVE UP | I REALLY AM DEPRESSED | NO REACT | SF6 / TEKKEN 8 PROBONOS | ALLUDE",Ugyaxm_ajQzWKFp008d4AaABAg,Allude no offence but you dogshit at fighting games and you are a scammer for running after goat got one win in the set he paid for and he paid for nyho t7 set which you still haven't done like the 6 exposed video and you still can't beat me on mk or Tekken 20:0,2026-03-02T18:11:04Z
dZaNMjPhwBE,I am depressed,"IF ALEX IS REMEDIAL, I GIVE UP | I REALLY AM DEPRESSED | NO REACT | SF6 / TEKKEN 8 PROBONOS | ALLUDE",UgzaaW0anpV8CQWIejl4AaABAg,Do you lose to any character I don’t use bro? Just admit you’re bad at any fighting game amigo.,2026-03-02T01:09:04Z
dZaNMjPhwBE,I am depressed,"IF ALEX IS REMEDIAL, I GIVE UP | I REALLY AM DEPRESSED | NO REACT | SF6 / TEKKEN 8 PROBONOS | ALLUDE",UgwzjvSr26cZ9QVR8zF4AaABAg,Mans ran to Tekken after getting broken down like a fraction in SF6 😂,2026-03-02T00:30:32Z
dZaNMjPhwBE,I am depressed,"IF ALEX IS REMEDIAL, I GIVE UP | I REALLY AM DEPRESSED | NO REACT | SF6 / TEKKEN 8 PROBONOS | ALLUDE",UgwNC9kfFhxlT6_-M7l4AaABAg,bumlude,2026-03-02T00:18:41Z
dZaNMjPhwBE,I am depressed,"IF ALEX IS REMEDIAL, I GIVE UP | I REALLY AM DEPRESSED | NO REACT | SF6 / TEKKEN 8 PROBONOS | ALLUDE",UgyQiZKrkM8oiVXIelx4AaABAg,"Depressed huh? Is that suppose to make us feel bad for you?
Maybe stop acting like you're the second coming of Christ, stop thinking it's acceptable to treat people the way you do, and stop acting like you life's gonna end if you don't win in a video game, it's not that serious.",2026-03-01T23:22:35Z
dZaNMjPhwBE,I am depressed,"IF ALEX IS REMEDIAL, I GIVE UP | I REALLY AM DEPRESSED | NO REACT | SF6 / TEKKEN 8 PROBONOS | ALLUDE",UgzEkdjphEdhA-B6zhR4AaABAg,Really talked all that smack and lost. Dw I'm here if u want a rematch to clear your name LMAO,2026-03-01T23:15:41Z
dZaNMjPhwBE,I am depressed,"IF ALEX IS REMEDIAL, I GIVE UP | I REALLY AM DEPRESSED | NO REACT | SF6 / TEKKEN 8 PROBONOS | ALLUDE",UgxuWFk_U5T9wMGnuWt4AaABAg,"Wow you are just not that good in SF6, You're lucky I wasn't at home, cause if so I would have bust you up",2026-03-01T23:08:57Z
dZaNMjPhwBE,I am depressed,"IF ALEX IS REMEDIAL, I GIVE UP | I REALLY AM DEPRESSED | NO REACT | SF6 / TEKKEN 8 PROBONOS | ALLUDE",UgzRbi__lLrmL7ZEuId4AaABAg,Lol you didn't win a single round 🤣. L stream get better at Teken you squeegee 😂,2026-03-01T22:43:59Z
dZaNMjPhwBE,I am depressed,"IF ALEX IS REMEDIAL, I GIVE UP | I REALLY AM DEPRESSED | NO REACT | SF6 / TEKKEN 8 PROBONOS | ALLUDE",UgzXIqbepfGUSwnJa4x4AaABAg,the spaz was so real from the soul,2026-03-01T22:40:16Z
zfgeYGP4prY,I am depressed,It Is Not Depression. It Is THE SILENCE OF HEAVEN (Your Initiation),Ugwybkuh1akAfjLIkqt4AaABAg,888,2026-03-03T08:01:13Z
zfgeYGP4prY,I am depressed,It Is Not Depression. It Is THE SILENCE OF HEAVEN (Your Initiation),Ugw8RZIPFSrC0izmN054AaABAg,So much for the Universe being a mirror.,2026-03-03T07:45:40Z
zfgeYGP4prY,I am depressed,It Is Not Depression. It Is THE SILENCE OF HEAVEN (Your Initiation),UgzbxwK2kxN3F2luMVh4AaABAg,I am sealed,2026-03-02T20:56:49Z
zfgeYGP4prY,I am depressed,It Is Not Depression. It Is THE SILENCE OF HEAVEN (Your Initiation),UgxbAThbQZ56JWrdPft4AaABAg,I AM SEALED,2026-03-02T20:56:15Z
zfgeYGP4prY,I am depressed,It Is Not Depression. It Is THE SILENCE OF HEAVEN (Your Initiation),UgwDOoyICXI2P6y7XV14AaABAg,Electric,2026-03-02T20:37:30Z
zfgeYGP4prY,I am depressed,It Is Not Depression. It Is THE SILENCE OF HEAVEN (Your Initiation),Ugwu5fBdSiRz09OrpQZ4AaABAg,I am sealed,2026-03-02T20:30:05Z
zfgeYGP4prY,I am depressed,It Is Not Depression. It Is THE SILENCE OF HEAVEN (Your Initiation),UgxUVUkr-dHS6tqFj9l4AaABAg,I Am Sealed- QUIET,2026-03-02T15:41:55Z
zfgeYGP4prY,I am depressed,It Is Not Depression. It Is THE SILENCE OF HEAVEN (Your Initiation),UgycLNXFoV7sBN9dHXt4AaABAg,I am sealed,2026-03-02T14:49:42Z
zfgeYGP4prY,I am depressed,It Is Not Depression. It Is THE SILENCE OF HEAVEN (Your Initiation),UgwPyWtR7Z0HXJjDtWp4AaABAg,Heavy,2026-03-02T14:20:42Z
zfgeYGP4prY,I am depressed,It Is Not Depression. It Is THE SILENCE OF HEAVEN (Your Initiation),UgyZTG4gfHMmw2cutql4AaABAg,Firm,2026-03-02T14:20:11Z
zfgeYGP4prY,I am depressed,It Is Not Depression. It Is THE SILENCE OF HEAVEN (Your Initiation),UgzUZ4JW4wXyVhcxtFd4AaABAg,I am sealed,2026-03-02T13:39:26Z
zfgeYGP4prY,I am depressed,It Is Not Depression. It Is THE SILENCE OF HEAVEN (Your Initiation),UgwFDWJfejZQ8oUUCtl4AaABAg,Thank you so much for your help and guidiance ❤💫💫💫❤️,2026-03-02T12:31:55Z
zfgeYGP4prY,I am depressed,It Is Not Depression. It Is THE SILENCE OF HEAVEN (Your Initiation),UgxDHzJpvtsWZoxE7p54AaABAg,I’m sealed!!!,2026-03-02T12:25:38Z
zfgeYGP4prY,I am depressed,It Is Not Depression. It Is THE SILENCE OF HEAVEN (Your Initiation),Ugww7j8bJ49DrugSiZJ4AaABAg,Quiet,2026-03-02T12:20:22Z
zfgeYGP4prY,I am depressed,It Is Not Depression. It Is THE SILENCE OF HEAVEN (Your Initiation),Ugz5NMBmmPE4xqmHV6x4AaABAg,I am sealed,2026-03-02T12:12:04Z
zfgeYGP4prY,I am depressed,It Is Not Depression. It Is THE SILENCE OF HEAVEN (Your Initiation),UgxFl01bfIaNhsIoaX14AaABAg,I AM SEALED,2026-03-02T12:01:12Z
zfgeYGP4prY,I am depressed,It Is Not Depression. It Is THE SILENCE OF HEAVEN (Your Initiation),UgwQt3tqndr1-CJSxK94AaABAg,I Am Sealed,2026-03-02T11:29:45Z
zfgeYGP4prY,I am depressed,It Is Not Depression. It Is THE SILENCE OF HEAVEN (Your Initiation),UgwsxpbEpP5NJzDCVQh4AaABAg,11:11 73% Viseu Portugal continente,2026-03-02T11:12:15Z
zfgeYGP4prY,I am depressed,It Is Not Depression. It Is THE SILENCE OF HEAVEN (Your Initiation),UgywyKIM0nVKwzVWkPN4AaABAg,I am sealed,2026-03-02T11:11:46Z
yNNs9mv3YVA,I am depressed,I am still healing from this but I am okay #depressed #panicattack #panickattacks  #anxietyissues,Ugw-Sy9xsQn8vAy7lnB4AaABAg,I feel you :(,2026-03-02T01:52:07Z
yNNs9mv3YVA,I am depressed,I am still healing from this but I am okay #depressed #panicattack #panickattacks  #anxietyissues,UgyKRhM93yuttKeivzF4AaABAg,If there saying that tell a adult,2026-03-02T01:09:14Z
tNm3cHhFvKw,I am depressed,1️⃣ Galdr Reiði — “The Fury Song.”Norse völva healers — the most powerful women in Viking society…,Ugx0JUMldvsWjoCuqdN4AaABAg,🔥,2026-03-04T14:48:59Z
tNm3cHhFvKw,I am depressed,1️⃣ Galdr Reiði — “The Fury Song.”Norse völva healers — the most powerful women in Viking society…,UgxBKZwSQdP0jL-7kvR4AaABAg,Your content is extremely helpful and I love when I get to see something new you've posted. Thank you very much!,2026-03-02T06:01:04Z
9Rsv5EMQ88E,I am depressed,Depression teaches real life lessons 💚💯,Ugwx-8bYmnZHfmG2mCZ4AaABAg,❤🙏GOD❤🙏IS ❤🙏❤IN 🙏❤❤❤❤CONTROL🙏❤🙏❤🙏❤❤❤❤❤,2026-03-02T18:51:04Z
9Rsv5EMQ88E,I am depressed,Depression teaches real life lessons 💚💯,UgxXuABBjhKwHIIO7o94AaABAg,Amen 🙏 🙏 🙏 🙏,2026-03-02T04:33:43Z
dvN-mzaLNG8,I am depressed,"3 Secrets that will help when you feel stuck, depressed or not growing!!",UgyfpBfgdEGzPi6GrgF4AaABAg,Join my Free Coaching Group https://www.skool.com/frankdriscollfreecoaching/about,2026-03-01T18:51:41Z
dvN-mzaLNG8,I am depressed,"3 Secrets that will help when you feel stuck, depressed or not growing!!",Ugx9RMYWVnGDkcvCCqx4AaABAg,Love the first tip! An act of kindness is the strongest step to build positive momentum if you ask me.,2026-03-02T06:22:52Z
dvN-mzaLNG8,I am depressed,"3 Secrets that will help when you feel stuck, depressed or not growing!!",Ugwy-m84DkI-DYxNX214AaABAg,Great video Frank!,2026-03-01T23:12:07Z
7WliB4zlAmw,I am depressed,I don&#39;t even know why am depressed#minecrafters #minecraft #minecraft,Ugym6_xH-FKW2JlDV6V4AaABAg,Ok,2026-03-01T18:08:37Z
7WliB4zlAmw,I am depressed,I don&#39;t even know why am depressed#minecrafters #minecraft #minecraft,UgxRDTPrzy80Wkpz2uV4AaABAg,Just Drink some water man,2026-03-01T18:03:24Z
W13tZ4iMH2c,I am depressed,WHY AM I DEPRESSED...? (WHAT YOU NEED TO KNOW),Ugy7ZGYfUaWWE2IPBSh4AaABAg,Oh... I feel bad for you,2026-03-03T13:36:42Z
W13tZ4iMH2c,I am depressed,WHY AM I DEPRESSED...? (WHAT YOU NEED TO KNOW),UgyAT4tffa-J03XQlaV4AaABAg,"I'm sorry to hear that, hope you get better soon (still neutral with stbhb and ktbhb)",2026-03-02T14:25:00Z
W13tZ4iMH2c,I am depressed,WHY AM I DEPRESSED...? (WHAT YOU NEED TO KNOW),UgxgxhO4RyOHfVNkW1J4AaABAg,Oh my hope you will be fine!,2026-03-02T13:59:12Z
W13tZ4iMH2c,I am depressed,WHY AM I DEPRESSED...? (WHAT YOU NEED TO KNOW),Ugxj47V47mAZHnmncxx4AaABAg,BAHAHAHAHAHA!! TAKE THE L BOIII😂😂🤚🤚🥀🥀💔💔💔💔💔,2026-03-02T06:57:37Z
W13tZ4iMH2c,I am depressed,WHY AM I DEPRESSED...? (WHAT YOU NEED TO KNOW),UgwLOdVx9k_qNKVGsyd4AaABAg,i'm sorry!...,2026-03-02T03:56:23Z
W13tZ4iMH2c,I am depressed,WHY AM I DEPRESSED...? (WHAT YOU NEED TO KNOW),UgxnuYhNUlZxv2xiFn94AaABAg,I’m sorry For you,2026-03-02T02:14:35Z
W13tZ4iMH2c,I am depressed,WHY AM I DEPRESSED...? (WHAT YOU NEED TO KNOW),UgwPRuIfuaVPrA7s1zN4AaABAg,"Im sorry, but i like you",2026-03-01T21:30:55Z
W13tZ4iMH2c,I am depressed,WHY AM I DEPRESSED...? (WHAT YOU NEED TO KNOW),UgzBvg3qQUl2rAmpZy94AaABAg,I'm sorry 😞,2026-03-01T19:52:43Z
W13tZ4iMH2c,I am depressed,WHY AM I DEPRESSED...? (WHAT YOU NEED TO KNOW),Ugwc5I_s3-V1SRwn-F14AaABAg,"Elias G, TVO will support you. We appreciate your channel.",2026-03-01T19:04:43Z
W13tZ4iMH2c,I am depressed,WHY AM I DEPRESSED...? (WHAT YOU NEED TO KNOW),UgyNp_3GuwcCyvqJQMB4AaABAg,I don’t trust Biary ever and ever. He’s not a good friend at all.,2026-03-01T19:04:14Z
W13tZ4iMH2c,I am depressed,WHY AM I DEPRESSED...? (WHAT YOU NEED TO KNOW),UgzdRpndfcTgcrAKOKR4AaABAg,"YOU HATERS WANNA MAKE ELIAS DEPRESSED HUH!?

OH I’LL SHOW YOU, YOU BOLLOCKS!!!

AND ELIAS HATERS IF YOU ARE SEEING THIS, I WILL NOT BELIEVE YOU, EVER!",2026-03-01T18:57:58Z
W13tZ4iMH2c,I am depressed,WHY AM I DEPRESSED...? (WHAT YOU NEED TO KNOW),UgxdLvC3aYPJwDBNHaV4AaABAg,"Quite Good

And Elias Haters Quit Making Him Depressed


OR ELSE I’M DECLARING WAR ON YOU",2026-03-01T18:55:45Z
W13tZ4iMH2c,I am depressed,WHY AM I DEPRESSED...? (WHAT YOU NEED TO KNOW),Ugzo26I7Nm8LKv3ApD14AaABAg,"If you Elias haters out there keep harassing Elias, you’re done.",2026-03-01T18:54:47Z
W13tZ4iMH2c,I am depressed,WHY AM I DEPRESSED...? (WHAT YOU NEED TO KNOW),UgzdQ93yuPgCjsgrIU14AaABAg,Anyone who’s harassing Elias should be ashamed of themselves.,2026-03-01T18:53:35Z
W13tZ4iMH2c,I am depressed,WHY AM I DEPRESSED...? (WHAT YOU NEED TO KNOW),UgzkFaw7Iok5u2I1SGd4AaABAg,"And guys, stop making Elias depressed whoever’s doing it.",2026-03-01T18:48:37Z
W13tZ4iMH2c,I am depressed,WHY AM I DEPRESSED...? (WHAT YOU NEED TO KNOW),UgzVlbHLCAUx2rD6Vn14AaABAg,"Well, even though I just came in a short while ago, I'm sorry this happened to you😢
(My comment got deleted so I commented again)",2026-03-01T18:30:58Z
W13tZ4iMH2c,I am depressed,WHY AM I DEPRESSED...? (WHAT YOU NEED TO KNOW),Ugx6-zYm5056j6085_94AaABAg,"Well, this is depressing...",2026-03-01T18:25:53Z
W13tZ4iMH2c,I am depressed,WHY AM I DEPRESSED...? (WHAT YOU NEED TO KNOW),UgzA-Ic0VPVDJqI7gc94AaABAg,"Poor Elias G.
How could he have suffered such a fate...",2026-03-01T18:25:25Z
W13tZ4iMH2c,I am depressed,WHY AM I DEPRESSED...? (WHAT YOU NEED TO KNOW),UgySEL3F1ebJd5gETAh4AaABAg,"Oh, I have missed a lot since I was a bit inactive..
Sorry for your loss☹️",2026-03-01T18:24:23Z
W13tZ4iMH2c,I am depressed,WHY AM I DEPRESSED...? (WHAT YOU NEED TO KNOW),UgzdUrv3vosD61pB5QR4AaABAg,You'll have him back any time soon!,2026-03-01T18:23:12Z
W13tZ4iMH2c,I am depressed,WHY AM I DEPRESSED...? (WHAT YOU NEED TO KNOW),UgwdhStbWIQlTrCBIrt4AaABAg,I'm sorry..,2026-03-01T18:22:30Z
W13tZ4iMH2c,I am depressed,WHY AM I DEPRESSED...? (WHAT YOU NEED TO KNOW),UgzgPHkiLxKp1T6lkuh4AaABAg,I am so sorry... 😞,2026-03-01T18:19:07Z
W13tZ4iMH2c,I am depressed,WHY AM I DEPRESSED...? (WHAT YOU NEED TO KNOW),Ugxv8Nf6DSmC9c8dM6Z4AaABAg,"WHAT DID I TELL YOU!?

IT'S PRONOUNCED BYE-RE, NOT BIA-RI YOU FOOL!!!

AND THIS IS WHY YOU STOP TALKING ABOUT ME!!!",2026-03-01T18:12:47Z
W13tZ4iMH2c,I am depressed,WHY AM I DEPRESSED...? (WHAT YOU NEED TO KNOW),Ugx1OUyBk3iieBW-YcF4AaABAg,"Oh my god, I am extremely sorry. That was more tragic than I thought!",2026-03-01T17:30:28Z
bZ5y5JyUD6g,I am depressed,𝙆𝙤𝙞 𝙋𝙪𝙘𝙝𝙚 𝙈𝙚𝙧𝙚 𝘿𝙞𝙡 𝙨𝙚 || 𝙎𝙖𝙙 𝙡𝙤𝙛𝙞 𝙨𝙤𝙣𝙜 💔🥀 𝙎𝙡𝙤𝙬𝙚𝙙 𝙍𝙚𝙫𝙚𝙧𝙙 𝙇𝙤𝙛𝙞 𝙨𝙤𝙣𝙜 𝙧𝙚𝙢𝙞𝙭 #𝙩𝙧𝙚𝙣𝙙𝙞𝙣𝙜𝙎𝙖𝙙𝙨𝙤𝙣𝙜,UgznxXoP5I6it_D7VId4AaABAg,🌹🥀🥀❤️🎊🎊💚💚🩵🌷🌷,2026-03-05T04:12:15Z
bZ5y5JyUD6g,I am depressed,𝙆𝙤𝙞 𝙋𝙪𝙘𝙝𝙚 𝙈𝙚𝙧𝙚 𝘿𝙞𝙡 𝙨𝙚 || 𝙎𝙖𝙙 𝙡𝙤𝙛𝙞 𝙨𝙤𝙣𝙜 💔🥀 𝙎𝙡𝙤𝙬𝙚𝙙 𝙍𝙚𝙫𝙚𝙧𝙙 𝙇𝙤𝙛𝙞 𝙨𝙤𝙣𝙜 𝙧𝙚𝙢𝙞𝙭 #𝙩𝙧𝙚𝙣𝙙𝙞𝙣𝙜𝙎𝙖𝙙𝙨𝙤𝙣𝙜,UgwjzHtjosHgFG2imYZ4AaABAg,Return me bro,2026-03-03T13:54:37Z
bZ5y5JyUD6g,I am depressed,𝙆𝙤𝙞 𝙋𝙪𝙘𝙝𝙚 𝙈𝙚𝙧𝙚 𝘿𝙞𝙡 𝙨𝙚 || 𝙎𝙖𝙙 𝙡𝙤𝙛𝙞 𝙨𝙤𝙣𝙜 💔🥀 𝙎𝙡𝙤𝙬𝙚𝙙 𝙍𝙚𝙫𝙚𝙧𝙙 𝙇𝙤𝙛𝙞 𝙨𝙤𝙣𝙜 𝙧𝙚𝙢𝙞𝙭 #𝙩𝙧𝙚𝙣𝙙𝙞𝙣𝙜𝙎𝙖𝙙𝙨𝙤𝙣𝙜,UgzpY5I4mNWy4CRphwt4AaABAg,🎉🎉🎉🎉,2026-03-01T18:15:07Z
bZ5y5JyUD6g,I am depressed,𝙆𝙤𝙞 𝙋𝙪𝙘𝙝𝙚 𝙈𝙚𝙧𝙚 𝘿𝙞𝙡 𝙨𝙚 || 𝙎𝙖𝙙 𝙡𝙤𝙛𝙞 𝙨𝙤𝙣𝙜 💔🥀 𝙎𝙡𝙤𝙬𝙚𝙙 𝙍𝙚𝙫𝙚𝙧𝙙 𝙇𝙤𝙛𝙞 𝙨𝙤𝙣𝙜 𝙧𝙚𝙢𝙞𝙭 #𝙩𝙧𝙚𝙣𝙙𝙞𝙣𝙜𝙎𝙖𝙙𝙨𝙤𝙣𝙜,UgxoJy5_QDzlPSmctkt4AaABAg,❤❤❤❤❤🎉🎉🎉🎉,2026-03-01T18:14:37Z
bZ5y5JyUD6g,I am depressed,𝙆𝙤𝙞 𝙋𝙪𝙘𝙝𝙚 𝙈𝙚𝙧𝙚 𝘿𝙞𝙡 𝙨𝙚 || 𝙎𝙖𝙙 𝙡𝙤𝙛𝙞 𝙨𝙤𝙣𝙜 💔🥀 𝙎𝙡𝙤𝙬𝙚𝙙 𝙍𝙚𝙫𝙚𝙧𝙙 𝙇𝙤𝙛𝙞 𝙨𝙤𝙣𝙜 𝙧𝙚𝙢𝙞𝙭 #𝙩𝙧𝙚𝙣𝙙𝙞𝙣𝙜𝙎𝙖𝙙𝙨𝙤𝙣𝙜,UgyC5OyArM36_Tpbe1l4AaABAg,😮😮😮😮😮😮😮😮😮,2026-03-01T18:14:17Z
bZ5y5JyUD6g,I am depressed,𝙆𝙤𝙞 𝙋𝙪𝙘𝙝𝙚 𝙈𝙚𝙧𝙚 𝘿𝙞𝙡 𝙨𝙚 || 𝙎𝙖𝙙 𝙡𝙤𝙛𝙞 𝙨𝙤𝙣𝙜 💔🥀 𝙎𝙡𝙤𝙬𝙚𝙙 𝙍𝙚𝙫𝙚𝙧𝙙 𝙇𝙤𝙛𝙞 𝙨𝙤𝙣𝙜 𝙧𝙚𝙢𝙞𝙭 #𝙩𝙧𝙚𝙣𝙙𝙞𝙣𝙜𝙎𝙖𝙙𝙨𝙤𝙣𝙜,Ugyqt7ltxNtehAL7zgF4AaABAg,😂😂😂🎉🎉,2026-03-01T18:13:34Z
bZ5y5JyUD6g,I am depressed,𝙆𝙤𝙞 𝙋𝙪𝙘𝙝𝙚 𝙈𝙚𝙧𝙚 𝘿𝙞𝙡 𝙨𝙚 || 𝙎𝙖𝙙 𝙡𝙤𝙛𝙞 𝙨𝙤𝙣𝙜 💔🥀 𝙎𝙡𝙤𝙬𝙚𝙙 𝙍𝙚𝙫𝙚𝙧𝙙 𝙇𝙤𝙛𝙞 𝙨𝙤𝙣𝙜 𝙧𝙚𝙢𝙞𝙭 #𝙩𝙧𝙚𝙣𝙙𝙞𝙣𝙜𝙎𝙖𝙙𝙨𝙤𝙣𝙜,UgwkD4lyeuI4tnPVn_14AaABAg,Ha 😭 🥹,2026-03-01T17:35:19Z
bZ5y5JyUD6g,I am depressed,𝙆𝙤𝙞 𝙋𝙪𝙘𝙝𝙚 𝙈𝙚𝙧𝙚 𝘿𝙞𝙡 𝙨𝙚 || 𝙎𝙖𝙙 𝙡𝙤𝙛𝙞 𝙨𝙤𝙣𝙜 💔🥀 𝙎𝙡𝙤𝙬𝙚𝙙 𝙍𝙚𝙫𝙚𝙧𝙙 𝙇𝙤𝙛𝙞 𝙨𝙤𝙣𝙜 𝙧𝙚𝙢𝙞𝙭 #𝙩𝙧𝙚𝙣𝙙𝙞𝙣𝙜𝙎𝙖𝙙𝙨𝙤𝙣𝙜,Ugz_hFhQAsOVtYMtRI14AaABAg,❤❤,2026-03-01T17:03:29Z
gTx5MLLkVKI,I am depressed,I dont know why But I am depressed to know the current situation of world 😏 #world #viral,UgzeC-eN554BTXAwKcd4AaABAg,Ameen,2026-03-03T21:54:43Z
Z1RwumSc8rw,I am depressed,am i depressed? @LOsTBOYZ-t4q #nisindotuko #duet #behindthescenes #music #freestyle #shorts #new,UgxQdwTcrpn57ttq2vd4AaABAg,hii ni kali time yao ya kushine itafika,2026-03-02T12:21:21Z
dntPe_SDCNo,I am depressed,#shorts PLSSSSSSS GUYS!!!!!!!!!!! I AM DEPRESSED WITHOUT IT!!!!!!!!!!!!!!!!! 🥺🥺🥺🥺🥺🥺,Ugy4Kbs3qYibi2TK8JB4AaABAg,I did it love Fallon ur little sis,2026-03-01T21:38:14Z
dntPe_SDCNo,I am depressed,#shorts PLSSSSSSS GUYS!!!!!!!!!!! I AM DEPRESSED WITHOUT IT!!!!!!!!!!!!!!!!! 🥺🥺🥺🥺🥺🥺,UgxkdErebGX1W6NIaJJ4AaABAg,We can get here to 1k,2026-03-01T12:58:31Z
dntPe_SDCNo,I am depressed,#shorts PLSSSSSSS GUYS!!!!!!!!!!! I AM DEPRESSED WITHOUT IT!!!!!!!!!!!!!!!!! 🥺🥺🥺🥺🥺🥺,UgxOCtha_yOQZ8bYVox4AaABAg,My own video was on my fyp 😂😭😂😭,2026-03-01T03:36:40Z
wmqYtjHyOOk,I am depressed,I am NOT depressed!  #epsteinfiles #hacker #mrrobot #dedsec #cybersecurity #wifipineapplepager,UgywK1RdikTn9fmuvZl4AaABAg,getting some real cyber Batman vibez 😎 I dig it!,2026-03-01T05:33:25Z
YWCmJoHnd6s,I am depressed,TAURUS 😔 DEPRESSED &amp; MISSING YOU 🥹 THEY KNOW YOU&#39;RE THE ONE &amp; WANT YOU BACK ↩️ MARCH 2026 TAROT,UgzqcntbXfV_IHuiA954AaABAg,Capricorn here trying to understand my Taurus partner. There was a third party he claimed to have put to a stop. She was married.,2026-03-01T22:06:09Z
YWCmJoHnd6s,I am depressed,TAURUS 😔 DEPRESSED &amp; MISSING YOU 🥹 THEY KNOW YOU&#39;RE THE ONE &amp; WANT YOU BACK ↩️ MARCH 2026 TAROT,Ugx3uuXnSfmi2-OzWLx4AaABAg,Why jk manipulating me!?,2026-03-01T17:12:36Z
YWCmJoHnd6s,I am depressed,TAURUS 😔 DEPRESSED &amp; MISSING YOU 🥹 THEY KNOW YOU&#39;RE THE ONE &amp; WANT YOU BACK ↩️ MARCH 2026 TAROT,Ugzl82atTZymbHPDJKl4AaABAg,That was great - thanks!,2026-03-01T03:47:35Z
YWCmJoHnd6s,I am depressed,TAURUS 😔 DEPRESSED &amp; MISSING YOU 🥹 THEY KNOW YOU&#39;RE THE ONE &amp; WANT YOU BACK ↩️ MARCH 2026 TAROT,UgygZ57chTB7RnDgV1h4AaABAg,🔥🔥❤️❤️,2026-03-01T03:30:09Z
YWCmJoHnd6s,I am depressed,TAURUS 😔 DEPRESSED &amp; MISSING YOU 🥹 THEY KNOW YOU&#39;RE THE ONE &amp; WANT YOU BACK ↩️ MARCH 2026 TAROT,UgwB_ClB1dSOfjjyWEd4AaABAg,I told Capricorn to go away. I’ve had enough. A new guy who is real would be terrific.,2026-03-01T03:21:31Z
YWCmJoHnd6s,I am depressed,TAURUS 😔 DEPRESSED &amp; MISSING YOU 🥹 THEY KNOW YOU&#39;RE THE ONE &amp; WANT YOU BACK ↩️ MARCH 2026 TAROT,UgyJXnqveH7pyY4wv8B4AaABAg,Nice try freyah,2026-03-01T02:16:43Z
6FRJLox0G7A,I am depressed,GEMINI 😔 DEPRESSED &amp; MISSING YOU 🥹 THEY KNOW YOU&#39;RE THE ONE &amp; WANT YOU BACK ↩️ MARCH 2026 TAROT,UgzFMXdaVKIRLvfsRCp4AaABAg,Insane,2026-03-04T13:49:38Z
6FRJLox0G7A,I am depressed,GEMINI 😔 DEPRESSED &amp; MISSING YOU 🥹 THEY KNOW YOU&#39;RE THE ONE &amp; WANT YOU BACK ↩️ MARCH 2026 TAROT,UgwmtEELwGGDas8Tccl4AaABAg,"The toxic devil is the brother, they live together.",2026-03-01T11:57:01Z
6FRJLox0G7A,I am depressed,GEMINI 😔 DEPRESSED &amp; MISSING YOU 🥹 THEY KNOW YOU&#39;RE THE ONE &amp; WANT YOU BACK ↩️ MARCH 2026 TAROT,Ugzx9aJYcg-hKh4Iind4AaABAg,Extraordinary reading!,2026-03-01T06:31:07Z
6FRJLox0G7A,I am depressed,GEMINI 😔 DEPRESSED &amp; MISSING YOU 🥹 THEY KNOW YOU&#39;RE THE ONE &amp; WANT YOU BACK ↩️ MARCH 2026 TAROT,UgyvkmjR499seHKrPP14AaABAg,Soooooo is she going too pay me back from stealing from me and made me feel I know I waz right along and she said I was lyeing that's why I didn't trust anybody now,2026-03-01T04:19:13Z
6FRJLox0G7A,I am depressed,GEMINI 😔 DEPRESSED &amp; MISSING YOU 🥹 THEY KNOW YOU&#39;RE THE ONE &amp; WANT YOU BACK ↩️ MARCH 2026 TAROT,UgyyG4SK7c03_Jr0GuN4AaABAg,Here ❤❤,2026-03-01T04:04:18Z
6FRJLox0G7A,I am depressed,GEMINI 😔 DEPRESSED &amp; MISSING YOU 🥹 THEY KNOW YOU&#39;RE THE ONE &amp; WANT YOU BACK ↩️ MARCH 2026 TAROT,UgxDXOdSMU0NieafUjx4AaABAg,❤❤,2026-03-01T02:40:13Z
6FRJLox0G7A,I am depressed,GEMINI 😔 DEPRESSED &amp; MISSING YOU 🥹 THEY KNOW YOU&#39;RE THE ONE &amp; WANT YOU BACK ↩️ MARCH 2026 TAROT,Ugzzo0H6gvFrbFyzyLx4AaABAg,💙sag gem💖😊,2026-03-01T01:53:59Z
6FRJLox0G7A,I am depressed,GEMINI 😔 DEPRESSED &amp; MISSING YOU 🥹 THEY KNOW YOU&#39;RE THE ONE &amp; WANT YOU BACK ↩️ MARCH 2026 TAROT,UgyyItNDfuoXqAq1HBR4AaABAg,Thank u❤😊,2026-03-01T00:36:08Z
uhQKLj5xYF0,I am depressed,Drop a comment if you want more 💚,UgzG2HsXeW_26YWewlh4AaABAg,"Yes, just subscribed to you. Truth be told, keep on keeping on ❤️🙏🏿❤️",2026-03-02T09:31:13Z
uhQKLj5xYF0,I am depressed,Drop a comment if you want more 💚,Ugzn7NTQr184x1w41E14AaABAg,"Absolutely yes, bhm is all year long. Keep going!!",2026-03-01T21:12:37Z
btOo8SkedhE,I am depressed,i am currently struggling with mental health problems while also being depressed.,UgzDfrUrhxHZZd7Qxn14AaABAg,"If your mental health is bad, tiktok is the worst thing you could possibly be indulging in second to drugs. I mean, weed would still be preferable to tiktok. Stop using social media and pick up more hobbies, eat better, sleep at least 8 hours and you'll think a miracle had happened. Most mental health issues are caused by bad lifestyle choices.",2026-03-01T21:02:24Z
btOo8SkedhE,I am depressed,i am currently struggling with mental health problems while also being depressed.,Ugz1n3SOdu6wkoR_fmV4AaABAg,“Due to because”🥀,2026-03-01T20:25:09Z
btOo8SkedhE,I am depressed,i am currently struggling with mental health problems while also being depressed.,Ugy-Vy5szK75euGKhQ54AaABAg,Nice,2026-03-01T17:45:29Z
btOo8SkedhE,I am depressed,i am currently struggling with mental health problems while also being depressed.,UgwmqiAa3Rc81MjcBL54AaABAg,"its starts with focusing on your education cuz my lord that grammar is bad. then, get off of tiktok and find real experiences and people to make life worth living. they will offer excellent support and emotional growth, while strangers online will just abandon you. please stop saturating the internet with wannabe influencer shit.",2026-03-01T16:23:42Z
btOo8SkedhE,I am depressed,i am currently struggling with mental health problems while also being depressed.,UgyR-l9PCpgPd5R24Ex4AaABAg,Ok,2026-03-01T12:07:43Z
btOo8SkedhE,I am depressed,i am currently struggling with mental health problems while also being depressed.,Ugz77xPO0QAITRtFzd54AaABAg,It's okay!,2026-02-28T14:19:54Z
btOo8SkedhE,I am depressed,i am currently struggling with mental health problems while also being depressed.,UgzzIvFZ9Rq0DQNafsl4AaABAg,"I will try to make new posts. Most of the time, I never stop or rest even though I must rest. I just want everyone to be entertained, I will try my best",2026-02-28T13:45:44Z
Qfxund9pXFo,I am depressed,am I depressed #gojosatoru #jujutsukaisen #jjkgame #japaneseactor,UgzNo9mYjaSI9LLOVMF4AaABAg,You are True,2026-03-01T02:29:51Z
Qfxund9pXFo,I am depressed,am I depressed #gojosatoru #jujutsukaisen #jjkgame #japaneseactor,UgxZs_oaZLxehsdfZqt4AaABAg,bro this is obito voice,2026-02-28T23:20:33Z
IfVYvRle50Y,I am depressed,Warum ich SO DEPRESSIV bin? #shorts #gaming #minecraft,UgwA_MdIrEUf8XpcMDd4AaABAg,Trittmienen tuens auch um Menschen fern  zuhalten,2026-03-02T08:15:11Z
IfVYvRle50Y,I am depressed,Warum ich SO DEPRESSIV bin? #shorts #gaming #minecraft,UgxpEb3OWzrwuJtg3eR4AaABAg,😂😂,2026-02-28T18:04:21Z
IfVYvRle50Y,I am depressed,Warum ich SO DEPRESSIV bin? #shorts #gaming #minecraft,Ugzmo3Q97JMv4JM0KBl4AaABAg,Den ersten Satz fühle ich😂,2026-02-28T12:19:03Z
LSZiPjciTks,I am depressed,सिजेरियन डिलीवरी के बादआपको होने वाला दर्द?Postpartum Depression।।#shorts#BoyOfficial-v6t#shortvideo,UgzF6QbeQOWUpnznhS94AaABAg,❤,2026-03-01T07:38:20Z
YDE6V5EfIqQ,I am depressed,Few Good Habits which might help to Fight “Depression” ڈپریشن,UgwiVNFgz3uzlfQ8rAV4AaABAg,i think depression is when Life doesn't go the way we think it will. life is a process and we are expecting the perfect flow of our life ..and as you said meditation is very helpful thing during this period ..and Very meaningful content ❤,2026-02-28T15:47:23Z
e2_DWviIsUE,I am depressed,I am depression 😂😂 funny videos 😂 #comedy #funny  #comedyshorts,UgzvRnQZthJ2Eh7Ls3B4AaABAg,😂😂😂😂😂,2026-03-01T07:21:02Z
Wj3RgdO8sWU,I am depressed,Am I wrong for accidentally driving a bus into a depressed ginger man,UgzCUtN_BkkxSLnRro54AaABAg,What the hell,2026-02-27T20:15:06Z
X5x1jttnnDQ,I am depressed,i am so depressed  #roblox #burger #tsb #shorts #dance #depression #fypシ #fyp,UgwozZ-eKyYhJC7cpWB4AaABAg,I am desperate,2026-03-04T09:48:22Z
vX-ZMczO2LY,I am depressed,I am in depression guys 🙃 #blackpink #kpopgroup #kpop #koreanmusic #music #blackpinkyg,UgyGebBHanRjMBDYOuB4AaABAg,Don't be depressed I've same situation!,2026-03-01T12:56:07Z
NpdIg3Dds7M,I am depressed,Depression Me Kya Kare? 1 Simple Practice #shorts,UgziAXyt7yt5qsyrq9x4AaABAg,❤❤❤,2026-02-28T15:34:43Z
NpdIg3Dds7M,I am depressed,Depression Me Kya Kare? 1 Simple Practice #shorts,Ugz_drrNuedmYOdzC3N4AaABAg,Nice 😊😊😊,2026-02-28T09:05:07Z
NpdIg3Dds7M,I am depressed,Depression Me Kya Kare? 1 Simple Practice #shorts,Ugxq1zCu-Wwtpd1a-eV4AaABAg,🎉👍👍👍,2026-02-27T14:01:53Z
vq2bmIZQX44,I am depressed,Khamosh zindagi 🥀❤️‍🩹🥺/#shorts #shortsfeed #sadstatus #sadshayari #zindagi #viral #alone #viralvideo,UgwiOobeq_PNczNe3154AaABAg,😔😔,2026-02-27T12:10:44Z
Laq0LH2Labw,I am depressed,"Am gonna be depressed Fr if she leaves..,",UgzcG5TD7p1HibqC4zV4AaABAg,"NOOOOOOOOOOOOOOOOOOOOOOOOOOOOOOOOOOOOOO, she was my favorite 💔☹️",2026-02-27T21:32:19Z
Laq0LH2Labw,I am depressed,"Am gonna be depressed Fr if she leaves..,",UgzaqQPl-R5W3AN_z-d4AaABAg,NO ... NOOOOOOOOOO SHE WAS MY FAV SHES SO GORG :(,2026-02-27T17:52:54Z
Laq0LH2Labw,I am depressed,"Am gonna be depressed Fr if she leaves..,",UgxiLGErjbaBO_FlyUt4AaABAg,WHAT NOO NOT MY SHAYLA 😭😭😭😭😭,2026-02-27T17:23:32Z
Laq0LH2Labw,I am depressed,"Am gonna be depressed Fr if she leaves..,",Ugw-70_UXy4t5qTIq2h4AaABAg,I started tearing up when seeing this.... WE CAN'T LOSE ANOTHER MEMBER 😭😭😭😭😭😭😭😭,2026-02-27T13:45:34Z
Laq0LH2Labw,I am depressed,"Am gonna be depressed Fr if she leaves..,",UgybsNy7yTjud5_ExOJ4AaABAg,Rumours blah blah...,2026-02-27T13:41:02Z
Laq0LH2Labw,I am depressed,"Am gonna be depressed Fr if she leaves..,",Ugz3NUrP7RreJ-KwGeF4AaABAg,This CANNOT be real she is my bias sss i CANNOT live without her in katseyeeeeee😢😢😢😢😢😢,2026-02-27T13:36:46Z
Laq0LH2Labw,I am depressed,"Am gonna be depressed Fr if she leaves..,",Ugxe-tAkWQmfTBVviep4AaABAg,If she leaves I’m not a eyekon because she is my bias,2026-02-27T13:34:31Z
Laq0LH2Labw,I am depressed,"Am gonna be depressed Fr if she leaves..,",UgxVY_piCq3QcybgM_x4AaABAg,If she seriously leaves I'm gonna be more depressed then I already am...,2026-02-27T13:23:38Z
Laq0LH2Labw,I am depressed,"Am gonna be depressed Fr if she leaves..,",UgzaIfoNovvYezUJQ6d4AaABAg,Wait what????,2026-02-27T13:23:04Z
Laq0LH2Labw,I am depressed,"Am gonna be depressed Fr if she leaves..,",UgzWCXd9vPq3FHPa-Md4AaABAg,Serious?  (i'm not english),2026-02-27T12:53:22Z
Iur4twmZFQU,I am depressed,Penguin...Depressed,Ugw9kMr70646_uIRoV94AaABAg,🐧,2026-02-27T10:40:27Z
Iur4twmZFQU,I am depressed,Penguin...Depressed,Ugyyk88twiQYtCezwaN4AaABAg,Draw punch and Wilson as well,2026-02-28T09:16:35Z
Iur4twmZFQU,I am depressed,Penguin...Depressed,Ugx_OQh4vnnH9TCk73N4AaABAg,Well-done 👏👏👏,2026-02-27T19:24:31Z
hS1Kxaul9XY,I am depressed,sad status 🥀❤️‍🩹🥺/#shorts #sadstatus #shortsfeed #short #sad #viralvideo #sadstory #sadshayari,UgyEkM-MZGWcVKCMCGZ4AaABAg,😢😢,2026-02-27T07:43:01Z
FAUuUisF_1A,I am depressed,I Am Depression… Here’s Why I Stay Inside You,UgxjmDr1V2dpsw8j1rt4AaABAg,😢,2026-02-27T04:24:50Z
FAUuUisF_1A,I am depressed,I Am Depression… Here’s Why I Stay Inside You,Ugxja0hEpZPSb8hVnwN4AaABAg,"(╯︵╰,)",2026-02-27T04:23:18Z
jvcfoeMHkoA,I am depressed,sad status 🥀❤️‍🩹😔/#shorts  #shortsfeed #sadstatus #sadshayari #broken #moodoffstatus #lyrics #viral,UgxnCKafNO-cmmONJl54AaABAg,Right 💯👍,2026-02-27T03:38:58Z
S2w1LX9yJm4,I am depressed,I am depressed #adhd,UgwlLh1vXHwE6z16CVR4AaABAg,"I'm going to lead with something that might sound like an attack (but I promise it isn't):  ADHD isn't real.
ADHD and dyslexia diagnoses are side effects of a collision between population growth, diminishing social value of the trades, and a severely outdated education system.
I don't know you at all, but I can tell that you're probably American from your accent, and probably an aesthete from your grooming style and choice of decor.  Cardboard box in frame is interesting...it's the only thing of its type.  Everything else is perfectly curated.  I would guess that you left it there for effect.
Nothing about you looks like depression.  If you are depressed, why do you exhibit no signs of it?  This isn't me doubting you.  This is me saying, if you are depressed, why are you masking?

You asked a question in response to someone else:  ""Is a life worth living without being happy?""  I'm tempted to say ""no"", just because it breaks the illusion that it's an honest question.  Life's worth is entirely subjective to the individual experience.  If you require ""happiness"" to a certain level, and you feel your life is not at sufficient ""happiness"", you have to determine whether a path to the sufficient level exists, right?  This is the trap of depression.

Challenge the parameters.  Are you sure ""happiness"" is a good metric for determining life's worth?",2026-02-28T03:15:29Z
S2w1LX9yJm4,I am depressed,I am depressed #adhd,UgyKJNbaG-q6L7yAbMt4AaABAg,Matt .. we met in  Vancouver ... keep up the great work sharing what works ... you're helping people and I believe in you too!!,2026-02-27T06:55:06Z
S2w1LX9yJm4,I am depressed,I am depressed #adhd,UgyIHNdzkO1Zi_nVG-B4AaABAg,You don't have to be happy you just need to live,2026-02-27T05:39:35Z
4NSbDnfHP-o,depression symptoms,Hidden Medical Issues That Mimic Depression &amp; Anxiety,UgxZsGGyAu2NVaZNXMB4AaABAg,"Improve your mental health with the free course, https://courses.therapyinanutshell.com/grounding-skills-for-anxiety-stress-and-ptsd",2026-03-05T14:10:19Z
4NSbDnfHP-o,depression symptoms,Hidden Medical Issues That Mimic Depression &amp; Anxiety,UgwcFum3pyiAzg2rtUN4AaABAg,"I had 3 of these conditions. Now that my thyroid, sleep apnea and vitamin D are all sorted, I feel a lot better. I still get anxious, but not nearly as depressed.",2026-03-06T01:46:28Z
4NSbDnfHP-o,depression symptoms,Hidden Medical Issues That Mimic Depression &amp; Anxiety,Ugy9doEPUCWGhdW-mUJ4AaABAg,"I had a cough and went to doctors a number of times. I was diagnosed with a minor lung infection. Then a doctor sent me for an Xray but it showed no problem? He then sent me for an echocardiogram. I am good now after rushed open heart surgery, They almost cut my heart in half, and repaired a hole in the heart and a faulty heart valve.  I survived and recovered well.🤞",2026-03-06T01:42:35Z
4NSbDnfHP-o,depression symptoms,Hidden Medical Issues That Mimic Depression &amp; Anxiety,Ugz3J3nLcCzWbNGXljl4AaABAg,"I was having 10-20 panic attacks a day. Went to every doctor and specialist and they couldn’t find anything. Sent my labs to my aunt who is a nurse in New York and she saw my b12 and folate levels and my previous levels in 2012 and my aunt said ask for an intrinsic factor antibodies test and boom came back positive that I have pernicious anemia and although my b12 levels were normal but on the low end, they were actually being masked by high and increasing folate levels. My b12 levels were gravely low and I needed b12 injections that day and within a week my panic attacks stopped",2026-03-06T01:38:21Z
4NSbDnfHP-o,depression symptoms,Hidden Medical Issues That Mimic Depression &amp; Anxiety,UgxUyDKImcQikYYM9Rx4AaABAg,Well cognats the first 40 seconds gave you anxiety about a worm.,2026-03-06T01:05:21Z
4NSbDnfHP-o,depression symptoms,Hidden Medical Issues That Mimic Depression &amp; Anxiety,UgwOtdoodVSEdztZbc54AaABAg,"I struggled my whole life, assuming that the high demand parenting I had experienced along with constant moving around the country, had caused my mental health issues.  However, from age 2, my parents were told I might have MS as I fainted regularly, went blind in one eye at age 10, had DAILY many multiple events of dizziness and partial  blindness through into my 40s.  Migraines, anxiety, fears, depression.  I had many female problems during that time including surgeries.   I had a partial hysterectomy at 41 and so was unaware that the escalation in symptoms were because it had spontaneously sent me into menopause.  At 50, I figured out that menopause was finished and went to my doctor for a confirmation blood test.  I requested several other tests as well and for some bizarre reason, requested a celiac test.  I discovered I had had celiac disease, my whole life!  No gluten meant dizziness, blindness issues, migraines, etc etc were all reduced dramatically, almost gone!  Even the emotional upheavals decreased!  It was then that I realized that my lovely but sad 12 year old son (who had never slept or ate well at all his whole life and had been mildly suicidal for several years) might be celiac as well!  Got him tested but he was negative.  I read about it and requested a biopsy.  He had the rashes, and many other non tummy issues.   Thank God the biopsy was done by a celiac specialist.  Instead of 1-3 spots taken as most doctors do, he took 15 and said nothing was suspicious until the last 3 spots.  Even then, he wasn't convinced except when he combined all the symptoms and so told us, 'Let's just call him celiac'.  Within 3 months, my son was no longer depressed, ate well and slept!  He is in his mid 20s now and we did get him therapy to unlearn bad thinking he had adopted while sick.  But he is extremely happy, lives across the country from us and is very successful in many ways.  You couldn't pay him, or me, to eat gluten on purpose and we neither one ever had the obvious tummy and bathroom issues!  We love therapy but now it accomplishes goals not just helping us survive that which doesn't seem to have explanation.  Celiac disease causes malnutrition!  Malnutrition affects our brains.  We are evidence of that.",2026-03-06T01:04:14Z
4NSbDnfHP-o,depression symptoms,Hidden Medical Issues That Mimic Depression &amp; Anxiety,UgxRreAga2dAuzdwjwB4AaABAg,Ferritin as well !!!!!,2026-03-06T00:46:11Z
4NSbDnfHP-o,depression symptoms,Hidden Medical Issues That Mimic Depression &amp; Anxiety,Ugw03Lss2ji6B8ynJPJ4AaABAg,"To me, it is a significant shortcoming of the current CDC medical industry; misdiagnosis and inappropriate treatment. EBV, Lyme disease, and many other ‘endemic’ diseases will have an neurological impact that looks like depression. By allowing primary care providers to diagnose mental health disorders that the providers are poorly trained for invites a (sl)easy way to deal with patients.",2026-03-06T00:27:43Z
4NSbDnfHP-o,depression symptoms,Hidden Medical Issues That Mimic Depression &amp; Anxiety,UgyAbGBcarbX6QgCx214AaABAg,"Love your videos, Emma! Thank you!",2026-03-06T00:16:06Z
4NSbDnfHP-o,depression symptoms,Hidden Medical Issues That Mimic Depression &amp; Anxiety,UgyykPgTXQnOI6MherN4AaABAg,"I found a reduction in my anxiety once I started on a Choline supplement, based on a previous video. It did not eliminate it, but so far has made it more manageable",2026-03-05T22:44:22Z
4NSbDnfHP-o,depression symptoms,Hidden Medical Issues That Mimic Depression &amp; Anxiety,UgxgpscVJI5gA9UiOAR4AaABAg,Such a helpful reminder. Body and mind connection is super real.,2026-03-05T22:25:57Z
4NSbDnfHP-o,depression symptoms,Hidden Medical Issues That Mimic Depression &amp; Anxiety,UgwQ9H-QdX-a1_OoMEF4AaABAg,"I’m starting to believe that my period is the driving force behind my depression. Mostly because trying therapy and many meds and now TMS are not helping me the way I was hoping or needing.
What could I even do about that tho? Get my tubes tied? I’ve heard things like that and hysterectomy can also mess with your hormones to a detrimental level. And it’s not like I have a medical reason to do that so it’s likely to be out of pocket if that was my option.",2026-03-05T21:54:08Z
4NSbDnfHP-o,depression symptoms,Hidden Medical Issues That Mimic Depression &amp; Anxiety,UgzLY9bfzUPr1yAdp1x4AaABAg,"So, I know that my experience is really anecdotal, but being on a GLP-1 spiked my anxiety so severely that I had to taper off of them and am currently looking for a different A1C solution. But I couldn't manage the severe anxiety. I've heard that others have experienced this and depression on GLP-1s.",2026-03-05T21:43:51Z
4NSbDnfHP-o,depression symptoms,Hidden Medical Issues That Mimic Depression &amp; Anxiety,UgypKjmnL9DtwS0wCUZ4AaABAg,Thank you for this..so true 🙏🏻🙏🏻🙏🏻,2026-03-05T21:40:14Z
4NSbDnfHP-o,depression symptoms,Hidden Medical Issues That Mimic Depression &amp; Anxiety,UgwEntwzGJq7gZ3a6V14AaABAg,As a therapist I always tell patients with depression to first check there blood works and for women I middle age also hormone assessment before starting therapy. Several cases have come back with no need for therapy ! They had hormone issues of different kinds…,2026-03-05T21:30:35Z
4NSbDnfHP-o,depression symptoms,Hidden Medical Issues That Mimic Depression &amp; Anxiety,UgyT19-PhlQ5v7F9zKh4AaABAg,A high carb diet makes me depressed,2026-03-05T20:55:14Z
4NSbDnfHP-o,depression symptoms,Hidden Medical Issues That Mimic Depression &amp; Anxiety,Ugxx6M9ZeI1owKmweBN4AaABAg,"Totally agree, I’d didn’t have any problems until I had surgical hysterectomy!  My doctor said it was all due to hormones imbalance.",2026-03-05T20:18:10Z
4NSbDnfHP-o,depression symptoms,Hidden Medical Issues That Mimic Depression &amp; Anxiety,UgyNu_P9HbA-i-MTRjl4AaABAg,Pheochromocytoma can cause anxiety panic and depression. Very rare.,2026-03-05T19:35:20Z
4NSbDnfHP-o,depression symptoms,Hidden Medical Issues That Mimic Depression &amp; Anxiety,UgzBsEhAYEebHUgDi9Z4AaABAg,"Sjogrens Disease dysautonomnia.  Panic, depression, pain, no cure. Yay me!",2026-03-05T19:05:56Z
4NSbDnfHP-o,depression symptoms,Hidden Medical Issues That Mimic Depression &amp; Anxiety,UgwHX7BwfryyM3zMGmt4AaABAg,"@TherapyinaNutshell, handle IkennaLenin is spamming",2026-03-05T18:57:23Z
4NSbDnfHP-o,depression symptoms,Hidden Medical Issues That Mimic Depression &amp; Anxiety,UgyHnpdg0kmUYMKPGs94AaABAg,I gave myself an iron shot yesterday here in Mexico. It cost about four dollars and I feel like 1 million bucks.,2026-03-05T18:55:06Z
4NSbDnfHP-o,depression symptoms,Hidden Medical Issues That Mimic Depression &amp; Anxiety,Ugz8psOhbAOOX3LK8xp4AaABAg,Autonomic dysfunction can also cause anxiety.,2026-03-05T18:51:02Z
4NSbDnfHP-o,depression symptoms,Hidden Medical Issues That Mimic Depression &amp; Anxiety,Ugyq29J6mMs7Wg2yx154AaABAg,"I thought sepsis from abscessed tooth was “just another depressive episode” … for way too long. I shouldn’t be alive, long. PCOS? Depression. MS? ADHD.. for 10 years. D2 (without D3+k2)? More depression. The list of delayed diagnosis’ goes on and on. 

Get a yearly blood panel. Be assertive with doctors. Mental health is an easy scapegoat, but it’s not the only thing that can be invisible & dragging you down. 💛",2026-03-05T18:49:13Z
4NSbDnfHP-o,depression symptoms,Hidden Medical Issues That Mimic Depression &amp; Anxiety,UgwBfIfpKJRq_YETgGF4AaABAg,you forgot to mention chronic metabolic/blood sugar related issues that can lead to t2 diabetes such as PCOS (plus insulin resistance)!,2026-03-05T18:47:07Z
4NSbDnfHP-o,depression symptoms,Hidden Medical Issues That Mimic Depression &amp; Anxiety,UgySw1lE3BovpQlCzSp4AaABAg,😂😅😂❤❤❤❤❤love her big~,2026-03-05T18:28:03Z
4NSbDnfHP-o,depression symptoms,Hidden Medical Issues That Mimic Depression &amp; Anxiety,Ugxk9lTdsnE0gN-q11F4AaABAg,"Nutrition/gut health are crucial a specially when you are already sensitive mentally. Personally i became extremely sensitive to high fiber foods, a specially in big portions or on empty stomach, for example walnuts or whole rice, my heart is racing, so i mix it and eat small portions. and also anything that creates inflammation, for me its even gluten though i dont suffer from celiac. I stick to low/medium glycemic index diet, and anti inflammatory diet.",2026-03-05T18:19:14Z
4NSbDnfHP-o,depression symptoms,Hidden Medical Issues That Mimic Depression &amp; Anxiety,Ugy7e4b6QD6H9wZ3_yJ4AaABAg,🌍🌍🌍 Gut Dysbiosis due to broad spectrum antibiotics.,2026-03-05T18:12:22Z
4NSbDnfHP-o,depression symptoms,Hidden Medical Issues That Mimic Depression &amp; Anxiety,UgxzsF95KQ-YPWDAnAB4AaABAg,🌍🌍🌍 CIRS🌍🌍🌍,2026-03-05T18:11:14Z
4NSbDnfHP-o,depression symptoms,Hidden Medical Issues That Mimic Depression &amp; Anxiety,UgzERqDhSP5GHCr83tx4AaABAg,"Put together an autoimmune condition, chronic low iron levels, vitamin D deficiency and perimenopause. My early 40s have been just SO. MUCH. FUN.",2026-03-05T18:00:27Z
4NSbDnfHP-o,depression symptoms,Hidden Medical Issues That Mimic Depression &amp; Anxiety,UgwTopajxnDMHKoacel4AaABAg,"When I got lab work in October 2025, it revealed that my vitamin D level was low. I’ve been taking one vitamin D supplement every week since October 2025 and it has definitely helped my mood. I’m currently on lexapro for anxiety. Looking at my health as a whole has been good for my physical and mental health.",2026-03-05T17:52:29Z
4NSbDnfHP-o,depression symptoms,Hidden Medical Issues That Mimic Depression &amp; Anxiety,UgxcQ_0Ke0Zk3qZ449x4AaABAg,❤,2026-03-05T17:38:05Z
4NSbDnfHP-o,depression symptoms,Hidden Medical Issues That Mimic Depression &amp; Anxiety,UgxQ4ccX6NS0oqdf-Qx4AaABAg,Israel and its Puppet US are the main reasons and triggers for the mental health issues all around the world!,2026-03-05T17:35:25Z
4NSbDnfHP-o,depression symptoms,Hidden Medical Issues That Mimic Depression &amp; Anxiety,UgyWZi0wBnyvMwWbEVN4AaABAg,"Heart Arythmia's can also cause anxiety.  I had worsening anxiety for years, meanwhile my DR kept trying to catch my PVCs (a type of arythmia) on an ECG. When we finally did both my PVCs and anxiety were high.  We fixed them first with medication then with a cardiac ablation. Funny, once we started down the treatment path for PVCs, my anxiety has been at a much more manageable level.",2026-03-05T17:31:15Z
4NSbDnfHP-o,depression symptoms,Hidden Medical Issues That Mimic Depression &amp; Anxiety,Ugy6HauoBcCFMKgQ6Up4AaABAg,"Thank you so much for this video! ❤
Psychosomatic is recognized and accepted, but psychological problems caused by medical conditions not (or not as much). Finding the right medical and psychological help, who want to look at both issues, holisticly, is a big problem. I haven't mannaged to find that in the eastern part of the Netherlands yet. It's for autoimmune disease (APS-1 with type 1 diabetes and Addison's disease) with psychological effects as anxiety, low stress tollerance and depression in combination with a trauma wich causes general anxiety and panick attacks.  And doctors and psychiatrist do not want to think along or take the combination into account. And I just can't seem to find good help for this. So thank you so much for recognizing that their are medical issues who mimic psychological disorders. It makes me feel less alone. It is hard not to be believed or taken seriously about this.",2026-03-05T17:26:51Z
4NSbDnfHP-o,depression symptoms,Hidden Medical Issues That Mimic Depression &amp; Anxiety,UgxhCKVp5-E6yKAMMkB4AaABAg,Thanks so much. Love you curls! ❤️,2026-03-05T17:22:57Z
4NSbDnfHP-o,depression symptoms,Hidden Medical Issues That Mimic Depression &amp; Anxiety,UgzLj37b5H1uLXFowgp4AaABAg,Low blood sugar related to postprandial hypoglycemia has increased my anxiety.,2026-03-05T16:54:56Z
4NSbDnfHP-o,depression symptoms,Hidden Medical Issues That Mimic Depression &amp; Anxiety,UgxmnYpk_6hXuWgVgZd4AaABAg,I was diagnosed with low b12 and yes those symptoms spot on low moods always tired and memory loss and now am low iron but taking my pills when I remember to,2026-03-05T16:42:41Z
4NSbDnfHP-o,depression symptoms,Hidden Medical Issues That Mimic Depression &amp; Anxiety,UgyJCD_Xlzyy1clpvBl4AaABAg,"Doctors won't even listen to me because of my mental health diagnosis, for even minor ailments. I know something deeper is going on. I avoid going now because of this experience. I basically screwed my overall health by seeking mental health help.",2026-03-05T16:40:03Z
4NSbDnfHP-o,depression symptoms,Hidden Medical Issues That Mimic Depression &amp; Anxiety,Ugxwoqg_z0lZ65wXhed4AaABAg,"Thank you for caring, and for helping 😊",2026-03-05T16:39:24Z
4NSbDnfHP-o,depression symptoms,Hidden Medical Issues That Mimic Depression &amp; Anxiety,UgxC_FYvaE4ya13VVMJ4AaABAg,İt all started with panic atacks than i cured the panic atacks but intrusive thoughts came this i cured a bit but it sometimes it comes back now the worse i developed hypervigilance i cant go outside without being on fight or flight mode thats draining me out and making me depressed im not strong enough anymore to fight with these problems,2026-03-05T16:36:02Z
4NSbDnfHP-o,depression symptoms,Hidden Medical Issues That Mimic Depression &amp; Anxiety,UgxXux4_NtTDOtexAVp4AaABAg,"Thanks...And after my CPAP machine was set right, I felt much better  ( sleep needs change over years )",2026-03-05T16:26:54Z
4NSbDnfHP-o,depression symptoms,Hidden Medical Issues That Mimic Depression &amp; Anxiety,UgwKV8TzWykxb__Low94AaABAg,"...the key problem ,, finding an alternative doctor that will prescribe ""holistically "". Reg doctors are sworn in by what the medical experts say regarding drugs and treatment or their liscence to practice can be pulled. Most of their blood test data is pulled at the wrong time or doesn't read accurately. Watch berg, berry, ekberg on those things",2026-03-05T16:18:47Z
4NSbDnfHP-o,depression symptoms,Hidden Medical Issues That Mimic Depression &amp; Anxiety,UgyxeHnXG5hI4p2ErzV4AaABAg,To me Psychedelics are just an exceptional mental health breakthrough. It's quite fascinating how effective they are against depression and anxiety. Saved my life.,2026-03-05T16:15:32Z
4NSbDnfHP-o,depression symptoms,Hidden Medical Issues That Mimic Depression &amp; Anxiety,Ugxuec6H9DStVhhelkJ4AaABAg,Same😔,2026-03-05T16:08:23Z
4NSbDnfHP-o,depression symptoms,Hidden Medical Issues That Mimic Depression &amp; Anxiety,UgxUAHpdnr8FwE9-hFt4AaABAg,"Great video, thank you for sharing! One thing I had to think of when it came to chronic illnesses was MCAS which can highly affect mood and even cause panic attacks. Some people report they suddenly stopped having panic attacks they had been trying to resolve for years via therapy after implementing a low histamine diet and/or mast cell targeted medication. This is not medical advice obviously, just something else to consider when it comes to physical reasons for psychological symptoms.",2026-03-05T16:07:07Z
4NSbDnfHP-o,depression symptoms,Hidden Medical Issues That Mimic Depression &amp; Anxiety,UgxIT7Wcq2Z0xszC-9F4AaABAg,"Sjees, imagine being exhausted and depressed for 20! years and it's just iron deficiency. That's terrible. My general doctor checked my bloood for vitamins and thyrois problems, but it's not anything like that. Also don't have heightened inflammation markers. So for me it is a pretty persistent mental health problem. 
Although, I am looking into changing my diet quite a lot the upcoming months (I take my time with it), because I am sensitive to many things foods, animals, pollen, some human made chemicals and even nickel, plus I'm asthmatic and am prone to get eczema. Apparently if you're sensitive like that the gut can be involved and mental problems like low grade depression and constant tiredness could stem from that. I guess I just try and see 😊  It's not as if it's going well right now so not that much to lose 🙃",2026-03-05T15:53:44Z
4NSbDnfHP-o,depression symptoms,Hidden Medical Issues That Mimic Depression &amp; Anxiety,UgxSYokl9Lfxq1iIgWF4AaABAg,I struggle to sleep and I think that's route of my problems,2026-03-05T15:51:06Z
4NSbDnfHP-o,depression symptoms,Hidden Medical Issues That Mimic Depression &amp; Anxiety,Ugym7k1zh3vYmjnpdJl4AaABAg,"Some of us are also hyper sensitive to progesteron (even the bioidentical kind). I am dealing with some hormone imbalances to the extent that my doctor put me on progesterone to try and get things sorted out, and usually progesterone HELPS with sleep. But for me, it woke me up every 15 minutes all night every night I took it and eventually tried taking it during the day which is not generally recommended because it’s supposed to make you sleepy, but we couldn’t think of another option- anyway the result was intense anxiety followed shortly by collapsing very suddenly on the floor unable to move my own limbs. I guess those of us with MTHFR just don’t respond to needed medicine in the usual way…..
I honestly think everyone should get a full MTHFR panel at this point. It seems to be behind a lot of the weird reactions and backwards responses to medication or stimulants. If your liver can’t methylate the help it’s being giving, the help isn’t going to hurt instead of help.",2026-03-05T15:42:53Z
4NSbDnfHP-o,depression symptoms,Hidden Medical Issues That Mimic Depression &amp; Anxiety,UgyGeG9AmDNW9B1GFsN4AaABAg,"I'm in europe and the docs did exactly that. My GP pointed out I might have somatic symptoms, so trust your doc and if you don't, try to find a better one.
Testing always came back saying ""you're good 👍🏻""  (which kinda didn't feel great to hear 😅) and they found inflammation but no physical source (which felt even worse at the time, but it is a really helpful clue!)
Also finding something doesn't mean you can't also have mental health struggles, I've had a slight thyroid issue but the meds I'm taking didn't impact my mood at all.",2026-03-05T15:29:53Z
4NSbDnfHP-o,depression symptoms,Hidden Medical Issues That Mimic Depression &amp; Anxiety,UgwEeo2Eh1caGM3aGgR4AaABAg,"I had iron, B12 and vitamin d deficiencies, and anemia from bad diet, discovered after I had a hypomania episode that turned into depression, probably also a consequence of the sleep disruption I was having (also nutrition?). I don't think it technically counts as bipolar if it was induced by another condition, assuming it won't happen again now that my levels are good.",2026-03-05T15:27:17Z
4NSbDnfHP-o,depression symptoms,Hidden Medical Issues That Mimic Depression &amp; Anxiety,UgzmM2eMejuwpydhmrt4AaABAg,I was diagnosed as depressed for 6 months  when i was 46.  It was later discovered that I had Hashimoto disease. My doctor Then said she will  check all her patients for thyroid if they say they are depressed.,2026-03-05T15:26:41Z
4NSbDnfHP-o,depression symptoms,Hidden Medical Issues That Mimic Depression &amp; Anxiety,UgyF6_lxPJZGkt8u3-l4AaABAg,"Also look up the GERD anxiety loop. GERD causes, anxiety and anxiety causes gerd, and it can be a continuous loop. it can get so bad that it can affect your esophagus. And the same nerve endings in your esophagus are the same nerve endings as your heart. So you can get all the classic symptoms from gerd that mimic a heart attack. Called sweats pain radiating down the arm et cetera et cetera Also GERD can make your vegas nerve completely go out of whack.",2026-03-05T15:19:03Z
4NSbDnfHP-o,depression symptoms,Hidden Medical Issues That Mimic Depression &amp; Anxiety,Ugw98oG-_7l3Heym3hd4AaABAg,Its been most of my life. Depression and anxiety since elementary school. Combine that will never feeling like I fit in anywhere kinda makes me feel it isn't a physical issue for me... or at least not primarily.,2026-03-05T15:15:14Z
4NSbDnfHP-o,depression symptoms,Hidden Medical Issues That Mimic Depression &amp; Anxiety,Ugxd4Kiir6XePgNG3uh4AaABAg,"It has been 6 years now of dealing with anxiety and depression. I have always wondered if it could’ve been health related because no matter how much I work on the psychological aspect, I still deal with physical symptoms. I’m much better now than where I was 6 years ago, but now I at least know what specific things to bring up to my doctor to get tested and maybe find an answer. At least, I hope it helps because every time I was tested it was always “you’re healthy” but I don’t believe them because no one does in depth testing like they should. Thank you so much for this video!",2026-03-05T15:13:41Z
4NSbDnfHP-o,depression symptoms,Hidden Medical Issues That Mimic Depression &amp; Anxiety,Ugwlcz4ZsJlbK_4TZeN4AaABAg,"I think an MTHFR genetic mutation should also be on this list! I think it's like 15%+ of the population have at least one side of the gene mutated, and serious diet and supplement considerations have to be made to support it.",2026-03-05T14:57:59Z
4NSbDnfHP-o,depression symptoms,Hidden Medical Issues That Mimic Depression &amp; Anxiety,UgwBIVRdR5rzUlLnCNt4AaABAg,I have had anxiety and depression for about 18 months. I am undergoing therapy which has helped but...two days ago I booked for a health blood tests. Timing of this video...👍,2026-03-05T14:56:25Z
4NSbDnfHP-o,depression symptoms,Hidden Medical Issues That Mimic Depression &amp; Anxiety,UgzIfzqybYFVFOF9dXp4AaABAg,Neurology doctor?,2026-03-05T14:52:06Z
4NSbDnfHP-o,depression symptoms,Hidden Medical Issues That Mimic Depression &amp; Anxiety,UgwBEhm0z5I0KSxsE5x4AaABAg,If only it was that simple.,2026-03-05T14:45:51Z
4NSbDnfHP-o,depression symptoms,Hidden Medical Issues That Mimic Depression &amp; Anxiety,Ugwb-n_DulabgNS7BrR4AaABAg,Well.... There you have it,2026-03-05T14:43:48Z
c6ySVb8uLSo,depression symptoms,"CBT Therapy: Depression, OCD और Anxiety को ठीक करने का वैज्ञानिक तरीका | 10 Cognitive Distortions",UgyVMn7Pp4vJEXS_Nud4AaABAg,In sabhi ka samsya ka samadhan bhi batye,2026-03-06T01:38:31Z
c6ySVb8uLSo,depression symptoms,"CBT Therapy: Depression, OCD और Anxiety को ठीक करने का वैज्ञानिक तरीका | 10 Cognitive Distortions",Ugw2b_AEk61J_B3FyF94AaABAg,डॉक्टर जी आप बाइपोलर डिसऑर्डर पर भी वीडीओ बनाएं प्लीज,2026-03-06T00:59:19Z
c6ySVb8uLSo,depression symptoms,"CBT Therapy: Depression, OCD और Anxiety को ठीक करने का वैज्ञानिक तरीका | 10 Cognitive Distortions",UgysBdNsWwyRfabiKNx4AaABAg,Sir bilkul sahi bola aapne me pichle 4year se pareshan hu syptopms itne aa rhe ki me ab thak gya hu esse aapki ray par chlne koshish karunga,2026-03-05T19:19:50Z
c6ySVb8uLSo,depression symptoms,"CBT Therapy: Depression, OCD और Anxiety को ठीक करने का वैज्ञानिक तरीका | 10 Cognitive Distortions",Ugzd9O2jYm3-XF9rU1d4AaABAg,Sir please sensorimotor OCD ke bare mai ek video kijiye.,2026-03-05T18:17:18Z
c6ySVb8uLSo,depression symptoms,"CBT Therapy: Depression, OCD और Anxiety को ठीक करने का वैज्ञानिक तरीका | 10 Cognitive Distortions",UgweQ_PZ0AfdHdxeMwx4AaABAg,"The best doctor in india 👍👍👍
God bless you sir",2026-03-05T18:07:01Z
c6ySVb8uLSo,depression symptoms,"CBT Therapy: Depression, OCD और Anxiety को ठीक करने का वैज्ञानिक तरीका | 10 Cognitive Distortions",UgxVVddLTcvKdDmrvDJ4AaABAg,Sir please suggestion de dijiyega🙏🙏🙏🙏🙏🙏🙏  mjhe nhi pta ki mai depress hu ya nhi par mjhe health issues bahut hote hai is vajah se bahut pareshan rhti huu mind kabhi kabhi bahut slow chlta hai normal si cheej ko bhi sochne me  tym lgta hai mai ek student hu anemia ki problem rhti hai and nuetrophil bhi jyada tha is bar liver grade 1 pe fatty hai and constipation ki dikkat hai ... exam dene jati hu exam start hone vala hota hai siir bahut jyada dard krne lgta hai  pahle ye sab nhi tha sayd migrain ki problem aa rhii ek doctor ko government hospital me dikhaya to vo bole beta depression me ja rhi to unhone psychiatrist ke pas bheja mjhe unhone medicine likhi hai par mjhe medicine lene me dar lgta hai mjhe kuch samajh nhi aa rha padhai nhi kr pa rhi lyf me itna indiscipline kabhi nhi thi study ko leke par ab man nhi hota hai .. pahle ki jaise na  kar pa rhii na hi chor paungii  bas leke baithi rhti hu ya soti jati hu excessive neend aati hai sir mai kya kru kuch samajh nhi aa rha please help... ghar pe btate hai to sab bolte hai aisa kuch nhi hai har koi depress rhta hai ..🙏🙏🙏,2026-03-05T17:30:03Z
c6ySVb8uLSo,depression symptoms,"CBT Therapy: Depression, OCD और Anxiety को ठीक करने का वैज्ञानिक तरीका | 10 Cognitive Distortions",Ugw2CjhMGglZDBZXxPZ4AaABAg,Thanks sir❤,2026-03-05T16:45:54Z
c6ySVb8uLSo,depression symptoms,"CBT Therapy: Depression, OCD और Anxiety को ठीक करने का वैज्ञानिक तरीका | 10 Cognitive Distortions",UgyaRsQ56apqOzFGoVJ4AaABAg,Sir energy bilkul b nhi rhti body ma kuch bataye plzzz,2026-03-05T15:45:47Z
c6ySVb8uLSo,depression symptoms,"CBT Therapy: Depression, OCD और Anxiety को ठीक करने का वैज्ञानिक तरीका | 10 Cognitive Distortions",UgxBYMtXmF_CJSoEKO94AaABAg,Very useful information sir,2026-03-05T15:27:04Z
c6ySVb8uLSo,depression symptoms,"CBT Therapy: Depression, OCD और Anxiety को ठीक करने का वैज्ञानिक तरीका | 10 Cognitive Distortions",Ugz6o_j01GIaDaL_PWp4AaABAg,"aapki sari video dekhta hu bhot relate hota hai 
merko drdp k symptoms the a kafi thik hai 
anxiety peak hoti thi ab km ho chuki hai 
ab sirf ye lgta hai ki thik kaise ho gya m kyuki merko ye permanent lgta tha 
m bhot puzzle ho jata hu overthinking hoti hai illogical things pr",2026-03-05T14:39:26Z
c6ySVb8uLSo,depression symptoms,"CBT Therapy: Depression, OCD और Anxiety को ठीक करने का वैज्ञानिक तरीका | 10 Cognitive Distortions",UgxAMrNOHnEh_eiyG6V4AaABAg,Thanku sir,2026-03-05T14:12:26Z
c6ySVb8uLSo,depression symptoms,"CBT Therapy: Depression, OCD और Anxiety को ठीक करने का वैज्ञानिक तरीका | 10 Cognitive Distortions",UgxOE9tLvpl_H8plHBV4AaABAg,Thanks sir  for kind information for kind video,2026-03-05T14:10:01Z
espjfdIHFWM,depression symptoms,देवताओं से मिलो और समस्याओं से मुक्ति पाओ,UgxpOHHq8U8TiNOMEIR4AaABAg,Gujrat me kaha aa rhe hai pls bataye me bhuj  se,2026-03-06T01:03:58Z
espjfdIHFWM,depression symptoms,देवताओं से मिलो और समस्याओं से मुक्ति पाओ,Ugyuv-DHzSsewRWd8Zx4AaABAg,Mumbai me kabhi aur kaha milenge  pl imform us,2026-03-05T12:19:08Z
NN4G1fmQh6Y,depression symptoms,Depression Makes You Angrier,UgxVKUf5NiddEIDZmY94AaABAg,"Psychotherapy 
Cognitive Behavioral Therapy",2026-03-06T00:58:59Z
NN4G1fmQh6Y,depression symptoms,Depression Makes You Angrier,UgwsIgplphXceyzyxA14AaABAg,"So glad to see that SciShow Psych has found a new life here so that it can continue to help people the way it helped me.

Although i wish it was giving the original channel credit instead of just stealing content.",2026-03-05T10:14:44Z
NN4G1fmQh6Y,depression symptoms,Depression Makes You Angrier,UgzCdZi3mRsob57BiRd4AaABAg,My sister and I just had an argument about this because she is an external processor and to me it sounds like rumination and I CANNOT HANDLE IT. I will get stuck in an obsessive spiral of severe anger so I cannot listen to someone who processes externally. CBT didn't work and just makes me angrier. Why yes I do have persistant depressive disorder.,2026-03-05T03:37:28Z
NN4G1fmQh6Y,depression symptoms,Depression Makes You Angrier,UgxyZxuR_DBAz15rglB4AaABAg,I need this. I need help. I need therapy.,2026-03-05T02:05:07Z
xX5JPtbiyro,depression symptoms,Depression&#39;s Hidden Symptoms Revealed,Ugw0C1j8FIEM1ZpM9QR4AaABAg,Memory loss here I can guarantee that,2026-03-05T05:17:27Z
xX5JPtbiyro,depression symptoms,Depression&#39;s Hidden Symptoms Revealed,Ugyl-Al9iRHB2CKYLyZ4AaABAg,Hey stop calling me out 😢 I’m not depressed except everyone keeps telling me I am,2026-03-05T03:11:32Z
y8z-kGc8f4Q,depression symptoms,Tinnitus and Depression in Older Adults: The Overlooked Link,UgyZ5C3TIV5R4OXzszB4AaABAg,"If you have any questions about this research or want to share your own journey, please leave a comment below! I’d love to hear from you. 👇",2026-03-04T00:14:01Z
4dzdWD1O6NA,depression symptoms,Depressionen bei Veganern: Steckt ein Carnitin-Mangel dahinter?,UgwIek9536aEjDsZTHd4AaABAg,"ok, aber war es nicht so, dass oral aufgenommenes Carnitin eine so schlechte Bioverfügbarkeit hat, dass Profis auf inject setzen?",2026-03-06T00:10:40Z
4dzdWD1O6NA,depression symptoms,Depressionen bei Veganern: Steckt ein Carnitin-Mangel dahinter?,Ugy1G3-Mb_YE_MFQTsB4AaABAg,"Komplett neu für mich, gar nicht gewusst",2026-03-04T17:11:25Z
4dzdWD1O6NA,depression symptoms,Depressionen bei Veganern: Steckt ein Carnitin-Mangel dahinter?,Ugxvj7-4hAV-vAuzL5F4AaABAg,"Ich krieg Depressionen, wenn ich so einen Bullshit sehen muss",2026-03-04T16:33:10Z
4dzdWD1O6NA,depression symptoms,Depressionen bei Veganern: Steckt ein Carnitin-Mangel dahinter?,UgwsHnKVIX_4DLi5orx4AaABAg,"Sie sind auch oft mürrisch. Alle die ich kenne, sehen auch erbärmlich aus.",2026-03-04T16:21:04Z
Uq42QvkBudk,depression symptoms,My anxiety symptoms #anxiety #mentalhealth #panicattack #depression #mind #psychology,Ugx6AAIlW2_hBYzpjqZ4AaABAg,Yes i have all these symptoms,2026-03-04T18:38:23Z
Ig-E2L_487Y,depression symptoms,"Symptoms of Gender Dysphoria | Anxiety, Depression &amp; Body Discomfort Explained",UgzkJlQMyAyxBSghVrB4AaABAg,"For me, the biggest coping mechanisms were dissociation, addiction, and extreme social withdrawal.",2026-03-04T03:33:58Z
TWnGHe8JB-8,depression symptoms,오늘 죽을수도 있는 무서운 질병은 이것. #중년건강 #노후준비 #건강정보 #시니어건강,Ugxf-pX0mIsOsHByNql4AaABAg,언제나 나에게도 찾아올지 모르겠네요 행복 호르몬 충만하게.. 오늘도 화이팅!!!,2026-03-04T03:10:23Z
9WV20zatV1M,depression symptoms,Can a ketogenic diet influence major depressive symptoms?,UgwkxdhybjbxjSaAmi14AaABAg,"I’ve had treatment resistant depression for years. Day 3 on keto, I woke up a whole new person!! No longer depressed. It works.",2026-03-03T22:22:23Z
9WV20zatV1M,depression symptoms,Can a ketogenic diet influence major depressive symptoms?,Ugz2rpUGb1gv4kobp5F4AaABAg,Ebook,2026-03-03T22:01:39Z
9WV20zatV1M,depression symptoms,Can a ketogenic diet influence major depressive symptoms?,UgysRM_iLeTt59FpPVJ4AaABAg,Ebook,2026-03-03T21:32:17Z
9WV20zatV1M,depression symptoms,Can a ketogenic diet influence major depressive symptoms?,UgzYBuzzdzxE_l-7JzB4AaABAg,Ebook,2026-03-03T20:33:16Z
9WV20zatV1M,depression symptoms,Can a ketogenic diet influence major depressive symptoms?,UgxgUjkpLlqHWZvlqtx4AaABAg,Ebook,2026-03-03T20:19:58Z
9WV20zatV1M,depression symptoms,Can a ketogenic diet influence major depressive symptoms?,UgyTlo1yG4R9SLMDkOl4AaABAg,Ebook,2026-03-03T20:00:10Z
96_f4525cLI,depression symptoms,“Are These Signs of Postpartum Depression? | With Hardship Comes Ease – Qur’an 94:6”,UgyZ_8_1OnntUyMDI7t4AaABAg,No one understands the pain of a mother😢,2026-03-05T17:55:59Z
f1hvyBsKVlY,depression symptoms,"Unexplained Anxiety, Depression, Or Brain Fog - Watch This",UgxdiedyFPKC0WqS8594AaABAg,"Amazing infos, as always. Thank you MM and team for all you are putting out there. It is much appreciated! ❤",2026-03-04T14:17:53Z
f1hvyBsKVlY,depression symptoms,"Unexplained Anxiety, Depression, Or Brain Fog - Watch This",UgzR1knb-33dYyxozWZ4AaABAg,"Amazing information! That’s why everyone’s symptoms are different, because we all have different metals and alloys, different pathogens, different exposures, different inherited combinations. I wish more people understood how different our symptoms can be. Just because we have a label doesn’t mean our symptoms are exactly the same. “So and so has CFS and they’re able to do this or that, why can’t you” things people say because they have no clue.",2026-03-04T01:29:34Z
f1hvyBsKVlY,depression symptoms,"Unexplained Anxiety, Depression, Or Brain Fog - Watch This",UgyvZjsy6wclZXQkt_V4AaABAg,This blood full moon with lunar eclipse are totally affecting alloy brains out there! So grateful for MM tools and for the moon meditation! Cannot go a day without the precious HMDS!,2026-03-04T01:09:59Z
f1hvyBsKVlY,depression symptoms,"Unexplained Anxiety, Depression, Or Brain Fog - Watch This",UgwvB14xQqvF-MAk2tp4AaABAg,"And during a seizure this is when the alloy is being created, correct? along with adrenal chemicals and neurtoxins that are added to the mix… is that line of thinking correct as well? thank you🙏🏽",2026-03-04T01:01:03Z
f1hvyBsKVlY,depression symptoms,"Unexplained Anxiety, Depression, Or Brain Fog - Watch This",UgwbAX7X7zRhy5mtuq54AaABAg,I hope those alloys are slowly dissolving and leaving me along!,2026-03-03T21:33:01Z
f1hvyBsKVlY,depression symptoms,"Unexplained Anxiety, Depression, Or Brain Fog - Watch This",Ugz8f6Nd8qvFwIiB_dl4AaABAg,Thanks God for MM info ❤🙏🏼❤,2026-03-03T20:27:12Z
f1hvyBsKVlY,depression symptoms,"Unexplained Anxiety, Depression, Or Brain Fog - Watch This",UgyJmLlwZmCnFgaNsyB4AaABAg,❤❤❤❤,2026-03-03T20:06:43Z
f1hvyBsKVlY,depression symptoms,"Unexplained Anxiety, Depression, Or Brain Fog - Watch This",UgwO_wBySZpdMeEb67x4AaABAg,👍,2026-03-03T19:43:11Z
f1hvyBsKVlY,depression symptoms,"Unexplained Anxiety, Depression, Or Brain Fog - Watch This",UgxI-HhxdZ4hqfZhAjh4AaABAg,Many Thanks ❣️ for ALL you do AW & SOC to help mankind & earth 🌎 ❤,2026-03-03T17:55:02Z
f1hvyBsKVlY,depression symptoms,"Unexplained Anxiety, Depression, Or Brain Fog - Watch This",UgwO9gktQKe1Rpp6PFp4AaABAg,❤,2026-03-03T17:23:31Z
f1hvyBsKVlY,depression symptoms,"Unexplained Anxiety, Depression, Or Brain Fog - Watch This",Ugx7fHsNIaG9dpl9-P14AaABAg,"Amazing info!  I am in awe. period!

Thank you MM 🙏💙",2026-03-03T16:40:55Z
f1hvyBsKVlY,depression symptoms,"Unexplained Anxiety, Depression, Or Brain Fog - Watch This",UgyUKqWiC_bFRdl2UPB4AaABAg,Does celery juice give headaches? I just started my first 3-6-9 and I have pounding headache,2026-03-03T16:01:43Z
DSpCNV7_9Dg,depression symptoms,Does my #psychiatricmedication help control my mood symptoms as part of my #schizoaffectivedisorder,UgxT4CDgGCuZbMmPiE14AaABAg,"Iirc, you said that the bipolar side and schizophrenic side of the disorder are separate, so having, for instance, a (hypo)mania episode does not mean you will have a psychotic one and vice versa. So it's really interesting that the antipsychotics also help treat mood symptoms! Didn't expect that, thanks for the informative video!",2026-03-05T15:02:28Z
DSpCNV7_9Dg,depression symptoms,Does my #psychiatricmedication help control my mood symptoms as part of my #schizoaffectivedisorder,UgyKxIM9F_U08L1f6it4AaABAg,I think it would be awesome if Kit wrote a children's book to help young people understand schizo effective disorder. It would help destigmatize the disorder and normalize it in the future.,2026-03-05T10:15:25Z
DSpCNV7_9Dg,depression symptoms,Does my #psychiatricmedication help control my mood symptoms as part of my #schizoaffectivedisorder,UgxfZdM1rI7rSN4gqbl4AaABAg,I am glad that your combination of medicine is so effective for you.,2026-03-05T09:45:51Z
DSpCNV7_9Dg,depression symptoms,Does my #psychiatricmedication help control my mood symptoms as part of my #schizoaffectivedisorder,UgyMn0dkP3jbRDQ3AxR4AaABAg,"Thank you for sharing the positive side of the meds, my brother has bp1 and always talks about the bad side effects :((",2026-03-05T06:47:22Z
DSpCNV7_9Dg,depression symptoms,Does my #psychiatricmedication help control my mood symptoms as part of my #schizoaffectivedisorder,UgxfM4uL-OT6jX0w8b54AaABAg,Do you take Lithium additionally?,2026-03-04T11:36:59Z
DSpCNV7_9Dg,depression symptoms,Does my #psychiatricmedication help control my mood symptoms as part of my #schizoaffectivedisorder,Ugw4lekz5M96D0arQbt4AaABAg,I'm glad that the meds are helping. Mine do too!,2026-03-04T01:18:15Z
DSpCNV7_9Dg,depression symptoms,Does my #psychiatricmedication help control my mood symptoms as part of my #schizoaffectivedisorder,UgwLvlqtLvJT55nJCUx4AaABAg,Good to be better,2026-03-04T00:16:29Z
DSpCNV7_9Dg,depression symptoms,Does my #psychiatricmedication help control my mood symptoms as part of my #schizoaffectivedisorder,Ugwhlpf6s55TexpV2oZ4AaABAg,"Olanzapine kicks ass. It does it all for my paranoid schizoaffective disorder. Like you said, there are just ripples of mood with it rather than canyons and mountains. I am so grateful for it. Yeah for science. :)",2026-03-03T23:02:12Z
DSpCNV7_9Dg,depression symptoms,Does my #psychiatricmedication help control my mood symptoms as part of my #schizoaffectivedisorder,UgxqMDuvRT3GvGuoaLt4AaABAg,What medications are you on exactly?,2026-03-03T22:32:55Z
DSpCNV7_9Dg,depression symptoms,Does my #psychiatricmedication help control my mood symptoms as part of my #schizoaffectivedisorder,UgwXD118Yse9sUSMnZF4AaABAg,"Fist control the sleep, then when the dreams come and the deep sleep happens the mood gets better.",2026-03-03T20:22:15Z
DSpCNV7_9Dg,depression symptoms,Does my #psychiatricmedication help control my mood symptoms as part of my #schizoaffectivedisorder,UgyQ-9JhAE_T9YCDP0t4AaABAg,Anxiety my anti psychotics help.with,2026-03-03T20:17:34Z
DSpCNV7_9Dg,depression symptoms,Does my #psychiatricmedication help control my mood symptoms as part of my #schizoaffectivedisorder,UgzxpZeFB31RUOAIxyJ4AaABAg,❤️ 😍😍,2026-03-03T20:01:37Z
DSpCNV7_9Dg,depression symptoms,Does my #psychiatricmedication help control my mood symptoms as part of my #schizoaffectivedisorder,Ugw2w6D3kGUfCUwMMd14AaABAg,They lessen the mood symptoms but don't prevent them. We would definitely be worse without them kit. I agree. Im constantly going hypomanic atm. Might be stress....,2026-03-03T19:01:56Z
DSpCNV7_9Dg,depression symptoms,Does my #psychiatricmedication help control my mood symptoms as part of my #schizoaffectivedisorder,UgwMBAP8XU1qDBrqP-Z4AaABAg,"When I explain it to people, my meds work because I have little mood waves rather than a tsunami of feelings.",2026-03-03T18:05:21Z
DSpCNV7_9Dg,depression symptoms,Does my #psychiatricmedication help control my mood symptoms as part of my #schizoaffectivedisorder,UgxP_kY48ZEKmGXEeft4AaABAg,"I wonder if schizoaffective disorder is a thing of its own, or if it's a combination of a mood disorder and a psychotic disorder.",2026-03-03T17:49:23Z
DSpCNV7_9Dg,depression symptoms,Does my #psychiatricmedication help control my mood symptoms as part of my #schizoaffectivedisorder,Ugwai-3o2Ztr977xqNt4AaABAg,I take an antipsychotic mainly for mood. I have BPD.,2026-03-03T17:40:52Z
DSpCNV7_9Dg,depression symptoms,Does my #psychiatricmedication help control my mood symptoms as part of my #schizoaffectivedisorder,UgzsKGIrW3-MKhVdO0B4AaABAg,"I find psychology incredibly interesting and love to learn about ways other people experience their lives, so I'm really glad there are people like you who are willing to share their experiences with mental illness. Hopefully it can make a huge step in destigmatizing these conditions as well for the average person",2026-03-03T15:50:25Z
nv3Ax1v_fgE,depression symptoms,Childhood Depression Explained | Signs Parents Must Not Ignore,UgxMkHA4xsL-dNCMtYp4AaABAg,"Thank you Riddhi Ma'm 😊 you are the,best",2026-03-05T16:13:04Z
nv3Ax1v_fgE,depression symptoms,Childhood Depression Explained | Signs Parents Must Not Ignore,Ugz0T9ao0cjyH0abVvl4AaABAg,True,2026-03-04T10:48:14Z
nv3Ax1v_fgE,depression symptoms,Childhood Depression Explained | Signs Parents Must Not Ignore,UgxI8yeGR4eyOEYDTXJ4AaABAg,Where is link I don't get,2026-03-04T09:45:36Z
nv3Ax1v_fgE,depression symptoms,Childhood Depression Explained | Signs Parents Must Not Ignore,UgwEoYfrn30Qh_KRLZF4AaABAg,Very useful,2026-03-04T02:51:17Z
nv3Ax1v_fgE,depression symptoms,Childhood Depression Explained | Signs Parents Must Not Ignore,UgzRqfOu5oL5H_Em4e54AaABAg,Very useful,2026-03-03T18:39:55Z
ztU3q_R7uuY,depression symptoms,This third symptom is why depression gets worse #MentalWellness #HealthTips,Ugwhp0yWgD1BchkA8R54AaABAg,True,2026-03-03T17:52:25Z
aj-Vnh6Rkj4,depression symptoms,ಡಿಪ್ರೆಶನ್ ಆರಂಭವಾಗೋದು ಹೀಗೆ! ಈ 5 ಸಿಗ್ನಲ್‌ಗಳನ್ನು ನಿರ್ಲಕ್ಷಿಸಬೇಡಿ.| 5 Signs of Depression | Ayyappa Pindi,UgxhISnkXuPUWFOtJw94AaABAg,All 5,2026-03-05T16:32:53Z
aj-Vnh6Rkj4,depression symptoms,ಡಿಪ್ರೆಶನ್ ಆರಂಭವಾಗೋದು ಹೀಗೆ! ಈ 5 ಸಿಗ್ನಲ್‌ಗಳನ್ನು ನಿರ್ಲಕ್ಷಿಸಬೇಡಿ.| 5 Signs of Depression | Ayyappa Pindi,UgxAOmlLC8kJWTotzGB4AaABAg,"All 5 signs, but how to come out of it sir",2026-03-05T06:18:41Z
aj-Vnh6Rkj4,depression symptoms,ಡಿಪ್ರೆಶನ್ ಆರಂಭವಾಗೋದು ಹೀಗೆ! ಈ 5 ಸಿಗ್ನಲ್‌ಗಳನ್ನು ನಿರ್ಲಕ್ಷಿಸಬೇಡಿ.| 5 Signs of Depression | Ayyappa Pindi,Ugy7k-dQsh0TAltWXqB4AaABAg,"Loss of intrest, lack of sleep,isolation, low energy 😢",2026-03-04T13:19:36Z
aj-Vnh6Rkj4,depression symptoms,ಡಿಪ್ರೆಶನ್ ಆರಂಭವಾಗೋದು ಹೀಗೆ! ಈ 5 ಸಿಗ್ನಲ್‌ಗಳನ್ನು ನಿರ್ಲಕ್ಷಿಸಬೇಡಿ.| 5 Signs of Depression | Ayyappa Pindi,Ugwfh_hKa6UO9aji07V4AaABAg,All five,2026-03-04T01:21:43Z
aj-Vnh6Rkj4,depression symptoms,ಡಿಪ್ರೆಶನ್ ಆರಂಭವಾಗೋದು ಹೀಗೆ! ಈ 5 ಸಿಗ್ನಲ್‌ಗಳನ್ನು ನಿರ್ಲಕ್ಷಿಸಬೇಡಿ.| 5 Signs of Depression | Ayyappa Pindi,UgxKy8r4HOYT__qmaIZ4AaABAg,All 5sir,2026-03-03T17:29:01Z
aj-Vnh6Rkj4,depression symptoms,ಡಿಪ್ರೆಶನ್ ಆರಂಭವಾಗೋದು ಹೀಗೆ! ಈ 5 ಸಿಗ್ನಲ್‌ಗಳನ್ನು ನಿರ್ಲಕ್ಷಿಸಬೇಡಿ.| 5 Signs of Depression | Ayyappa Pindi,Ugz3fDLbammOM1sJUb14AaABAg,"No sleep properly, loss of interest, gastric issues, dont like to work",2026-03-03T16:36:48Z
aj-Vnh6Rkj4,depression symptoms,ಡಿಪ್ರೆಶನ್ ಆರಂಭವಾಗೋದು ಹೀಗೆ! ಈ 5 ಸಿಗ್ನಲ್‌ಗಳನ್ನು ನಿರ್ಲಕ್ಷಿಸಬೇಡಿ.| 5 Signs of Depression | Ayyappa Pindi,Ugy_ApCRA_Jy7laTzUF4AaABAg,All 5 guruji😢😢,2026-03-03T16:34:21Z
aj-Vnh6Rkj4,depression symptoms,ಡಿಪ್ರೆಶನ್ ಆರಂಭವಾಗೋದು ಹೀಗೆ! ಈ 5 ಸಿಗ್ನಲ್‌ಗಳನ್ನು ನಿರ್ಲಕ್ಷಿಸಬೇಡಿ.| 5 Signs of Depression | Ayyappa Pindi,UgxDeFJfdD-H2XcYzvh4AaABAg,Not interested,2026-03-03T16:32:36Z
aj-Vnh6Rkj4,depression symptoms,ಡಿಪ್ರೆಶನ್ ಆರಂಭವಾಗೋದು ಹೀಗೆ! ಈ 5 ಸಿಗ್ನಲ್‌ಗಳನ್ನು ನಿರ್ಲಕ್ಷಿಸಬೇಡಿ.| 5 Signs of Depression | Ayyappa Pindi,UgwN0nR2_hsiXhO6uER4AaABAg,Low energy 😞,2026-03-03T16:17:04Z
aj-Vnh6Rkj4,depression symptoms,ಡಿಪ್ರೆಶನ್ ಆರಂಭವಾಗೋದು ಹೀಗೆ! ಈ 5 ಸಿಗ್ನಲ್‌ಗಳನ್ನು ನಿರ್ಲಕ್ಷಿಸಬೇಡಿ.| 5 Signs of Depression | Ayyappa Pindi,UgzHTY5zskEXwn9WKI94AaABAg,Kelu omme aganstthe sir,2026-03-03T16:02:47Z
aj-Vnh6Rkj4,depression symptoms,ಡಿಪ್ರೆಶನ್ ಆರಂಭವಾಗೋದು ಹೀಗೆ! ಈ 5 ಸಿಗ್ನಲ್‌ಗಳನ್ನು ನಿರ್ಲಕ್ಷಿಸಬೇಡಿ.| 5 Signs of Depression | Ayyappa Pindi,UgyqIiMV8wHJb2_yfJ94AaABAg,🙏🙏,2026-03-03T15:14:28Z
aj-Vnh6Rkj4,depression symptoms,ಡಿಪ್ರೆಶನ್ ಆರಂಭವಾಗೋದು ಹೀಗೆ! ಈ 5 ಸಿಗ್ನಲ್‌ಗಳನ್ನು ನಿರ್ಲಕ್ಷಿಸಬೇಡಿ.| 5 Signs of Depression | Ayyappa Pindi,UgwKpIHAcGbjaN3iihV4AaABAg,5 symptoms ide guruji.but hege idarinda horage. Barodu  plz tell me guruji,2026-03-03T13:42:06Z
aj-Vnh6Rkj4,depression symptoms,ಡಿಪ್ರೆಶನ್ ಆರಂಭವಾಗೋದು ಹೀಗೆ! ಈ 5 ಸಿಗ್ನಲ್‌ಗಳನ್ನು ನಿರ್ಲಕ್ಷಿಸಬೇಡಿ.| 5 Signs of Depression | Ayyappa Pindi,UgzvQO6W45kowdgVIth4AaABAg,Loss of interest  & sleep patterns,2026-03-03T13:34:22Z
aj-Vnh6Rkj4,depression symptoms,ಡಿಪ್ರೆಶನ್ ಆರಂಭವಾಗೋದು ಹೀಗೆ! ಈ 5 ಸಿಗ್ನಲ್‌ಗಳನ್ನು ನಿರ್ಲಕ್ಷಿಸಬೇಡಿ.| 5 Signs of Depression | Ayyappa Pindi,UgwCBHYBlBto0cGlukF4AaABAg,Thank you sir,2026-03-03T13:32:17Z
SBlY34cgicg,depression symptoms,Depression 😂🤣#shorts #ytshorts #youtubeshorts #funny #comedy #trending #viral #viralvideo #trend,UgxsrSP7IsK0dXT-Cr54AaABAg,Yesehi majedar videos dekhane ke liye video ko like & channel ko subscribe kardena....❤️❤️😇😇😇,2026-03-03T13:22:06Z
SBlY34cgicg,depression symptoms,Depression 😂🤣#shorts #ytshorts #youtubeshorts #funny #comedy #trending #viral #viralvideo #trend,UgzAfObv4x96DS5mXRl4AaABAg,😂😂,2026-03-04T09:15:17Z
SBlY34cgicg,depression symptoms,Depression 😂🤣#shorts #ytshorts #youtubeshorts #funny #comedy #trending #viral #viralvideo #trend,UgycpGhB4RCRnvMhSYd4AaABAg,😂😂😂,2026-03-04T09:15:10Z
SBlY34cgicg,depression symptoms,Depression 😂🤣#shorts #ytshorts #youtubeshorts #funny #comedy #trending #viral #viralvideo #trend,UgyiK-hE6Po2Zrm_8XB4AaABAg,😂😂😂😂😂,2026-03-03T13:24:50Z
SBlY34cgicg,depression symptoms,Depression 😂🤣#shorts #ytshorts #youtubeshorts #funny #comedy #trending #viral #viralvideo #trend,UgzN9kJmSgBB9p78EcB4AaABAg,Pyar ko bhi Laga Lo😅😅😅,2026-03-03T13:22:10Z
4N76RbxlIj8,depression symptoms,Hidden Cause of Depression - Nutrient Deficiency Nobody Talks About l Dr. Cynthia Keller l Ep #417,UgwSlQDAO-78AYNIqet4AaABAg,"nice theory but its not a virus! its DNA plasmids of animal venoms that are causing all kind of symtoms, but you are right with the mineral and vitamin depletion...there is more vit D, magnesium, potassium, b12, Vit C, glutathione etc etc. cause also disregulation of iron metabolism",2026-03-03T19:00:39Z
4N76RbxlIj8,depression symptoms,Hidden Cause of Depression - Nutrient Deficiency Nobody Talks About l Dr. Cynthia Keller l Ep #417,Ugw73VPwSprQzg--nnh4AaABAg,"Great conversation, guys👍",2026-03-03T15:59:50Z
4N76RbxlIj8,depression symptoms,Hidden Cause of Depression - Nutrient Deficiency Nobody Talks About l Dr. Cynthia Keller l Ep #417,UgzNmAlYX94YBzhVen94AaABAg,Love it🔥,2026-03-03T15:59:24Z
RB9RwjUwTzw,depression symptoms,Panic Attack से डर खत्म करने का सबसे आसान तरीका #AnxietyInHindi #Psychology,UgzkmAryj_fS3IRDOmR4AaABAg,Thank you sir🙏🙏,2026-03-06T01:20:13Z
RB9RwjUwTzw,depression symptoms,Panic Attack से डर खत्म करने का सबसे आसान तरीका #AnxietyInHindi #Psychology,Ugy7VdpiB6gYHBQTjRF4AaABAg,Thanku sir❤❤❤❤,2026-03-06T01:11:57Z
RB9RwjUwTzw,depression symptoms,Panic Attack से डर खत्म करने का सबसे आसान तरीका #AnxietyInHindi #Psychology,Ugzg0L71I217BLGYl2B4AaABAg,❤,2026-03-05T07:49:00Z
RB9RwjUwTzw,depression symptoms,Panic Attack से डर खत्म करने का सबसे आसान तरीका #AnxietyInHindi #Psychology,UgzNcEoqdMPIboWjWPR4AaABAg,Khtarnak h,2026-03-05T07:46:56Z
RB9RwjUwTzw,depression symptoms,Panic Attack से डर खत्म करने का सबसे आसान तरीका #AnxietyInHindi #Psychology,Ugw2JiDsmgIY0o47EBR4AaABAg,Thanks for sharing useful information 🎉,2026-03-05T04:32:33Z
RB9RwjUwTzw,depression symptoms,Panic Attack से डर खत्म करने का सबसे आसान तरीका #AnxietyInHindi #Psychology,UgxMELOeYv2q8AiZiPl4AaABAg,Tq sir jii,2026-03-05T01:37:12Z
RB9RwjUwTzw,depression symptoms,Panic Attack से डर खत्म करने का सबसे आसान तरीका #AnxietyInHindi #Psychology,UgzsFSwhv_kRifhe0RR4AaABAg,Kon medical hai sir mai luga,2026-03-04T17:58:44Z
RB9RwjUwTzw,depression symptoms,Panic Attack से डर खत्म करने का सबसे आसान तरीका #AnxietyInHindi #Psychology,Ugz02KpDAuoqb6gYaal4AaABAg,Happy holi doctor 🎉,2026-03-04T16:45:41Z
RB9RwjUwTzw,depression symptoms,Panic Attack से डर खत्म करने का सबसे आसान तरीका #AnxietyInHindi #Psychology,UgyJFCsVEtss0sP0I9F4AaABAg,Nice,2026-03-04T08:23:32Z
RB9RwjUwTzw,depression symptoms,Panic Attack से डर खत्म करने का सबसे आसान तरीका #AnxietyInHindi #Psychology,UgxyeReRWdL3DPu30xd4AaABAg,Itna aasan nahi hota h,2026-03-04T07:28:04Z
RB9RwjUwTzw,depression symptoms,Panic Attack से डर खत्म करने का सबसे आसान तरीका #AnxietyInHindi #Psychology,Ugxr4_dOohsbBZYX0op4AaABAg,❤,2026-03-03T19:42:30Z
RB9RwjUwTzw,depression symptoms,Panic Attack से डर खत्म करने का सबसे आसान तरीका #AnxietyInHindi #Psychology,UgxnnfslHLG50H5gwDB4AaABAg,🙏🙏🙏🙏🙏❤️😇,2026-03-03T19:26:02Z
RB9RwjUwTzw,depression symptoms,Panic Attack से डर खत्म करने का सबसे आसान तरीका #AnxietyInHindi #Psychology,Ugyu8pbzDz2UlYehtRV4AaABAg,सर जी नमस्ते 🙏 मै खुद एक डॉक्टर हू! लेकीन आपकी इस व्हिडिओ से मुझे बहुत फायदा हुवा है. थैंक्स. अजीब सी फिजिकल प्रॉब्लम से गुजर रही थी की आपला ये व्हिडिओ आ गया. मन शांत हो गया. 🎉थैंक्स,2026-03-03T17:55:35Z
RB9RwjUwTzw,depression symptoms,Panic Attack से डर खत्म करने का सबसे आसान तरीका #AnxietyInHindi #Psychology,UgyL8Mq0MNjKLb6CYwt4AaABAg,Wah sir aap ka thanks kaise karu aap k jwab nhi hai,2026-03-03T17:40:49Z
RB9RwjUwTzw,depression symptoms,Panic Attack से डर खत्म करने का सबसे आसान तरीका #AnxietyInHindi #Psychology,UgyRyyYZmpcMXFDcnWt4AaABAg,Upay bataye sir ji,2026-03-03T16:51:21Z
RB9RwjUwTzw,depression symptoms,Panic Attack से डर खत्म करने का सबसे आसान तरीका #AnxietyInHindi #Psychology,Ugy5g9pXEVOHKq4rDdl4AaABAg,Sir 😊 mere sath aise hai hota. Hi,2026-03-03T16:50:10Z
RB9RwjUwTzw,depression symptoms,Panic Attack से डर खत्म करने का सबसे आसान तरीका #AnxietyInHindi #Psychology,UgzEcE7GsmxYftlzMAd4AaABAg,🙏🏻🙏🏻👍👍👍,2026-03-03T16:29:02Z
RB9RwjUwTzw,depression symptoms,Panic Attack से डर खत्म करने का सबसे आसान तरीका #AnxietyInHindi #Psychology,UgxZ5hyJ4PmS0Zhrzmd4AaABAg,Sir.  I love to watch your videos daily.  Excellent ✌️,2026-03-03T16:18:43Z
RB9RwjUwTzw,depression symptoms,Panic Attack से डर खत्म करने का सबसे आसान तरीका #AnxietyInHindi #Psychology,UgyMvwj6lIRrxZYsJVd4AaABAg,🙏,2026-03-03T15:40:10Z
RB9RwjUwTzw,depression symptoms,Panic Attack से डर खत्म करने का सबसे आसान तरीका #AnxietyInHindi #Psychology,UgxZ3ZvAHuD8ka0k9Kt4AaABAg,Sar mujhe dar jaisa lagta hai FIR acidity bahut jyada banti hai Koi saral upay bataiye exercise bataiye Koi dava bataiye doctor sahab reply jarur dijiye😢😢😢😢😢😢😢😢😢,2026-03-03T15:19:09Z
RB9RwjUwTzw,depression symptoms,Panic Attack से डर खत्म करने का सबसे आसान तरीका #AnxietyInHindi #Psychology,UgxBX7WHXmn0ThkmWrR4AaABAg,Sir baat thik h apki pr dimag ko control Krna asan nhi h.,2026-03-03T13:37:26Z
RB9RwjUwTzw,depression symptoms,Panic Attack से डर खत्म करने का सबसे आसान तरीका #AnxietyInHindi #Psychology,UgwueBfPzGnRsdWDxmB4AaABAg,Sir anxiety me jo saririk lakshan kese thik kare,2026-03-03T13:21:02Z
RB9RwjUwTzw,depression symptoms,Panic Attack से डर खत्म करने का सबसे आसान तरीका #AnxietyInHindi #Psychology,UgzjtR0k_TLk5j4bOP94AaABAg,🙏🙏👍,2026-03-03T13:17:51Z
RB9RwjUwTzw,depression symptoms,Panic Attack से डर खत्म करने का सबसे आसान तरीका #AnxietyInHindi #Psychology,UgyDKL1vbkcq0QTaPZx4AaABAg,Yes sir,2026-03-03T13:15:30Z
R7-lAfI1gJM,depression symptoms,How to Navigate Depression: Practical Steps from a Registered Nurse,UgxH1wRos2tXpqyq7z54AaABAg,"​I am so glad you found this video. 🤍 As a nurse, I see so many people struggling in silence, but there is a practical path forward. 
Which of these steps felt most achievable for you today?",2026-03-03T11:33:00Z
ZTr5U6sD9fw,depression symptoms,डिप्रेशन से राहत सिर्फ 7 दिनों में | Depression Relief Guided Meditation | Depression cure in Hindi,UgzaapT21Mm45V32FUl4AaABAg,"अगर यह Session अच्छा लगा तो कमेंट में लिखें: ""I am feeling relaxed!"" या अपनी feeling शेयर करें। हमें आपके अनुभव सुनना अच्छा लगेगा। ✌
साथ ही हमारी Soulful Seven Series के साथ हर दिन अपने मन और शरीर को शांति प्रदान करें। इस Playlist को फॉलो करें और हर दिन के लिए एक dedicated meditation session का आनंद लें।
Full playlist: https://www.youtube.com/playlist?list=PLIlCuodmgLr_bQRCEVqiJDoe1zUSSv_H_",2026-03-03T12:30:17Z
ZTr5U6sD9fw,depression symptoms,डिप्रेशन से राहत सिर्फ 7 दिनों में | Depression Relief Guided Meditation | Depression cure in Hindi,Ugzuu_-uzwF0_DMdEMF4AaABAg,❤❤❤❤❤ rat din sirf comedy serial dekho depression and anxiety ko bhagao. Negative patterns ko todo,2026-03-05T06:12:07Z
ZTr5U6sD9fw,depression symptoms,डिप्रेशन से राहत सिर्फ 7 दिनों में | Depression Relief Guided Meditation | Depression cure in Hindi,UgwHDxPi6_M21pX7t414AaABAg,Very relevant experience through this video ❤,2026-03-03T15:49:28Z
E8mX60XGX4s,depression symptoms,Depression&#39;s Hidden Symptoms Revealed,UgxpanmK_1QVI_JAavx4AaABAg,Give credit to scishow. This should just receive a copyright strike actually,2026-03-03T05:07:38Z
xeD5l_AfbQQ,depression symptoms,Walk Away Depression: Your Free Daily Prescription #shorts,UgxdD31GO8G4qad4SWB4AaABAg,"A dog helps too, it gets you outside multiple times a day and you get to take care of something which helps me personally take care of myself ❤",2026-03-03T10:51:11Z
cAblJgBb604,depression symptoms,The Christian View with Dr. Trudy: Depression 101,Ugx6Dp90OAyfVUWtDjt4AaABAg,"Thank you friend Dr. Trudy!!!!!!! Truth and blessings I speak and pray upon you and over you, continue blessings on you!!!!!!!! AMEN 🙏🤲👐🙌👏💯🌈🌺🌷🌹🥀✨💖♥❤🤎💜💙🤍💟❣💕💓💗✝🛐",2026-03-03T00:31:03Z
usnScmUMS0I,depression symptoms,Depression with Psychotic Symptoms #mentalhealthawareness #mentalillness #depression,Ugx6gVM07WrdqMnl_JB4AaABAg,Well explained,2026-03-03T00:43:06Z
vZuBCSR-gi0,depression symptoms,CIBO e DEPRESSIONE,UgyT5O0-1iRjGyjkNPF4AaABAg,❤,2026-03-04T07:36:48Z
vZuBCSR-gi0,depression symptoms,CIBO e DEPRESSIONE,Ugws14nILstvetbNVrB4AaABAg,Brava DC,2026-03-02T19:42:38Z
8YxoRffIjL0,depression symptoms,Depression doesn’t Discriminate. #inicet #psychiatry #mentalhealth #nimhans,UgzKdqj0BOSkZNXm20R4AaABAg,"Yes, It is curable. With doctors like you at the forefront, it becomes easy for the patients. Keep on working hard towards the right cause.",2026-03-03T20:10:14Z
AEKb5cjEntE,depression symptoms,Postpartum depression is a serious but treatable condition affecting many mothers after childbirth.,Ugwyw9a_ZAhETGBK1kR4AaABAg,❤,2026-03-03T05:14:40Z
DSdC0MgdTns,depression symptoms,Antidepressants or Perimenopause? Know the Difference,UgwTS-Dtwapw4FUbead4AaABAg,wish i could smile n feel better like she does.. i been struggling for over 5yrs now.😢,2026-03-04T17:56:40Z
DSdC0MgdTns,depression symptoms,Antidepressants or Perimenopause? Know the Difference,Ugycs3ZzWt2NmUxF4xt4AaABAg,"Look at that lady, she wears her confidence on her sleeve.

Am happy to be amongst the ranks .💃",2026-03-03T06:07:34Z
DSdC0MgdTns,depression symptoms,Antidepressants or Perimenopause? Know the Difference,UgyDz9-WUt1IwhUpqth4AaABAg,Me thrice……..,2026-03-03T01:47:29Z
DSdC0MgdTns,depression symptoms,Antidepressants or Perimenopause? Know the Difference,UgwiC3EmnuHXLSisLXl4AaABAg,Thank you for the information,2026-03-02T23:12:23Z
DSdC0MgdTns,depression symptoms,Antidepressants or Perimenopause? Know the Difference,UgxTYzFxBxCZHxB-WdR4AaABAg,Same here!,2026-03-02T21:24:53Z
DSdC0MgdTns,depression symptoms,Antidepressants or Perimenopause? Know the Difference,UgxKW1jDjlsbOnWr86l4AaABAg,Proud of you❤,2026-03-02T20:22:49Z
DSdC0MgdTns,depression symptoms,Antidepressants or Perimenopause? Know the Difference,UgypoZotBIoNuv6U7Fd4AaABAg,Ditto on the antidepressants. I said no.,2026-03-02T19:33:53Z
DSdC0MgdTns,depression symptoms,Antidepressants or Perimenopause? Know the Difference,UgyFavb1hbRrEshCyK94AaABAg,It seems so crazy that it’s ok for women to go through all of this without it being treated like a medical condition and needing help for it. Plus the every month roller coaster. We’ve really just been roughing it a long time,2026-03-02T17:26:55Z
DSdC0MgdTns,depression symptoms,Antidepressants or Perimenopause? Know the Difference,UgzMmzcOQ2Fwc48cB8t4AaABAg,So how to differentiate between depression and perimenopause??? If you r 40 something and feeling down and you are already under a lot of stress in your life why should it just be perimenopause???,2026-03-02T14:46:52Z
DSdC0MgdTns,depression symptoms,Antidepressants or Perimenopause? Know the Difference,Ugyfo5iJcoNxpdj1cyt4AaABAg,😢 I have a new doctor’s appointment on the sixth. My doctors refused to treat me like I’m seeking drugs. I’m 49 and it’s my thyroid. The symptoms are too much to even explain. You are empowering women. Thank you! 🙏🏻🫡,2026-03-02T14:09:20Z
DSdC0MgdTns,depression symptoms,Antidepressants or Perimenopause? Know the Difference,UgzFjf8X6QYtgrWxdVl4AaABAg,"Me too
And when they didn’t work a another was added.",2026-03-02T14:00:40Z
1YW5YSxF3U0,depression symptoms,"Endorphin की कमी के खतरनाक संकेत |  Depression, Body Pain, Stress",UgwG656mQAkIJvlFjDt4AaABAg,Thanku sir❤❤❤❤❤,2026-03-05T13:41:40Z
1YW5YSxF3U0,depression symptoms,"Endorphin की कमी के खतरनाक संकेत |  Depression, Body Pain, Stress",Ugw0gZHMtrKc73C6DCl4AaABAg,Sir. Excellent tips.,2026-03-03T05:10:03Z
1YW5YSxF3U0,depression symptoms,"Endorphin की कमी के खतरनाक संकेत |  Depression, Body Pain, Stress",Ugy0BsZI9E6ySyvDUt14AaABAg,❤❤,2026-03-03T04:28:41Z
1YW5YSxF3U0,depression symptoms,"Endorphin की कमी के खतरनाक संकेत |  Depression, Body Pain, Stress",UgwXiD8pe0nYLfz1jUV4AaABAg,🌈,2026-03-02T15:47:23Z
1YW5YSxF3U0,depression symptoms,"Endorphin की कमी के खतरनाक संकेत |  Depression, Body Pain, Stress",UgyTuxFkn9Bp6ZXWT1V4AaABAg,Kya test se ye deficiency pata ki ja sakti he?,2026-03-02T15:37:21Z
1YW5YSxF3U0,depression symptoms,"Endorphin की कमी के खतरनाक संकेत |  Depression, Body Pain, Stress",Ugxw3xvwiOEYi1QRChV4AaABAg,Sir mare mind hardam bewaja parshan karta hai,2026-03-02T13:13:00Z
Gmgrid8Cytc,depression symptoms,डिप्रेशन हो सकता है 🌼 depression treatment #drchanchalpal #shorts #depression symptom hindi fatigue,UgxV3ou5TNF4IC2pExt4AaABAg,Mam aapka video bahut motivation karta hai main jarur aapka pass dikhaunga,2026-03-04T09:05:35Z
Gmgrid8Cytc,depression symptoms,डिप्रेशन हो सकता है 🌼 depression treatment #drchanchalpal #shorts #depression symptom hindi fatigue,UgwZhRvg_Yjm2raMRMl4AaABAg,🐌 ji Mam 🙂,2026-03-02T09:13:25Z
kuv4bLy766s,depression symptoms,Estrogen Deficiency Symptoms,Ugxy5Cowu8YfuuMf5HF4AaABAg,😊❤,2026-03-02T06:59:36Z
Bqtqb7P9s4M,depression symptoms,Depression- theory# for gnm/anm/ bsc nursing students and @#compitative exam,Ugy74QedzfRH8hnlyXh4AaABAg,❤,2026-03-02T08:57:36Z
8icMwnQmw_k,depression symptoms,Ketogenic Diet and Mitochondrial Function in Depression,Ugz2GKPETNOukVbjR8B4AaABAg,"Is this some sort of stolen content or like... How the absolute hell do you not have a lot more subscribers?!?
This is some of the best medicine content i've ever seen!",2026-03-03T01:22:44Z
8icMwnQmw_k,depression symptoms,Ketogenic Diet and Mitochondrial Function in Depression,UgzGWDUrJyASpeveLOl4AaABAg,❤,2026-03-02T15:58:18Z
hOX_8srGoPg,depression symptoms,"डिप्रेशन (depression)? इसे कैसे पहचाने,/क्यों होता है,व इलाज कैसे करें!",Ugx9MQJLWyyYpalOr8l4AaABAg,6/9   1st and 2nd present..I am 19 yrs old aspirant,2026-03-05T16:34:31Z
hOX_8srGoPg,depression symptoms,"डिप्रेशन (depression)? इसे कैसे पहचाने,/क्यों होता है,व इलाज कैसे करें!",Ugw3kFJKB-7s6OJGvpJ4AaABAg,😢😢😢 thik kaise kaise thik hoga sir😢😢 please...,2026-03-05T16:10:05Z
hOX_8srGoPg,depression symptoms,"डिप्रेशन (depression)? इसे कैसे पहचाने,/क्यों होता है,व इलाज कैसे करें!",UgyOPiBZ0vm5bQmD4Jt4AaABAg,Sir aap k Adress,2026-03-05T10:16:24Z
hOX_8srGoPg,depression symptoms,"डिप्रेशन (depression)? इसे कैसे पहचाने,/क्यों होता है,व इलाज कैसे करें!",UgxwUxL6bmnGmZuT90t4AaABAg,Mere me 8 hai 😅,2026-03-05T09:26:11Z
hOX_8srGoPg,depression symptoms,"डिप्रेशन (depression)? इसे कैसे पहचाने,/क्यों होता है,व इलाज कैसे करें!",UgwC2f5oKqWidICpDpV4AaABAg,Thik keise hota he,2026-03-05T05:34:15Z
hOX_8srGoPg,depression symptoms,"डिप्रेशन (depression)? इसे कैसे पहचाने,/क्यों होता है,व इलाज कैसे करें!",UgxldGEqSKDnO9siEgx4AaABAg,Right,2026-03-05T05:33:50Z
hOX_8srGoPg,depression symptoms,"डिप्रेशन (depression)? इसे कैसे पहचाने,/क्यों होता है,व इलाज कैसे करें!",Ugy8jwFcl3sCxxjlhiV4AaABAg,Dhanyawad sir 🎉🎉🎉,2026-03-04T15:02:05Z
hOX_8srGoPg,depression symptoms,"डिप्रेशन (depression)? इसे कैसे पहचाने,/क्यों होता है,व इलाज कैसे करें!",Ugz-9EhLLwTGo6mJD2J4AaABAg,Very nice,2026-03-04T13:01:45Z
hOX_8srGoPg,depression symptoms,"डिप्रेशन (depression)? इसे कैसे पहचाने,/क्यों होता है,व इलाज कैसे करें!",UgzgXkwM2Xhfz_IFo_J4AaABAg,Aap kaha se bol rahe hai dr sahab,2026-03-04T05:51:33Z
hOX_8srGoPg,depression symptoms,"डिप्रेशन (depression)? इसे कैसे पहचाने,/क्यों होता है,व इलाज कैसे करें!",UgzOZDvn768EkShmHdx4AaABAg,🅅🄴🅁🅈 🄽🄸🄲🄴,2026-03-03T12:48:49Z
hOX_8srGoPg,depression symptoms,"डिप्रेशन (depression)? इसे कैसे पहचाने,/क्यों होता है,व इलाज कैसे करें!",Ugz2DdUyYXBKm_bPntV4AaABAg,❤❤❤❤,2026-03-03T05:02:52Z
hOX_8srGoPg,depression symptoms,"डिप्रेशन (depression)? इसे कैसे पहचाने,/क्यों होता है,व इलाज कैसे करें!",Ugxdh1tub1v3C1qy-4x4AaABAg,Very nice👏👏👏,2026-03-03T05:01:38Z
hOX_8srGoPg,depression symptoms,"डिप्रेशन (depression)? इसे कैसे पहचाने,/क्यों होता है,व इलाज कैसे करें!",Ugyi-wKJSgilVBLVVMx4AaABAg,❤❤❤❤😢,2026-03-02T17:10:42Z
hOX_8srGoPg,depression symptoms,"डिप्रेशन (depression)? इसे कैसे पहचाने,/क्यों होता है,व इलाज कैसे करें!",Ugy9RG65yWsay5zu9wl4AaABAg,❤❤❤❤❤,2026-03-02T17:03:38Z
hOX_8srGoPg,depression symptoms,"डिप्रेशन (depression)? इसे कैसे पहचाने,/क्यों होता है,व इलाज कैसे करें!",Ugy986Z2Im23a66k3It4AaABAg,Thanks 🎉❤❤,2026-03-02T16:54:23Z
hOX_8srGoPg,depression symptoms,"डिप्रेशन (depression)? इसे कैसे पहचाने,/क्यों होता है,व इलाज कैसे करें!",UgyW3PBdvbSTVzt4f0V4AaABAg,❤❤❤❤❤❤❤,2026-03-02T16:45:11Z
hOX_8srGoPg,depression symptoms,"डिप्रेशन (depression)? इसे कैसे पहचाने,/क्यों होता है,व इलाज कैसे करें!",UgzjjH5vMtE2MegSTmR4AaABAg,Nice sir ji,2026-03-02T16:00:03Z
hOX_8srGoPg,depression symptoms,"डिप्रेशन (depression)? इसे कैसे पहचाने,/क्यों होता है,व इलाज कैसे करें!",Ugzpl5jY3VA_TrLIbn94AaABAg,Nice🎉🎉❤❤,2026-03-02T15:44:30Z
hOX_8srGoPg,depression symptoms,"डिप्रेशन (depression)? इसे कैसे पहचाने,/क्यों होता है,व इलाज कैसे करें!",UgwsbnYPf-BgJClaVaF4AaABAg,❤❤❤❤❤,2026-03-02T14:34:39Z
hOX_8srGoPg,depression symptoms,"डिप्रेशन (depression)? इसे कैसे पहचाने,/क्यों होता है,व इलाज कैसे करें!",Ugzh_fzZJta7SPGURf14AaABAg,Nice sir ❤❤❤❤🙏🙏🙏,2026-03-02T14:33:08Z
hOX_8srGoPg,depression symptoms,"डिप्रेशन (depression)? इसे कैसे पहचाने,/क्यों होता है,व इलाज कैसे करें!",Ugwdfqs1usL6-66mB3J4AaABAg,🎉🎉🎉🎉🎉🎉🎉🎉 really very nice explanation sir really very nice,2026-03-02T10:02:11Z
hOX_8srGoPg,depression symptoms,"डिप्रेशन (depression)? इसे कैसे पहचाने,/क्यों होता है,व इलाज कैसे करें!",Ugww9cOkdgnprXaqLaB4AaABAg,Bilkul sahi Bhaiya🫡💯,2026-03-02T03:06:28Z
hOX_8srGoPg,depression symptoms,"डिप्रेशन (depression)? इसे कैसे पहचाने,/क्यों होता है,व इलाज कैसे करें!",UgwOUp4OPomHo9xAxhl4AaABAg,Thank you sar 🎉🎉🎉❤❤❤,2026-03-01T17:23:20Z
hOX_8srGoPg,depression symptoms,"डिप्रेशन (depression)? इसे कैसे पहचाने,/क्यों होता है,व इलाज कैसे करें!",UgzF_CeWZCnHu5GSlGN4AaABAg,Dr sahab ❤❤🙏🙏,2026-03-01T17:04:55Z
hOX_8srGoPg,depression symptoms,"डिप्रेशन (depression)? इसे कैसे पहचाने,/क्यों होता है,व इलाज कैसे करें!",UgzrOxdxmZOYquzJbyB4AaABAg,❤❤❤❤❤,2026-03-01T16:02:27Z
hOX_8srGoPg,depression symptoms,"डिप्रेशन (depression)? इसे कैसे पहचाने,/क्यों होता है,व इलाज कैसे करें!",UgwNCatbuuSh3diF30t4AaABAg,❤❤❤❤❤❤❤❤❤❤❤❤,2026-03-01T15:58:11Z
hOX_8srGoPg,depression symptoms,"डिप्रेशन (depression)? इसे कैसे पहचाने,/क्यों होता है,व इलाज कैसे करें!",UgwmlHHyKl4ibPcvUUR4AaABAg,Thank you Sir ji 🎉🎉,2026-03-01T15:30:20Z
hOX_8srGoPg,depression symptoms,"डिप्रेशन (depression)? इसे कैसे पहचाने,/क्यों होता है,व इलाज कैसे करें!",UgykncocqGAWpxgO3Y54AaABAg,Nice,2026-03-01T15:13:28Z
hOX_8srGoPg,depression symptoms,"डिप्रेशन (depression)? इसे कैसे पहचाने,/क्यों होता है,व इलाज कैसे करें!",UgwFr_HewwMQZcHHrB54AaABAg,Nice sir ❤❤🎉🎉,2026-03-01T15:06:15Z
hOX_8srGoPg,depression symptoms,"डिप्रेशन (depression)? इसे कैसे पहचाने,/क्यों होता है,व इलाज कैसे करें!",UgwvYojw14BqS-o9uCt4AaABAg,बहुत अच्छी जानकारी दी है सर आपने आपको बहुत बहुत धन्यवाद,2026-03-01T15:05:18Z
hOX_8srGoPg,depression symptoms,"डिप्रेशन (depression)? इसे कैसे पहचाने,/क्यों होता है,व इलाज कैसे करें!",UgzxtuY8nhBFMwLIOhN4AaABAg,Achchhi jankari,2026-03-01T15:04:24Z
hOX_8srGoPg,depression symptoms,"डिप्रेशन (depression)? इसे कैसे पहचाने,/क्यों होता है,व इलाज कैसे करें!",Ugy83T769G-NhDVT5tl4AaABAg,❤️❤️❤️,2026-03-01T15:01:39Z
hOX_8srGoPg,depression symptoms,"डिप्रेशन (depression)? इसे कैसे पहचाने,/क्यों होता है,व इलाज कैसे करें!",UgyUaKQbCJ_slzzyP-14AaABAg,🎉🎉🎉🎉🎉,2026-03-01T14:57:19Z
hOX_8srGoPg,depression symptoms,"डिप्रेशन (depression)? इसे कैसे पहचाने,/क्यों होता है,व इलाज कैसे करें!",UgyQrqnfHeKyqqHRX-J4AaABAg,Achhi jankari di aapne ....thanks sir,2026-03-01T14:55:43Z
hOX_8srGoPg,depression symptoms,"डिप्रेशन (depression)? इसे कैसे पहचाने,/क्यों होता है,व इलाज कैसे करें!",UgyyQ65b7gAsV7Kkze54AaABAg,Dhanyawad sir 🎉🎉🎉,2026-03-01T14:50:51Z
hOX_8srGoPg,depression symptoms,"डिप्रेशन (depression)? इसे कैसे पहचाने,/क्यों होता है,व इलाज कैसे करें!",UgyCY1kLrETC5eWDriB4AaABAg,Nice sir🎉,2026-03-01T14:40:23Z
hOX_8srGoPg,depression symptoms,"डिप्रेशन (depression)? इसे कैसे पहचाने,/क्यों होता है,व इलाज कैसे करें!",Ugxk7r6cADeB8_HMU-V4AaABAg,❤❤❤,2026-03-01T14:34:28Z
SsALEgP2SkQ,depression symptoms,“Depression Awareness: What It Is &amp; How It Affects Us”,UgyswKVuwcMmbztKfkt4AaABAg,Well explained ... Jazakillah for spreading awareness 😊,2026-03-01T17:26:34Z
SsALEgP2SkQ,depression symptoms,“Depression Awareness: What It Is &amp; How It Affects Us”,Ugw2EuhOi2UIEUwjUCh4AaABAg,Good awareness,2026-03-01T16:34:55Z
SsALEgP2SkQ,depression symptoms,“Depression Awareness: What It Is &amp; How It Affects Us”,UgxXiIX_g_79cm4K_7J4AaABAg,🙌,2026-03-01T16:34:42Z
SsALEgP2SkQ,depression symptoms,“Depression Awareness: What It Is &amp; How It Affects Us”,UgxQDRTBUDlp2hLKLmd4AaABAg,اس کا تفصیلی حل بھی بتائیں پلیز نیکسٹ ویڈیو میں,2026-03-01T14:39:31Z
SsALEgP2SkQ,depression symptoms,“Depression Awareness: What It Is &amp; How It Affects Us”,UgxUToSCGdPA8MZkl1J4AaABAg,Depression ko log seriously nhi latay but thanks for spreading the awareness,2026-03-01T14:17:11Z
SsALEgP2SkQ,depression symptoms,“Depression Awareness: What It Is &amp; How It Affects Us”,Ugx5WQsLBVWhSVIYvV54AaABAg,Yes depression ki awareness zarori hai,2026-03-01T13:50:31Z
KlA1ReRDVSs,depression symptoms,うつ病の最大の特徴は症状に波があること,UgzvDydGizZyXQeahbp4AaABAg,"人間関係が、原因で、前の職場をやめました。
今は、転職して、数ヶ月しか経ってないですが、症状は落ち着いています。

周りの環境の大切さを認識しました。

ただ、仕事については、違う分野に転職したので、一から始めることが多く、キャパオーバーになりがちで、帰ってきてからは、ぐったりしています。そのことを、主治医に話したら、今はそういう時期かもしれませんと言われたので、安心しました。",2026-03-02T03:14:42Z
KlA1ReRDVSs,depression symptoms,うつ病の最大の特徴は症状に波があること,UgwqR-UBjJ--2BCHOrF4AaABAg,夫見たらわかります！波あります！今元気だがね2時間後は寝てます❗大方寝てます❗,2026-03-01T18:00:46Z
KlA1ReRDVSs,depression symptoms,うつ病の最大の特徴は症状に波があること,UgzEM5u3w_Th2vHa3mF4AaABAg,夫見たら波あります！確かに目がうつろ❗😮,2026-03-01T17:59:35Z
KlA1ReRDVSs,depression symptoms,うつ病の最大の特徴は症状に波があること,Ugx3aC4OyigAosx3TLR4AaABAg,夫見たら波あります！確かに目がうつろ❗😮,2026-03-01T17:59:17Z
KlA1ReRDVSs,depression symptoms,うつ病の最大の特徴は症状に波があること,UgwGh6p97SAHwCkpgdl4AaABAg,"芳賀先生
うつ病院てす
とても辛いです💦",2026-03-01T16:23:08Z
KlA1ReRDVSs,depression symptoms,うつ病の最大の特徴は症状に波があること,UgxfntqqaMP9ZCuNcnl4AaABAg,フリップ文字が切れていて読めない,2026-03-01T15:51:27Z
KlA1ReRDVSs,depression symptoms,うつ病の最大の特徴は症状に波があること,UgzSRuSJ9ZElBX8lqIB4AaABAg,"先生、22時にも動画配信してくださってありがとうございます。ラスト19時だと次の配信まで時間が空きすぎます。

22時目安で睡眠をとります。

最近は18時の配信が特に助かっています。夕方に不穏な気分に落ち込まずに済みます。

おやすみなさい😌😌😌",2026-03-01T13:23:08Z
KlA1ReRDVSs,depression symptoms,うつ病の最大の特徴は症状に波があること,UgxID6EcEBv2SYjqY914AaABAg,私は、一日に波があります、真ん中の横線の上で、波の時は、少し楽です、線の下の時は鬱病の症状が出るので、頓服薬や、三度のクスリを飲んで食欲ない時は、水分補給をしています。😢,2026-03-01T13:18:51Z
KlA1ReRDVSs,depression symptoms,うつ病の最大の特徴は症状に波があること,UgxZapsycOYNBOEDuuF4AaABAg,いち早く病院行ったけど、うつ病見つけてもらえず、重度になってから別な病院で見つけてもらいました。医師にもよりますね。,2026-03-01T13:15:28Z
XPAuKsE_1YQ,therapy for depression,#shortvideo #liebe  #leben #youtube  #depression #therapy  #badenwürttemberg #fypシ #germany #blog,Ugywgo_IkCqbygPOpAx4AaABAg,"Ich glaube dir, dass es mit Behinderung und Krankheit nicht so einfach ist",2026-03-05T21:10:29Z
GArV5cjAhZU,therapy for depression,Can Keto Outperform Mediterranean for Mental Health?,Ugz_7JQoQqUn6THXgOB4AaABAg,Mood  rides with blood sugar.  Of course Mediterranean won''t  win.,2026-03-05T23:02:29Z
GArV5cjAhZU,therapy for depression,Can Keto Outperform Mediterranean for Mental Health?,UgzjekvHEOz-ydd5Wip4AaABAg,Very interesting,2026-03-05T22:05:15Z
GArV5cjAhZU,therapy for depression,Can Keto Outperform Mediterranean for Mental Health?,Ugx-wK8vfczOHiHiBnR4AaABAg,"Yep, it's definitely an individual approach",2026-03-05T20:15:24Z
3NFe1q2fzlU,therapy for depression,Gesichtsmassage gegen schlechte Laune? So lösen Sie verspannte Gesichtsmuskeln,UgweWSMAxBX_thGf-nF4AaABAg,Wunderbar Dankeschön 🙏😍,2026-03-05T21:24:13Z
3NFe1q2fzlU,therapy for depression,Gesichtsmassage gegen schlechte Laune? So lösen Sie verspannte Gesichtsmuskeln,Ugyh_xvxvou2ro-vINR4AaABAg,"Vielleicht die Übungen erst mal bei sich selbst erfolgreich anwenden, bevor man anderen Ratschläge gibt",2026-03-05T21:14:39Z
3NFe1q2fzlU,therapy for depression,Gesichtsmassage gegen schlechte Laune? So lösen Sie verspannte Gesichtsmuskeln,Ugwo96i7dlJp-edHrPl4AaABAg,"Sie sind einfach eine coole, liebenswürdige Person! ❤❤❤",2026-03-05T20:55:09Z
3NFe1q2fzlU,therapy for depression,Gesichtsmassage gegen schlechte Laune? So lösen Sie verspannte Gesichtsmuskeln,UgxLgRqLqmV_k5C9Pcp4AaABAg,"Schon beim zusehen macht es mir gute Laune!❤
Hab ein Abo da gelassen weil ihre Anwendungen und Erklärungen sehr hilfreich und interessant sind!
Vielen lieben Dank 💖",2026-03-05T20:24:55Z
3NFe1q2fzlU,therapy for depression,Gesichtsmassage gegen schlechte Laune? So lösen Sie verspannte Gesichtsmuskeln,UgyeUjB4yOKfyhcvqF94AaABAg,Top! mit Selbsthilfe!,2026-03-05T19:56:48Z
3NFe1q2fzlU,therapy for depression,Gesichtsmassage gegen schlechte Laune? So lösen Sie verspannte Gesichtsmuskeln,UgxlCvbAYEkhOElkvNR4AaABAg,Trifft das auch bei ptbs zu?,2026-03-05T19:43:04Z
3NFe1q2fzlU,therapy for depression,Gesichtsmassage gegen schlechte Laune? So lösen Sie verspannte Gesichtsmuskeln,UgwQQ16Xpr0ZtyUpqVF4AaABAg,Bezaubernd! 🥰 Danke schön!,2026-03-05T19:38:55Z
3NFe1q2fzlU,therapy for depression,Gesichtsmassage gegen schlechte Laune? So lösen Sie verspannte Gesichtsmuskeln,UgxWToXMsDg0Wtgo6Il4AaABAg,"Sensationell! Mit praktischen Anwendungen, wie gehabt! Danke, dass Sie das so freimütig mit uns teilen!",2026-03-05T19:22:35Z
3NFe1q2fzlU,therapy for depression,Gesichtsmassage gegen schlechte Laune? So lösen Sie verspannte Gesichtsmuskeln,UgyXAWN9Xc4STS15G_t4AaABAg,Die Übungen machen wirklich gute Laune! Dankeschön :o)),2026-03-05T19:21:02Z
tJTQC-BQJ_4,therapy for depression,DEPRESSÃO EXISTE — e Ter Coragem de Admitir é o Primeiro Passo,Ugz6osduj0UuXHcNMPB4AaABAg,Se precisar  conversar  estou sempre aqui meu irmão,2026-03-05T17:24:46Z
nHzRq8r9ASw,therapy for depression,"Falling into Sleep Instantly • Healing Stress, Anxiety, Depression, Insomnia Relief Therapy",UgxuaAmvcT300IbiX4t4AaABAg,"Falling into Sleep Instantly • Healing Stress, Anxiety, Depression, Insomnia Relief Therapy",2026-03-05T15:03:25Z
LK5qo0iFrC4,therapy for depression,Can TMS therapy actually FIX your life?,UgziE8AyX1BMEcFPW594AaABAg,"Don't know what you're going through friend but they're is a poem, not from the Bible,  but highly recognized.  ""Foot Prints in the Sand."" Just hold tight to Jesus and you're family. ( Plenty of more stars to shoot for )! 😊",2026-03-05T23:44:30Z
NZhxgm2YAtY,therapy for depression,"Psychologist Reveals Why Depression, ADHD &amp; Divorce Are Rising in India | Damini Grover | CU-49",Ugwtldsj-FtImHIpsD14AaABAg,Good 🎉,2026-03-05T17:40:32Z
8SQ5lUp0whY,therapy for depression,Go to the description 👉️🧡 #mentalhealth #depression #therapy #japanese #livingabroad,UgxjsVkqWpu5eFNL0HJ4AaABAg,"Es wird besser werden. Stück für Stück. Mach einfach Dinge, die dir gut tun. Auch wenn es nur Kleinigkeiten sind. Dinge die dich zum Schmunzeln bringen. Immer einen Fuß vor den anderen.
Irgendwann schaust du zurück und kannst Stolz auf dich sein, dass du es geschafft hast. Denn du wirst es schaffen. Ich drücke beide Daumen.
🙏🌻🦋👍😊👋",2026-03-05T17:52:38Z
8SQ5lUp0whY,therapy for depression,Go to the description 👉️🧡 #mentalhealth #depression #therapy #japanese #livingabroad,UgwOL8YPD61UEPg9UIl4AaABAg,Germany can be depressing as hell. Happy that you found something good here.,2026-03-05T15:17:17Z
xd35AW3qObw,therapy for depression,When Therapy Goes Wrong #mentalhealth #depression #wellbeing #shorts #shortvideo,UgxIVfWaCjXr0WszFZJ4AaABAg,"My first therapist when I tried to transition in 2013 was really awful. I don't want to go into detail, but it was actually worse than what you're dealing with. I got traumatized into pretending to be normal again by my therapist, and by my family at the same time.",2026-03-05T22:44:37Z
xd35AW3qObw,therapy for depression,When Therapy Goes Wrong #mentalhealth #depression #wellbeing #shorts #shortvideo,Ugz39RSxCn2bWGheat94AaABAg,"I'm sorry to hear your session didn't go well, sweetheart 🫂❤",2026-03-05T18:24:20Z
xd35AW3qObw,therapy for depression,When Therapy Goes Wrong #mentalhealth #depression #wellbeing #shorts #shortvideo,UgyujyrqQ5_QWr4ZPDd4AaABAg,"I'm sorry you are going through this, especially with a professional.  Hang in there, kiddo.  You'll end up with someone you're meant to. -- Constance",2026-03-05T18:09:11Z
xd35AW3qObw,therapy for depression,When Therapy Goes Wrong #mentalhealth #depression #wellbeing #shorts #shortvideo,UgwizQkvRt7EJlLOzp54AaABAg,"What keeps you here? Could be a neutral, legit question to help, though the energy and tone can definitely tell something else, yeah. May not be a mentally healthy professional otherwise.",2026-03-05T10:40:15Z
wKLAB2D_dBw,therapy for depression,24 Ghanta Depression Me Rehta Hoon 🤦‍♂️😂 #shorts #comedy,UgzGQUPkUEBLNibsO-54AaABAg,Hard hard video 😂😂,2026-03-05T08:00:28Z
wKLAB2D_dBw,therapy for depression,24 Ghanta Depression Me Rehta Hoon 🤦‍♂️😂 #shorts #comedy,Ugx9Po2SJcfnMpnQvm54AaABAg,Ye kon saa depression hai Bhai😂😂,2026-03-05T08:00:12Z
wKLAB2D_dBw,therapy for depression,24 Ghanta Depression Me Rehta Hoon 🤦‍♂️😂 #shorts #comedy,UgxmmZq6QAE3ioEmJTl4AaABAg,Bhut khatarnak log hai yarr 😂😂,2026-03-05T07:55:18Z
wKLAB2D_dBw,therapy for depression,24 Ghanta Depression Me Rehta Hoon 🤦‍♂️😂 #shorts #comedy,UgyLWDKcb0p4tYx_DKh4AaABAg,Itna bhi depression thik nhi hai Bhai😂😂😂,2026-03-05T07:54:50Z
wKLAB2D_dBw,therapy for depression,24 Ghanta Depression Me Rehta Hoon 🤦‍♂️😂 #shorts #comedy,Ugxtxb9Tsdn-SvhPRGt4AaABAg,Depression se achha mar jao tab achha hai 😅😂,2026-03-05T07:40:28Z
wKLAB2D_dBw,therapy for depression,24 Ghanta Depression Me Rehta Hoon 🤦‍♂️😂 #shorts #comedy,UgwH8-lR3fNXXXDDoiB4AaABAg,😅😅,2026-03-05T07:40:07Z
vJatlJY5jEY,therapy for depression,"[Rx] Fix Depression | Pierre-Auguste Renoir&#39;s Soul | 528Hz | Sleep Music, Healing, 4K, Deep Rest",UgyuVnj9a2p-xonT6o14AaABAg,"🕯️ **Anticipating the Calm.**
The weekend is in sight, but your body needs a reboot now. 
Don't wait for a collapse. Recharge your focus with our curated healing frequencies.

🌐 **Sound Pharm Hub (Full 7-hour Healing):** 
https://www.youtube.com/channel/UCCpcx2g3znjuSxLsr22S6hw",2026-03-05T00:29:54Z
4pWbZtfFIYo,therapy for depression,This is my Depression Therapy!,UgwIP9zf_vjNDNs849V4AaABAg,Lol and r u ok?,2026-03-05T19:58:13Z
4pWbZtfFIYo,therapy for depression,This is my Depression Therapy!,Ugy9zbJcRaTWeagJTAp4AaABAg,"I agree, totally valid",2026-03-04T23:28:16Z
4pWbZtfFIYo,therapy for depression,This is my Depression Therapy!,UgxS7Cy3hRKMev_bd_J4AaABAg,"Gotta watch kids swear, it's not great but it's funny. Also those babies do be cute.",2026-03-04T20:11:10Z
wFgo2aI2PSk,therapy for depression,Can Psychedelics Cure Depression? | What’s Up Docs?,UgwvCLSYC8wpkYznfhV4AaABAg,'10 years of therapy in one afternoon'.,2026-03-05T19:16:21Z
oHMaTgZ_Ag4,therapy for depression,"Epictetus: Born a Slave, Now 100 Million Use His Therapy Method",UgySl7MRBPC_dvVfOB54AaABAg,He was black at least what you call black,2026-03-04T22:27:56Z
qQxpE9vw8vg,therapy for depression,Psilocybin Therapy for Depression Can Be Both Healing and Destabilizing | Heather Joy,UgxUaFVwhUNKOLSu-hd4AaABAg,"Thank you Heather. As you'd agree, the future of this field depends on making space for the full spectrum of experiences, not just the success stories. Nuance is not a threat to progress. It’s what makes progress responsible.",2026-03-04T17:04:22Z
qQxpE9vw8vg,therapy for depression,Psilocybin Therapy for Depression Can Be Both Healing and Destabilizing | Heather Joy,UgyzZuxuQd1q6okUHpl4AaABAg,Have you seen experiences like this discussed openly enough in the field? What do you think helps people navigate the destabilizing parts safely?,2026-03-04T17:02:49Z
v0QTgftd6Hs,therapy for depression,Manage Diabetes &amp; Depression Naturally with This Healing Process💯| Dr. Puran Sharma,UgzjUYxqYxk1dfSkUdJ4AaABAg,Thank you sir,2026-03-05T16:30:59Z
v0QTgftd6Hs,therapy for depression,Manage Diabetes &amp; Depression Naturally with This Healing Process💯| Dr. Puran Sharma,Ugyf-WuqdCMMumVMG754AaABAg,गुरु को प्रणाम आप जन जन तक को सरल से सरल तरीका से समझा रहे हैं आपको बहुत बहुत धन्यवाद सभी सुनने वालो को सभी देखने वालों को बहुत बहुत धन्यवाद पृकृति बृह्माण्ड सब को धन्यवाद,2026-03-05T16:28:46Z
v0QTgftd6Hs,therapy for depression,Manage Diabetes &amp; Depression Naturally with This Healing Process💯| Dr. Puran Sharma,Ugz2KGpjYoixeJGxWy14AaABAg,"Good morning doctor i saw you video about chargin water ,and i wanna know this   can i use a little bottle of water and charge her energy without opening",2026-03-05T14:34:24Z
v0QTgftd6Hs,therapy for depression,Manage Diabetes &amp; Depression Naturally with This Healing Process💯| Dr. Puran Sharma,UgzgDAdCZMTW0TJUMIN4AaABAg,"प्रणाम सर जी
डर, चिंता को हटाने के लिए कौनसा उपाय करे?? कृपया बताए, धन्यवाद जी",2026-03-04T15:27:08Z
v0QTgftd6Hs,therapy for depression,Manage Diabetes &amp; Depression Naturally with This Healing Process💯| Dr. Puran Sharma,Ugxx3gevD_GRaoWMMa94AaABAg,सरकारी किस श्रिंक किडनी ठीक हो सकती है और डायलिसिस धीरे धीरे बंद हो सकता है अगर हां तो आप डिस्टेंस हीलिंग देकर इसे ठीक कर सकते हैं और इसके क्या क्या चार्ज हैं,2026-03-04T13:34:59Z
v0QTgftd6Hs,therapy for depression,Manage Diabetes &amp; Depression Naturally with This Healing Process💯| Dr. Puran Sharma,UgzOL16XksC_CFSc2Ud4AaABAg,थैंक यू सर🙏,2026-03-04T13:29:50Z
OxpCSQAfWNQ,therapy for depression,High-functioning depression is real. And most people miss it. #psychcare  #mentalhealthtalks,UgwoFDELcjqjnj29BgV4AaABAg,Hmm!,2026-03-04T22:54:10Z
76oSazDinNw,therapy for depression,A Therapist Explains Emotional Numbness #depression #anxiety #relationship,UgxnZJ02rW9AIh9U8oB4AaABAg,TY for sharing the symptoms.,2026-03-03T21:37:29Z
76oSazDinNw,therapy for depression,A Therapist Explains Emotional Numbness #depression #anxiety #relationship,UgxYCdP8v2fzZav--uF4AaABAg,I’m kinda liking this numbness,2026-03-03T20:50:25Z
sGZESQibmR4,therapy for depression,What is acceptance and commitment therapy?,Ugzx_8vRTaZdy6FTi4V4AaABAg,Have you tried this therapy before?,2026-03-03T20:10:39Z
PKkB839Vz3Q,therapy for depression,depression therapy #depressionmotivation #finestlecturer #inspirational #JBbroadcastchannel,Ugzor0AuimtBb5i6RO94AaABAg,❤,2026-03-04T07:27:40Z
PKkB839Vz3Q,therapy for depression,depression therapy #depressionmotivation #finestlecturer #inspirational #JBbroadcastchannel,UgyYvWxtTpILOXvnjLx4AaABAg,I won't give up,2026-03-03T20:21:17Z
dHhU4f7fF_g,therapy for depression,Depression: 5 Things You Must Avoid (Protect Your Mental Health),Ugymgj53W2QmQvBDMER4AaABAg,No need music,2026-03-04T20:29:36Z
L7b7bLVGb_w,therapy for depression,La persona depresiva es una persona .Gabriel Rolón:,UgwDEjiZrvNGbGG1Jo14AaABAg,Like.,2026-03-03T09:25:22Z
FyLntEkq_pE,therapy for depression,The 10-Minute Treatment for Depression? New DMT Study Results!,Ugwl7sTo71HNnwKFnpB4AaABAg,What if the subject is already on an antidepressant? Do they have to be off of them before treatment?(if this makes it through trials and is approved),2026-03-02T16:38:13Z
LPTW2VCIA4s,therapy for depression,"(No Ads) Deep Relaxation Therapy • Healing Of Stress, Anxiety, Depressive • Stop Overthinking",Ugw-siW9pH3rQfKKNul4AaABAg,"Whoever you are, wherever you are, I’m wishing you calm and strength. Even if you feel lost, life still has beautiful surprises ahead. Trust yourself — you are much more capable than you think.",2026-03-04T06:54:35Z
LPTW2VCIA4s,therapy for depression,"(No Ads) Deep Relaxation Therapy • Healing Of Stress, Anxiety, Depressive • Stop Overthinking",UgzCNGRaGRedtHEi8sx4AaABAg,"If I start snoring, it's the music's fault, not mine. 😂",2026-03-03T14:32:51Z
czBfmPbtcN8,therapy for depression,#projectsekai #pjsk #vent #depression #familyissues #therapy,UgxqbrNrTXWIul30Is54AaABAg,Like is that not your own fault…,2026-03-01T20:24:00Z
DJ0fTicPhKk,therapy for depression,Types of Depression #mentalhealthawarenes #mentalillness #thestigma #motivation #delusionaldisorder,UgySeuJ7uK_SlRU6ysN4AaABAg,Very helpful,2026-03-01T14:19:40Z
mNNLXnEB_Ik,therapy for depression,Depression की पावरफुल दवा । Desvenlafaxine and clonazepam tablet,UgyZ0Q3ew-UQFzHB2_B4AaABAg,V nice Sir ❤❤,2026-03-02T11:14:48Z
mNNLXnEB_Ik,therapy for depression,Depression की पावरफुल दवा । Desvenlafaxine and clonazepam tablet,UgxKtsxIN4YEiPzgJ3F4AaABAg,Nic,2026-03-01T12:44:23Z
JCFfTYVRTp8,therapy for depression,Why We Need More Than Positive Thoughts   #depression #teen,Ugzl-mMeBVRFfKi4nmp4AaABAg,"As promised, here are my links to the science-backed tools for better sleep, energy, and clarity that worked for me. Should you choose to use them, I will receive a small reward at no cost to you. 

1 - RESURGE is the first and only anti-aging nutritional support formula designed to help naturally improve deep sleep and reverse metabolic slowdown and premature aging in both women and men. https://shorturl.at/KdfMm 

2 - CHRONOBOOST is an incredible supplement made up of a group of essential sleep, energy and memory-supporting antioxidants, minerals, vitamins and herbs, based on decades of nutritional space science and on hundreds of years of traditional Maori herbal wisdom. https://shorturl.at/ySgym 

3 - VIVOGUT is a unique formula with 14 carefully selected nutrients, herbs, and minerals carefully chosen to support gut health. https://shorturl.at/XaPt1 

Until the next video... Keep learning. Keep growing. Keep thriving.

DISCLAIMER
In order to bring these stories to life, I use AI tools to create the photorealistic visuals you see here. Some of them look awesome while others look awful, but it helps me create a more immersive experience for you. Having said that, just because the scenes are AI-generated doesn't mean that the heart of the channel isn't all about real wellness. It is. 

Deeper Dudes is here to share insights and start conversations about men’s health, but we are not doctors. This content is for information and entertainment purposes, so PLEASE always speak with a healthcare professional before making any big changes to your health routine.",2026-02-24T23:33:30Z
JCFfTYVRTp8,therapy for depression,Why We Need More Than Positive Thoughts   #depression #teen,Ugwk7TA0VlVcdgEketl4AaABAg,Depression is not one-dimensional. It definitely requires a multi-phased strategy and approach,2026-03-01T18:03:55Z
JCFfTYVRTp8,therapy for depression,Why We Need More Than Positive Thoughts   #depression #teen,UgzSkmC4zXZzxSrsED54AaABAg,Thank you so much for this. I needed it. Some of it was a reminder. Some of it was new to me. I'm going to use a few things almost instantly.,2026-03-01T12:35:38Z
gCwStuI79Ho,therapy for depression,Understanding Depression | Psychiatric Care &amp; Treatment Options | OPMHS,Ugxy_gYZq5LyFbJm9hF4AaABAg,"This is such an important reminder that depression is a real medical condition and not just a temporary mood. Access to professional psychiatric care, therapy, and innovative treatment options can truly make a difference for people who are struggling. Sharing clear information and crisis resources helps reduce stigma and encourages people to seek support when they need it.
#MentalHealthAwareness #DepressionSupport #MentalHealthCare #EndTheStigma #Hope",2026-03-02T08:11:23Z
wzQzoQw7XMQ,therapy for depression,क्या सच में…Depression सिर्फ Chemical Imbalance नहीं है. दिमाग की नई सच्चाई #depression #anxiety,UgwMA-hBZ0NAalT7Il54AaABAg,https://youtu.be/nmp9X0gvb9A,2026-03-01T09:08:33Z
nSyNDD6ISJY,therapy for depression,विदेशों में लोग गाय को गले लगाने के लिए पैसे दे रहे हैं? 😳 | Cow Cuddling Therapy Explained,Ugx8zbpaHIT9kQHZl7R4AaABAg,❤❤❤❤❤ kintu tobuo ader mare khay,2026-03-05T11:58:48Z
nSyNDD6ISJY,therapy for depression,विदेशों में लोग गाय को गले लगाने के लिए पैसे दे रहे हैं? 😳 | Cow Cuddling Therapy Explained,UgyIt20l0oKMkhRioUN4AaABAg,Aor musalman ishko kha jate hai  sanatan dharam acha hai,2026-03-02T18:43:45Z
nSyNDD6ISJY,therapy for depression,विदेशों में लोग गाय को गले लगाने के लिए पैसे दे रहे हैं? 😳 | Cow Cuddling Therapy Explained,UgwR-z7TVxGrHgNtyOF4AaABAg,Or hamare yha kch log inhe slaughter house le jate h 😢,2026-03-02T04:25:27Z
nSyNDD6ISJY,therapy for depression,विदेशों में लोग गाय को गले लगाने के लिए पैसे दे रहे हैं? 😳 | Cow Cuddling Therapy Explained,UgxTftgaBdpA1ewWZat4AaABAg,🥰😊🙏,2026-03-01T13:15:19Z
nSyNDD6ISJY,therapy for depression,विदेशों में लोग गाय को गले लगाने के लिए पैसे दे रहे हैं? 😳 | Cow Cuddling Therapy Explained,UgxlbrPjHQTAaLDAqfB4AaABAg,Cow is our Gomatha ise gale lagana Bhagwan ko gale lagane ke barabar hai. Jai Sri Krishna,2026-03-01T10:05:57Z
nSyNDD6ISJY,therapy for depression,विदेशों में लोग गाय को गले लगाने के लिए पैसे दे रहे हैं? 😳 | Cow Cuddling Therapy Explained,UgwoZF7-mEJlTZSVrN14AaABAg,is jersey gaaye ke nahi desi gau mata ke paise de rahe hain,2026-03-01T09:30:14Z
nSyNDD6ISJY,therapy for depression,विदेशों में लोग गाय को गले लगाने के लिए पैसे दे रहे हैं? 😳 | Cow Cuddling Therapy Explained,Ugw4hY9PvA5wnpLsB-Z4AaABAg,HAR....RAM....NAM....🙏🙏🪔🪔,2026-03-01T09:10:58Z
hzQSDwrwAMI,therapy for depression,"सिर्फ Headphone लगाओ और Depression, Anxiety, मोटापा गायब! 😱 Marc Therapy का कमाल",UgzLAu66SgHFLlaolPV4AaABAg,sir therepy kese sun sakte hai,2026-03-01T07:14:38Z
bZ5fj7ifo_4,therapy for depression,The Good News: Treating Late-Life Depression,UgxiOGP1nYWNEtPkLPF4AaABAg,Very important topic ❤,2026-03-01T10:45:13Z
bZ5fj7ifo_4,therapy for depression,The Good News: Treating Late-Life Depression,UgytSHWePE6qBvOP4A94AaABAg,Be happy 😁,2026-03-01T10:38:51Z
bZ5fj7ifo_4,therapy for depression,The Good News: Treating Late-Life Depression,UgynZq9rmWBxIe0GQER4AaABAg,Agreed 👍🏻,2026-03-01T10:35:41Z
bZ5fj7ifo_4,therapy for depression,The Good News: Treating Late-Life Depression,UgxSfcFZ20D0E06XRSZ4AaABAg,"Please read and understand Quran, it's complete solutions for all depression and other things ✌🏻",2026-03-01T10:28:46Z
Knor3TLYk2I,therapy for depression,When Antidepressants Fail: The Truth About Treatment-Resistant Depression TRD,UgwY6H1yhy1waaCrlsR4AaABAg,What’s been your biggest personal win when it comes to your own healing and life transformation ? 🎉,2026-03-01T05:12:57Z
-dAtz9aeRjQ,therapy for depression,"Cognitive Distortions।Wrong Thinking ।सोचने के गलत तरीके।That causes Depression,stress,anxiety#viral",UgwsowTzcJRc-cHvDBl4AaABAg,👌🏻👌🏻,2026-03-02T17:01:28Z
-dAtz9aeRjQ,therapy for depression,"Cognitive Distortions।Wrong Thinking ।सोचने के गलत तरीके।That causes Depression,stress,anxiety#viral",UgyXZZxJJpXdvqZ_6o54AaABAg,👌🏻👌🏻,2026-03-02T16:55:44Z
-dAtz9aeRjQ,therapy for depression,"Cognitive Distortions।Wrong Thinking ।सोचने के गलत तरीके।That causes Depression,stress,anxiety#viral",Ugwob4pLtra7-9MnnrJ4AaABAg,Great Di 👍,2026-03-01T10:03:37Z
-dAtz9aeRjQ,therapy for depression,"Cognitive Distortions।Wrong Thinking ।सोचने के गलत तरीके।That causes Depression,stress,anxiety#viral",UgxqYfve0cRAPm5t8wZ4AaABAg,🙌🙌,2026-03-01T07:48:16Z
-dAtz9aeRjQ,therapy for depression,"Cognitive Distortions।Wrong Thinking ।सोचने के गलत तरीके।That causes Depression,stress,anxiety#viral",UgzR3lvz0qSZNepFvsJ4AaABAg,👍,2026-03-01T06:20:22Z
-dAtz9aeRjQ,therapy for depression,"Cognitive Distortions।Wrong Thinking ।सोचने के गलत तरीके।That causes Depression,stress,anxiety#viral",UgzoyCYNGWjnFln6SNB4AaABAg,Very informative ❤❤,2026-03-01T06:07:23Z
-dAtz9aeRjQ,therapy for depression,"Cognitive Distortions।Wrong Thinking ।सोचने के गलत तरीके।That causes Depression,stress,anxiety#viral",UgxxgXGcOt6uefzOtP94AaABAg,👍,2026-03-01T05:47:03Z
-dAtz9aeRjQ,therapy for depression,"Cognitive Distortions।Wrong Thinking ।सोचने के गलत तरीके।That causes Depression,stress,anxiety#viral",UgyJRlUxbK7ClkOpMD94AaABAg,बहुत बहुत बढ़िया दी💐💐💐🙏🙏🙏very informative,2026-03-01T04:41:28Z
-dAtz9aeRjQ,therapy for depression,"Cognitive Distortions।Wrong Thinking ।सोचने के गलत तरीके।That causes Depression,stress,anxiety#viral",UgyhjfDffJlnI4E0wwJ4AaABAg,🙏🏻🙏🏻,2026-03-01T04:28:56Z
-dAtz9aeRjQ,therapy for depression,"Cognitive Distortions।Wrong Thinking ।सोचने के गलत तरीके।That causes Depression,stress,anxiety#viral",Ugwk7Sd-QlSFP4Fb2pV4AaABAg,Very informative ❤,2026-03-01T02:54:49Z
ZD2KsXvo80g,therapy for depression,#shortvideo #liebe #leben #youtube #depression #therapy #austria #fypシ #germany,UgwG4H04J0_3RwQNkvJ4AaABAg,Alles Gute für Dich,2026-03-02T09:55:27Z
ZD2KsXvo80g,therapy for depression,#shortvideo #liebe #leben #youtube #depression #therapy #austria #fypシ #germany,Ugx6RkiMObZTn6PXOah4AaABAg,Ich wünsche dir nur das Beste,2026-02-28T23:42:11Z
ZD2KsXvo80g,therapy for depression,#shortvideo #liebe #leben #youtube #depression #therapy #austria #fypシ #germany,UgzLwkqIr42CvyFd55R4AaABAg,Warum bist traurig 😢,2026-02-28T23:41:44Z
2EjoW9JRRds,therapy for depression,Marvin Gaye’s Silent Battle 💔 The Truth Behind the Legend #depression #selflove #mindset #therapy,UgzFizo_ty6GqTNtL1Z4AaABAg,Your not alone Marvin no way would I of thought he did this but we know especially Marvin most of these performers do have hard lives . The successful ones. Jeeez 🙂‍↕️,2026-03-04T16:21:08Z
2EjoW9JRRds,therapy for depression,Marvin Gaye’s Silent Battle 💔 The Truth Behind the Legend #depression #selflove #mindset #therapy,Ugx-1E7Lb5Nw2-4wDil4AaABAg,"What would Marvin say today...like lennons' death,mlk,jfk,rfk...immeasurable loss to the world of kindness",2026-03-04T05:24:53Z
2EjoW9JRRds,therapy for depression,Marvin Gaye’s Silent Battle 💔 The Truth Behind the Legend #depression #selflove #mindset #therapy,Ugx_ofjzKWsKh4ffftF4AaABAg,Be careful who you give your heart to.... Give your heart to God...he knows what to do with it...,2026-03-04T02:52:06Z
2EjoW9JRRds,therapy for depression,Marvin Gaye’s Silent Battle 💔 The Truth Behind the Legend #depression #selflove #mindset #therapy,UgyY0i2dhfhe2csaQCl4AaABAg,And women absolutely loved him and were obsessed with him. He had the world and look... Find peace in life...find life in peace...,2026-03-04T02:49:47Z
2EjoW9JRRds,therapy for depression,Marvin Gaye’s Silent Battle 💔 The Truth Behind the Legend #depression #selflove #mindset #therapy,UgxxNLg0GmqJs2NFgeB4AaABAg,"All of a sudden these statements coming out of what our great peopke said, bit never was heard before..dont be easily deceived, I really dont think that's him saying that, we should have seen this many years ago",2026-03-03T12:43:09Z
2EjoW9JRRds,therapy for depression,Marvin Gaye’s Silent Battle 💔 The Truth Behind the Legend #depression #selflove #mindset #therapy,Ugwgpq7ODV6LYdN3BXV4AaABAg,I feel him 💯‼️,2026-03-03T02:01:29Z
2EjoW9JRRds,therapy for depression,Marvin Gaye’s Silent Battle 💔 The Truth Behind the Legend #depression #selflove #mindset #therapy,Ugy6-SGDjCCoh-HvFL14AaABAg,RIP.. 🕊️🙏,2026-03-03T00:19:07Z
2EjoW9JRRds,therapy for depression,Marvin Gaye’s Silent Battle 💔 The Truth Behind the Legend #depression #selflove #mindset #therapy,Ugy5IS-cZis72DnvcK14AaABAg,😢,2026-03-02T17:25:02Z
2EjoW9JRRds,therapy for depression,Marvin Gaye’s Silent Battle 💔 The Truth Behind the Legend #depression #selflove #mindset #therapy,Ugx20yu3j4FtwRU579N4AaABAg,"I ain't NEVA heard him talk I thot dis SH💩T was A-I 🤖,Lol 4rl 🤦🏿‍♂️
Dats CRZY his Talkin voice sound NUTTIN lyk his singin Voice ...dats WILD ,it's Beautiful da Music he left 👏🏿👨🏿🟥⬛🟩🕊️ Rest EZY ,U FLYIN wit da ANCESTORZ NOW✊🏿 ASE' 💯",2026-03-02T09:05:19Z
2EjoW9JRRds,therapy for depression,Marvin Gaye’s Silent Battle 💔 The Truth Behind the Legend #depression #selflove #mindset #therapy,Ugwk-2wm0lb8pH08WiJ4AaABAg,Rih MG Amen 🙏🙏🙏,2026-03-02T00:11:23Z
2EjoW9JRRds,therapy for depression,Marvin Gaye’s Silent Battle 💔 The Truth Behind the Legend #depression #selflove #mindset #therapy,UgyN1Z2pJAEFS0eRiex4AaABAg,"What a crying shame. This is so crazy for someone so Loved, and Talented. But our environment and experiences has a way of turning us into people who Destroy Self.😢🎉🎉🎉",2026-03-01T20:04:42Z
2EjoW9JRRds,therapy for depression,Marvin Gaye’s Silent Battle 💔 The Truth Behind the Legend #depression #selflove #mindset #therapy,UgwL5d-KqrjBO_TNRjp4AaABAg,"the overall point to this video is 
DONT DO COKE fml",2026-03-01T14:43:35Z
2EjoW9JRRds,therapy for depression,Marvin Gaye’s Silent Battle 💔 The Truth Behind the Legend #depression #selflove #mindset #therapy,Ugyu1GFSu0930lEqMll4AaABAg,Beautiful man,2026-03-01T11:42:04Z
2EjoW9JRRds,therapy for depression,Marvin Gaye’s Silent Battle 💔 The Truth Behind the Legend #depression #selflove #mindset #therapy,UgysVpTQS-UsdMwXlPR4AaABAg,A person is only depressed because they talk it into their lives.,2026-03-01T09:53:37Z
2EjoW9JRRds,therapy for depression,Marvin Gaye’s Silent Battle 💔 The Truth Behind the Legend #depression #selflove #mindset #therapy,UgwEdYMk5o_GT3brw3l4AaABAg,Sounds like a cocaine rollercoaster to me,2026-03-01T09:17:14Z
vitLAwKFO-M,therapy for depression,How William James Cured His Depression With One Mind Hack,UgxALlRRWjSHZGOSPmd4AaABAg,"Whether you think you can, or you think you can't—you're right,"" 

It’s all a matter of your mindset",2026-03-01T05:16:18Z
